test_site_name,segment_id,height,species_code,profile_category,profile_category_name,crown_class,crown_class_name,test_set_flag
A,71,21.56,1,1.0,Single tree,B,dominant,2
A,95,22.86,3,4.0,Tree section,E,roadside,2
A,96,20.6,3,1.0,Single tree,E,roadside,1
A,104,24.03,3,1.0,Single tree,B,dominant,1
A,105,22.69,3,1.0,Single tree,A,isolated,2
A,237,20.48,5,3.1,Many trees of many species,C,co-dominant,0
A,253,14.35,1,1.0,Single tree,C,co-dominant,1
A,255,13.92,8,1.0,Single tree,E,roadside,1
A,259,8.04,4,1.0,Single tree,A,isolated,1
A,274,21.42,3,1.0,Single tree,C,co-dominant,1
A,285,16.87,1,3.1,Many trees of many species,D,smaller tree next to larger tree,1
A,287,19.48,5,3.1,Many trees of many species,C,co-dominant,1
A,288,22.04,3,1.0,Single tree,E,roadside,1
A,289,20.09,3,1.0,Single tree,E,roadside,1
A,321,21.33,3,1.0,Single tree,E,roadside,1
A,345,14.31,4,1.0,Single tree,E,roadside,1
A,356,18.75,2,1.0,Single tree,D,smaller tree next to larger tree,0
A,358,7.61,4,3.1,Many trees of many species,A,isolated,2
A,381,19.35,3,1.0,Single tree,E,roadside,0
A,384,22.66,3,1.0,Single tree,C,co-dominant,2
A,385,20.15,9,3.1,Many trees of many species,C,co-dominant,2
A,392,11.01,1,1.0,Single tree,E,roadside,1
A,395,17.42,3,4.0,Tree section,E,roadside,0
A,409,14.49,5,1.0,Single tree,C,co-dominant,1
A,410,15.54,5,2.0,Large tree with undergrowth,B,dominant,1
A,430,19.35,9,3.0,Many trees of the same species,B,dominant,1
A,431,13.3,5,1.0,Single tree,B,dominant,1
A,449,14.05,1,1.0,Single tree,C,co-dominant,1
A,450,16.58,2,1.0,Single tree,B,dominant,2
A,460,20.79,3,1.0,Single tree,B,dominant,1
A,463,9.49,4,1.0,Single tree,E,roadside,1
A,464,22.62,3,1.0,Single tree,C,co-dominant,1
A,475,23.08,1,1.0,Single tree,C,co-dominant,1
A,490,12.5,1,1.0,Single tree,C,co-dominant,2
A,498,18.5,3,1.0,Single tree,E,roadside,1
A,499,19.25,9,3.1,Many trees of many species,C,co-dominant,1
A,512,24.15,3,1.0,Single tree,B,dominant,1
A,528,11.24,4,1.0,Single tree,E,roadside,0
A,531,10.3,4,1.0,Single tree,E,roadside,1
A,541,17.98,2,1.0,Single tree,C,co-dominant,1
A,545,21.7,3,3.1,Many trees of many species,C,co-dominant,0
A,546,22.98,3,1.0,Single tree,B,dominant,2
A,556,11.79,1,2.0,Large tree with undergrowth,E,roadside,1
A,574,9.58,4,1.0,Single tree,E,roadside,1
A,580,27.0,2,1.0,Single tree,B,dominant,1
A,583,17.43,1,2.0,Large tree with undergrowth,B,dominant,2
A,593,19.14,3,1.0,Single tree,E,roadside,0
A,595,13.12,4,3.0,Many trees of the same species,C,co-dominant,2
A,619,12.78,1,2.0,Large tree with undergrowth,E,roadside,2
A,620,11.32,1,2.0,Large tree with undergrowth,E,roadside,2
A,623,8.86,4,1.0,Single tree,E,roadside,1
A,641,12.67,5,3.0,Many trees of the same species,C,co-dominant,1
A,657,9.7,4,1.0,Single tree,E,roadside,1
A,658,13.13,4,1.0,Single tree,C,co-dominant,2
A,678,10.13,5,1.0,Single tree,C,co-dominant,0
A,681,9.05,4,1.0,Single tree,B,dominant,1
A,683,12.39,8,1.0,Single tree,E,roadside,1
A,692,10.92,1,1.0,Single tree,C,co-dominant,2
A,696,12.38,1,1.0,Single tree,C,co-dominant,1
A,699,11.98,5,1.0,Single tree,C,co-dominant,2
A,700,18.37,9,1.0,Single tree,C,co-dominant,0
A,707,15.93,2,1.0,Single tree,C,co-dominant,1
A,726,21.9,5,2.0,Large tree with undergrowth,A,isolated,1
A,727,9.84,5,1.0,Single tree,B,dominant,1
A,742,8.66,4,4.0,Tree section,E,roadside,1
A,746,13.32,8,1.0,Single tree,E,roadside,2
A,747,8.83,4,1.0,Single tree,E,roadside,1
A,757,16.09,2,1.0,Single tree,B,dominant,0
A,762,16.32,1,2.0,Large tree with undergrowth,A,isolated,2
A,764,7.19,4,1.0,Single tree,E,roadside,2
A,765,9.08,4,1.0,Single tree,E,roadside,1
A,781,19.08,5,3.0,Many trees of the same species,B,dominant,1
A,790,8.56,4,4.0,Tree section,E,roadside,1
A,792,10.9,5,3.0,Many trees of the same species,B,dominant,1
A,802,16.11,1,3.1,Many trees of many species,C,co-dominant,1
A,836,24.76,1,2.0,Large tree with undergrowth,A,isolated,2
A,837,8.68,4,4.0,Tree section,E,roadside,1
A,855,7.5,4,1.0,Single tree,C,co-dominant,1
A,858,16.41,5,1.0,Single tree,C,co-dominant,1
A,859,6.98,6,3.1,Many trees of many species,C,co-dominant,0
A,879,12.44,4,1.0,Single tree,E,roadside,1
A,880,8.19,4,1.0,Single tree,E,roadside,0
A,881,13.31,9,1.0,Single tree,C,co-dominant,0
A,882,13.31,9,3.1,Many trees of many species,C,co-dominant,1
A,910,19.96,3,3.1,Many trees of many species,B,dominant,1
A,930,13.58,9,1.0,Single tree,C,co-dominant,1
A,938,14.87,1,1.0,Single tree,C,co-dominant,1
A,948,21.25,3,1.0,Single tree,C,co-dominant,1
A,949,14.93,3,1.0,Single tree,B,dominant,0
A,952,20.22,4,3.1,Many trees of many species,C,co-dominant,0
A,953,14.35,5,3.0,Many trees of the same species,C,co-dominant,2
A,954,10.91,5,3.1,Many trees of many species,C,co-dominant,0
A,969,10.99,8,1.0,Single tree,E,roadside,1
A,972,10.42,4,1.0,Single tree,B,dominant,0
A,981,7.95,4,1.0,Single tree,E,roadside,1
A,989,13.85,1,1.0,Single tree,C,co-dominant,1
A,993,19.16,5,3.0,Many trees of the same species,B,dominant,1
A,995,13.07,9,1.0,Single tree,C,co-dominant,0
A,1000,21.39,2,1.0,Single tree,B,dominant,1
A,1005,14.52,1,2.0,Large tree with undergrowth,C,co-dominant,0
A,1006,22.59,1,1.0,Single tree,B,dominant,1
A,1011,14.21,5,1.0,Single tree,C,co-dominant,2
A,1024,16.34,1,1.0,Single tree,B,dominant,1
A,1030,22.23,3,1.0,Single tree,B,dominant,1
A,1033,12.79,9,1.0,Single tree,C,co-dominant,1
A,1047,12.51,1,1.0,Single tree,C,co-dominant,1
A,1051,11.15,9,1.0,Single tree,C,co-dominant,1
A,1055,14.64,1,2.0,Large tree with undergrowth,C,co-dominant,2
A,1056,23.29,1,1.0,Single tree,A,isolated,2
A,1059,20.78,3,3.1,Many trees of many species,B,dominant,2
A,1060,16.56,1,1.0,Single tree,C,co-dominant,2
A,1070,15.36,3,1.0,Single tree,C,co-dominant,0
A,1073,11.87,4,4.0,Tree section,E,roadside,2
A,1077,16.53,1,3.1,Many trees of many species,A,isolated,0
A,1090,14.99,1,1.0,Single tree,C,co-dominant,1
A,1091,15.7,3,2.0,Large tree with undergrowth,B,dominant,2
A,1094,21.36,1,3.1,Many trees of many species,B,dominant,1
A,1095,8.59,4,1.0,Single tree,E,roadside,1
A,1099,15.47,1,1.0,Single tree,C,co-dominant,1
A,1106,16.03,1,1.0,Single tree,C,co-dominant,0
A,1114,14.09,5,1.0,Single tree,C,co-dominant,1
A,1127,17.92,2,1.0,Single tree,C,co-dominant,1
A,1128,11.98,4,4.0,Tree section,E,roadside,2
A,1132,9.97,6,1.0,Single tree,E,roadside,0
A,1140,16.27,1,1.0,Single tree,C,co-dominant,1
A,1142,22.12,3,3.1,Many trees of many species,B,dominant,2
A,1143,18.47,3,3.1,Many trees of many species,C,co-dominant,0
A,1152,17.69,2,1.0,Single tree,C,co-dominant,0
A,1164,10.14,8,1.0,Single tree,E,roadside,1
A,1166,15.74,5,1.0,Single tree,C,co-dominant,2
A,1167,17.31,1,1.0,Single tree,B,dominant,1
A,1180,8.19,4,1.0,Single tree,E,roadside,1
A,1185,15.53,5,1.0,Single tree,A,isolated,1
A,1206,18.54,2,1.0,Single tree,C,co-dominant,1
A,1220,14.19,5,1.0,Single tree,C,co-dominant,2
A,1221,14.36,5,1.0,Single tree,C,co-dominant,1
A,1223,13.95,9,3.0,Many trees of the same species,C,co-dominant,1
A,1238,12.96,1,1.0,Single tree,E,roadside,2
A,1239,8.32,6,1.0,Single tree,E,roadside,1
A,1250,18.85,1,1.0,Single tree,C,co-dominant,1
A,1251,24.54,2,1.0,Single tree,C,co-dominant,1
A,1276,24.79,2,1.0,Single tree,B,dominant,1
A,1280,14.78,3,1.0,Single tree,E,roadside,2
A,1282,18.14,5,2.0,Large tree with undergrowth,B,dominant,0
A,1293,13.77,5,1.0,Single tree,C,co-dominant,1
A,1296,8.51,4,1.0,Single tree,E,roadside,1
A,1301,8.53,6,1.0,Single tree,C,co-dominant,1
A,1314,11.81,1,3.0,Many trees of the same species,C,co-dominant,1
A,1315,16.32,5,1.0,Single tree,B,dominant,2
A,1323,14.77,9,1.0,Single tree,C,co-dominant,0
A,1324,14.53,9,2.0,Large tree with undergrowth,C,co-dominant,0
A,1331,23.66,1,1.0,Single tree,C,co-dominant,1
A,1332,18.77,1,2.0,Large tree with undergrowth,C,co-dominant,1
A,1336,8.77,4,3.1,Many trees of many species,E,roadside,1
A,1337,16.38,1,1.0,Single tree,E,roadside,2
A,1355,22.8,1,2.0,Large tree with undergrowth,C,co-dominant,1
A,1356,12.25,1,1.0,Single tree,E,roadside,1
A,1380,15.4,9,3.0,Many trees of the same species,C,co-dominant,2
A,1395,8.39,4,1.0,Single tree,E,roadside,1
A,1396,11.94,3,1.0,Single tree,E,roadside,1
A,1397,6.89,6,1.0,Single tree,A,isolated,0
A,1409,13.7,9,1.0,Single tree,C,co-dominant,0
A,1410,14.19,9,3.0,Many trees of the same species,B,dominant,1
A,1417,13.0,1,3.1,Many trees of many species,C,co-dominant,1
A,1436,17.21,5,1.0,Single tree,C,co-dominant,2
A,1445,15.83,1,1.0,Single tree,E,roadside,2
A,1446,14.89,9,1.0,Single tree,C,co-dominant,2
A,1448,20.15,1,3.1,Many trees of many species,B,dominant,1
A,1449,19.06,1,2.0,Large tree with undergrowth,C,co-dominant,1
A,1456,14.83,3,1.0,Single tree,E,roadside,0
A,1465,11.21,1,3.1,Many trees of many species,E,roadside,0
A,1468,11.28,8,1.0,Single tree,E,roadside,2
A,1469,17.62,5,1.0,Single tree,C,co-dominant,1
A,1474,21.11,2,1.0,Single tree,B,dominant,2
A,1480,23.5,1,1.0,Single tree,B,dominant,1
A,1481,17.95,1,1.0,Single tree,C,co-dominant,1
A,1483,22.83,2,1.0,Single tree,C,co-dominant,1
A,1492,15.9,2,1.0,Single tree,D,smaller tree next to larger tree,2
A,1496,21.69,3,1.0,Single tree,C,co-dominant,1
A,1497,18.52,2,1.0,Single tree,C,co-dominant,0
A,1502,15.59,9,1.0,Single tree,B,dominant,2
A,1511,21.7,2,1.0,Single tree,C,co-dominant,2
A,1515,18.2,1,2.0,Large tree with undergrowth,E,roadside,1
A,1519,21.26,2,1.0,Single tree,C,co-dominant,1
A,1526,18.15,1,1.0,Single tree,E,roadside,0
A,1540,16.2,3,1.0,Single tree,E,roadside,1
A,1542,18.05,1,1.0,Single tree,E,roadside,1
A,1556,9.09,4,1.0,Single tree,E,roadside,2
A,1558,16.57,3,4.0,Tree section,E,roadside,2
A,1561,18.84,1,2.0,Large tree with undergrowth,C,co-dominant,1
A,1564,14.23,1,3.0,Many trees of the same species,A,isolated,0
A,1566,22.3,2,3.0,Many trees of the same species,C,co-dominant,1
A,1571,10.31,4,1.0,Single tree,E,roadside,0
A,1573,9.12,4,1.0,Single tree,E,roadside,2
A,1575,17.05,1,4.0,Tree section,E,roadside,2
A,1585,12.66,1,1.0,Single tree,E,roadside,1
A,1586,16.54,1,1.0,Single tree,E,roadside,1
A,1590,19.94,1,4.0,Tree section,E,roadside,1
A,1596,20.67,1,3.1,Many trees of many species,C,co-dominant,0
A,1600,17.13,3,4.0,Tree section,E,roadside,0
A,1623,21.39,3,4.0,Tree section,B,dominant,0
A,1626,18.24,5,1.0,Single tree,B,dominant,1
A,1628,21.47,3,2.0,Large tree with undergrowth,C,co-dominant,0
A,1638,21.76,3,1.0,Single tree,C,co-dominant,0
A,1641,9.44,4,1.0,Single tree,E,roadside,0
A,1642,11.27,8,1.0,Single tree,E,roadside,0
A,1668,14.38,1,1.0,Single tree,A,isolated,1
A,1687,23.76,5,1.0,Single tree,B,dominant,1
A,1695,18.16,5,1.0,Single tree,C,co-dominant,1
A,1704,19.58,1,1.0,Single tree,C,co-dominant,2
A,1705,25.04,2,1.0,Single tree,B,dominant,1
A,1710,11.57,2,1.0,Single tree,E,roadside,2
A,1717,21.87,3,3.1,Many trees of many species,C,co-dominant,1
A,1727,8.29,4,1.0,Single tree,E,roadside,1
A,1728,8.34,4,1.0,Single tree,E,roadside,1
A,1735,17.99,5,2.0,Large tree with undergrowth,C,co-dominant,0
A,1740,20.32,1,2.0,Large tree with undergrowth,C,co-dominant,2
A,1748,8.43,4,1.0,Single tree,E,roadside,1
A,1754,23.15,3,1.0,Single tree,B,dominant,2
A,1755,21.14,1,4.0,Tree section,E,roadside,1
A,1773,19.5,4,1.0,Single tree,B,dominant,2
A,1786,23.77,3,1.0,Single tree,B,dominant,1
A,1792,17.84,1,2.0,Large tree with undergrowth,C,co-dominant,2
A,1795,24.12,1,2.0,Large tree with undergrowth,B,dominant,1
A,1797,8.46,8,1.0,Single tree,E,roadside,1
A,1804,15.51,1,1.0,Single tree,A,isolated,2
A,1806,19.18,1,4.0,Tree section,C,co-dominant,1
A,1807,24.77,3,1.0,Single tree,C,co-dominant,2
A,1810,20.93,3,1.0,Single tree,E,roadside,0
A,1811,19.94,5,2.0,Large tree with undergrowth,B,dominant,1
A,1824,21.54,1,4.0,Tree section,E,roadside,2
A,1828,20.01,1,1.0,Single tree,C,co-dominant,1
A,1834,18.71,1,1.0,Single tree,C,co-dominant,0
A,1840,19.56,1,2.0,Large tree with undergrowth,A,isolated,1
A,1844,19.89,2,4.0,Tree section,C,co-dominant,1
A,1850,13.97,4,1.0,Single tree,C,co-dominant,1
A,1856,21.98,3,2.0,Large tree with undergrowth,B,dominant,1
A,1861,16.16,1,1.0,Single tree,C,co-dominant,0
A,1870,26.96,2,1.0,Single tree,B,dominant,1
A,1873,9.04,4,1.0,Single tree,E,roadside,0
A,1875,19.46,4,1.0,Single tree,C,co-dominant,1
A,1883,17.13,2,1.0,Single tree,C,co-dominant,1
A,1890,21.46,1,4.0,Tree section,C,co-dominant,0
A,1892,21.99,3,1.0,Single tree,E,roadside,1
A,1893,16.9,3,1.0,Single tree,D,smaller tree next to larger tree,2
A,1894,18.08,4,1.0,Single tree,C,co-dominant,1
A,1897,24.51,1,3.0,Many trees of the same species,B,dominant,1
A,1899,17.14,1,2.0,Large tree with undergrowth,B,dominant,2
A,1900,12.22,4,1.0,Single tree,B,dominant,1
A,1909,20.05,2,1.0,Single tree,B,dominant,1
A,1929,21.87,2,1.0,Single tree,C,co-dominant,1
A,1933,11.1,1,2.0,Large tree with undergrowth,E,roadside,0
A,1934,7.91,4,1.0,Single tree,E,roadside,2
A,1935,8.92,4,1.0,Single tree,E,roadside,0
A,1940,12.59,2,1.0,Single tree,C,co-dominant,0
A,1943,21.6,1,3.0,Many trees of the same species,C,co-dominant,1
A,1947,20.25,3,1.0,Single tree,C,co-dominant,1
A,1948,21.09,2,1.0,Single tree,C,co-dominant,2
A,1949,19.51,2,2.0,Large tree with undergrowth,C,co-dominant,1
A,1952,11.1,4,1.0,Single tree,C,co-dominant,0
A,1954,18.12,1,2.0,Large tree with undergrowth,C,co-dominant,1
A,1956,13.14,4,1.0,Single tree,C,co-dominant,1
A,1957,12.47,5,2.0,Large tree with undergrowth,C,co-dominant,0
A,1958,12.13,2,1.0,Single tree,C,co-dominant,1
A,1959,20.11,4,3.0,Many trees of the same species,B,dominant,1
A,1960,22.92,5,2.0,Large tree with undergrowth,B,dominant,2
A,1967,21.3,1,1.0,Single tree,C,co-dominant,0
A,1984,25.74,2,1.0,Single tree,B,dominant,1
A,1987,10.61,1,2.0,Large tree with undergrowth,E,roadside,1
A,1989,10.46,8,1.0,Single tree,E,roadside,1
A,1990,11.5,4,1.0,Single tree,C,co-dominant,1
A,1997,16.73,5,1.0,Single tree,C,co-dominant,0
A,2002,21.84,2,1.0,Single tree,C,co-dominant,1
A,2005,25.77,3,1.0,Single tree,C,co-dominant,2
A,2007,24.56,1,2.0,Large tree with undergrowth,B,dominant,1
A,2023,12.19,5,1.0,Single tree,C,co-dominant,0
A,2027,19.22,1,1.0,Single tree,C,co-dominant,2
A,2028,22.05,1,2.0,Large tree with undergrowth,C,co-dominant,1
A,2029,17.49,2,3.0,Many trees of the same species,B,dominant,1
A,2039,23.01,3,1.0,Single tree,A,isolated,1
A,2045,24.96,3,1.0,Single tree,B,dominant,1
A,2046,22.95,3,1.0,Single tree,C,co-dominant,1
A,2050,8.51,4,1.0,Single tree,E,roadside,0
A,2051,8.83,4,1.0,Single tree,E,roadside,1
A,2052,21.35,1,2.0,Large tree with undergrowth,C,co-dominant,1
A,2056,22.49,3,1.0,Single tree,B,dominant,2
A,2062,24.27,2,1.0,Single tree,C,co-dominant,0
A,2065,16.87,1,3.0,Many trees of the same species,B,dominant,1
A,2068,23.36,9,1.0,Single tree,B,dominant,2
A,2069,11.49,4,1.0,Single tree,C,co-dominant,1
A,2073,23.37,1,1.0,Single tree,A,isolated,1
A,2078,8.27,4,1.0,Single tree,E,roadside,2
A,2081,18.29,5,1.0,Single tree,C,co-dominant,1
A,2082,19.04,2,1.0,Single tree,C,co-dominant,1
A,2093,21.79,3,2.0,Large tree with undergrowth,C,co-dominant,0
A,2095,27.94,2,1.0,Single tree,B,dominant,1
A,2104,8.94,4,3.0,Many trees of the same species,C,co-dominant,2
A,2108,35.32,2,3.0,Many trees of the same species,A,isolated,0
A,2111,24.14,3,3.0,Many trees of the same species,C,co-dominant,1
A,2112,17.19,9,1.0,Single tree,D,smaller tree next to larger tree,1
A,2115,23.15,1,1.0,Single tree,B,dominant,0
A,2121,17.61,5,1.0,Single tree,C,co-dominant,1
A,2122,19.44,3,1.0,Single tree,C,co-dominant,1
A,2125,27.34,2,2.0,Large tree with undergrowth,B,dominant,1
A,2128,17.74,1,3.0,Many trees of the same species,B,dominant,1
A,2133,21.06,5,1.0,Single tree,C,co-dominant,0
A,2137,11.22,8,1.0,Single tree,E,roadside,1
A,2143,8.32,7,1.0,Single tree,A,isolated,1
A,2144,24.65,2,3.0,Many trees of the same species,C,co-dominant,1
A,2145,21.52,1,1.0,Single tree,C,co-dominant,2
A,2147,19.7,2,2.0,Large tree with undergrowth,C,co-dominant,0
A,2151,13.29,1,1.0,Single tree,C,co-dominant,1
A,2153,22.42,3,1.0,Single tree,C,co-dominant,2
A,2158,22.65,3,1.0,Single tree,C,co-dominant,0
A,2161,28.19,2,2.0,Large tree with undergrowth,B,dominant,1
A,2163,16.99,2,1.0,Single tree,C,co-dominant,0
A,2168,18.31,3,1.0,Single tree,C,co-dominant,1
A,2173,20.94,1,1.0,Single tree,C,co-dominant,1
A,2189,20.51,1,1.0,Single tree,C,co-dominant,1
A,2190,25.54,2,3.0,Many trees of the same species,C,co-dominant,1
A,2197,21.87,3,1.0,Single tree,C,co-dominant,1
A,2198,22.89,5,3.0,Many trees of the same species,B,dominant,1
A,2201,6.07,2,3.1,Many trees of many species,A,isolated,1
A,2205,25.58,2,1.0,Single tree,C,co-dominant,1
A,2206,15.95,1,1.0,Single tree,C,co-dominant,1
A,2210,7.89,4,1.0,Single tree,E,roadside,2
A,2217,18.23,2,1.0,Single tree,B,dominant,0
A,2237,10.7,4,1.0,Single tree,E,roadside,1
A,2238,17.21,3,1.0,Single tree,C,co-dominant,1
A,2239,20.32,3,1.0,Single tree,B,dominant,0
A,2241,18.39,1,1.0,Single tree,C,co-dominant,2
A,2245,18.3,2,1.0,Single tree,C,co-dominant,1
A,2246,14.69,1,1.0,Single tree,C,co-dominant,2
A,2249,20.8,3,1.0,Single tree,C,co-dominant,0
A,2250,15.79,2,1.0,Single tree,C,co-dominant,0
A,2251,13.39,2,3.0,Many trees of the same species,C,co-dominant,2
A,2255,22.54,3,1.0,Single tree,B,dominant,1
A,2256,19.75,1,1.0,Single tree,C,co-dominant,1
A,2257,19.97,9,1.0,Single tree,C,co-dominant,1
A,2258,23.75,2,1.0,Single tree,B,dominant,1
A,2259,22.25,1,1.0,Single tree,C,co-dominant,1
A,2261,11.98,2,4.0,Tree section,C,co-dominant,1
A,2275,20.37,3,1.0,Single tree,C,co-dominant,1
A,2278,20.12,3,1.0,Single tree,C,co-dominant,1
A,2283,23.47,3,1.0,Single tree,C,co-dominant,1
A,2285,20.49,5,1.0,Single tree,C,co-dominant,2
A,2286,21.43,1,4.0,Tree section,E,roadside,1
A,2288,24.32,1,3.0,Many trees of the same species,B,dominant,0
A,2289,21.22,2,1.0,Single tree,C,co-dominant,0
A,2291,26.12,2,1.0,Single tree,B,dominant,0
A,2300,15.81,7,1.0,Single tree,E,roadside,2
A,2310,19.28,1,1.0,Single tree,B,dominant,1
A,2311,13.85,5,3.0,Many trees of the same species,E,roadside,2
A,2312,21.4,1,4.0,Tree section,E,roadside,1
A,2316,27.58,2,1.0,Single tree,C,co-dominant,1
A,2317,24.73,2,1.0,Single tree,C,co-dominant,1
A,2320,18.53,3,1.0,Single tree,A,isolated,0
A,2321,11.37,8,1.0,Single tree,E,roadside,0
A,2327,18.33,3,1.0,Single tree,E,roadside,0
A,2328,19.85,3,1.0,Single tree,B,dominant,1
A,2329,11.9,1,1.0,Single tree,D,smaller tree next to larger tree,1
A,2333,12.61,2,1.0,Single tree,C,co-dominant,1
A,2334,12.87,2,3.0,Many trees of the same species,C,co-dominant,1
A,2335,13.18,2,3.0,Many trees of the same species,C,co-dominant,2
A,2337,8.38,4,1.0,Single tree,E,roadside,1
A,2348,22.53,3,1.0,Single tree,C,co-dominant,1
A,2356,18.6,5,2.0,Large tree with undergrowth,C,co-dominant,1
A,2360,16.66,1,1.0,Single tree,E,roadside,0
A,2362,20.85,2,1.0,Single tree,C,co-dominant,1
A,2363,25.11,2,1.0,Single tree,C,co-dominant,2
A,2364,22.11,2,1.0,Single tree,C,co-dominant,1
A,2375,18.52,5,1.0,Single tree,C,co-dominant,2
A,2390,19.28,1,2.0,Large tree with undergrowth,B,dominant,1
A,2405,20.76,3,2.0,Large tree with undergrowth,C,co-dominant,2
A,2411,24.02,2,1.0,Single tree,C,co-dominant,0
A,2412,25.8,3,2.0,Large tree with undergrowth,B,dominant,1
A,2414,20.56,1,2.0,Large tree with undergrowth,A,isolated,1
A,2417,18.5,1,1.0,Single tree,C,co-dominant,2
A,2420,16.65,3,4.0,Tree section,E,roadside,0
A,2421,21.74,1,1.0,Single tree,B,dominant,1
A,2424,25.45,5,3.0,Many trees of the same species,C,co-dominant,2
A,2428,23.46,2,3.0,Many trees of the same species,C,co-dominant,1
A,2434,17.29,1,3.0,Many trees of the same species,B,dominant,1
A,2435,21.8,2,1.0,Single tree,C,co-dominant,0
A,2440,21.18,2,1.0,Single tree,C,co-dominant,1
A,2441,11.85,1,1.0,Single tree,E,roadside,2
A,2442,11.82,7,1.0,Single tree,E,roadside,1
A,2444,10.61,4,3.0,Many trees of the same species,C,co-dominant,2
A,2454,20.93,2,1.0,Single tree,C,co-dominant,2
A,2455,12.8,4,1.0,Single tree,E,roadside,1
A,2456,10.57,4,1.0,Single tree,E,roadside,2
A,2457,9.8,8,1.0,Single tree,E,roadside,2
A,2459,23.95,2,1.0,Single tree,C,co-dominant,1
A,2466,11.8,1,3.0,Many trees of the same species,C,co-dominant,2
A,2467,10.69,1,1.0,Single tree,C,co-dominant,1
A,2475,23.1,3,2.0,Large tree with undergrowth,A,isolated,2
A,2476,28.8,2,1.0,Single tree,B,dominant,2
A,2481,20.14,3,2.0,Large tree with undergrowth,B,dominant,1
A,2483,22.04,2,1.0,Single tree,C,co-dominant,2
A,2490,12.04,4,1.0,Single tree,A,isolated,2
A,2492,24.88,2,1.0,Single tree,B,dominant,2
A,2493,23.31,3,3.0,Many trees of the same species,B,dominant,1
A,2500,20.49,3,1.0,Single tree,E,roadside,2
A,2502,14.34,1,1.0,Single tree,C,co-dominant,0
A,2504,10.23,4,1.0,Single tree,C,co-dominant,1
A,2511,19.62,1,4.0,Tree section,C,co-dominant,1
A,2512,10.86,4,1.0,Single tree,C,co-dominant,1
A,2515,20.36,3,2.0,Large tree with undergrowth,C,co-dominant,1
A,2522,15.83,3,4.0,Tree section,E,roadside,1
A,2526,10.66,1,1.0,Single tree,C,co-dominant,0
A,2527,10.09,1,1.0,Single tree,C,co-dominant,1
A,2537,23.49,1,1.0,Single tree,A,isolated,1
A,2542,21.08,1,4.0,Tree section,C,co-dominant,1
A,2546,11.13,1,1.0,Single tree,C,co-dominant,1
A,2551,8.95,4,1.0,Single tree,E,roadside,2
A,2553,15.42,1,3.1,Many trees of many species,C,co-dominant,1
A,2565,23.39,3,2.0,Large tree with undergrowth,C,co-dominant,1
A,2568,24.47,1,3.0,Many trees of the same species,B,dominant,1
A,2569,25.83,5,3.0,Many trees of the same species,B,dominant,1
A,2570,15.55,1,1.0,Single tree,E,roadside,0
A,2577,24.39,3,1.0,Single tree,B,dominant,1
A,2579,11.26,4,1.0,Single tree,A,isolated,0
A,2583,17.45,3,4.0,Tree section,E,roadside,2
A,2591,10.6,8,1.0,Single tree,E,roadside,1
A,2603,10.54,1,1.0,Single tree,C,co-dominant,1
A,2605,11.14,4,1.0,Single tree,E,roadside,1
A,2607,19.17,3,3.1,Many trees of many species,E,roadside,2
A,2609,19.42,3,2.0,Large tree with undergrowth,E,roadside,1
A,2619,19.74,3,1.0,Single tree,B,dominant,1
A,2623,14.15,1,1.0,Single tree,C,co-dominant,0
A,2625,20.53,1,3.1,Many trees of many species,C,co-dominant,1
A,2635,20.67,3,1.0,Single tree,C,co-dominant,1
A,2637,10.83,1,1.0,Single tree,C,co-dominant,1
A,2663,23.75,3,1.0,Single tree,C,co-dominant,1
A,2670,14.67,1,2.0,Large tree with undergrowth,C,co-dominant,1
A,2674,26.23,3,1.0,Single tree,B,dominant,0
A,2675,23.8,5,3.0,Many trees of the same species,C,co-dominant,2
A,2679,22.73,1,2.0,Large tree with undergrowth,A,isolated,1
A,2684,24.78,3,1.0,Single tree,A,isolated,1
A,2696,13.5,4,1.0,Single tree,C,co-dominant,1
A,2698,15.18,4,1.0,Single tree,E,roadside,0
A,2699,18.7,5,1.0,Single tree,C,co-dominant,1
A,2708,8.45,4,1.0,Single tree,E,roadside,1
A,2710,24.69,3,2.0,Large tree with undergrowth,B,dominant,2
A,2714,23.42,3,3.0,Many trees of the same species,C,co-dominant,1
A,2717,18.82,1,2.0,Large tree with undergrowth,B,dominant,1
A,2729,12.99,4,4.0,Tree section,C,co-dominant,1
A,2730,19.34,1,1.0,Single tree,A,isolated,1
A,2735,9.36,9,1.0,Single tree,D,smaller tree next to larger tree,2
A,2737,17.88,9,1.0,Single tree,C,co-dominant,1
A,2744,10.3,4,4.0,Tree section,C,co-dominant,1
A,2749,23.95,5,1.0,Single tree,C,co-dominant,1
A,2751,14.24,1,1.0,Single tree,E,roadside,2
A,2752,10.1,4,4.0,Tree section,C,co-dominant,1
A,2762,22.1,3,1.0,Single tree,C,co-dominant,1
A,2763,11.35,4,4.0,Tree section,B,dominant,1
A,2766,19.01,1,1.0,Single tree,A,isolated,0
A,2781,7.27,4,1.0,Single tree,C,co-dominant,1
A,2787,17.03,1,3.0,Many trees of the same species,C,co-dominant,2
A,2789,16.11,3,1.0,Single tree,C,co-dominant,0
A,2802,12.96,4,1.0,Single tree,E,roadside,1
A,2804,14.91,3,1.0,Single tree,C,co-dominant,1
A,2807,24.58,3,3.0,Many trees of the same species,C,co-dominant,0
A,2811,11.02,4,4.0,Tree section,B,dominant,2
A,2818,15.5,3,4.0,Tree section,C,co-dominant,1
A,2830,10.55,4,1.0,Single tree,C,co-dominant,0
A,2845,11.83,2,1.0,Single tree,C,co-dominant,2
A,2847,22.39,1,1.0,Single tree,C,co-dominant,2
A,2848,27.01,2,1.0,Single tree,B,dominant,2
A,2849,26.8,3,1.0,Single tree,C,co-dominant,1
A,2850,22.29,3,1.0,Single tree,B,dominant,1
A,2851,13.29,1,2.0,Large tree with undergrowth,E,roadside,1
A,2856,18.71,2,1.0,Single tree,C,co-dominant,1
A,2857,9.62,4,1.0,Single tree,E,roadside,0
A,2861,24.17,1,1.0,Single tree,B,dominant,1
A,2868,11.82,4,1.0,Single tree,C,co-dominant,0
A,2875,7.78,6,1.0,Single tree,C,co-dominant,1
A,2880,11.57,2,1.0,Single tree,C,co-dominant,2
A,2884,24.52,3,2.0,Large tree with undergrowth,C,co-dominant,1
A,2886,19.85,3,1.0,Single tree,A,isolated,1
A,2899,14.69,4,1.0,Single tree,E,roadside,1
A,2900,16.82,3,2.0,Large tree with undergrowth,B,dominant,1
A,2904,24.15,1,1.0,Single tree,C,co-dominant,1
A,2905,21.67,1,1.0,Single tree,C,co-dominant,0
A,2909,13.22,1,1.0,Single tree,C,co-dominant,0
A,2916,24.32,3,3.0,Many trees of the same species,C,co-dominant,1
A,2941,19.49,7,1.0,Single tree,B,dominant,1
A,2943,17.24,1,1.0,Single tree,C,co-dominant,2
A,2945,17.7,1,1.0,Single tree,C,co-dominant,2
A,2946,10.18,4,1.0,Single tree,E,roadside,1
A,2947,9.29,4,1.0,Single tree,C,co-dominant,1
A,2955,17.88,3,1.0,Single tree,E,roadside,1
A,2958,10.93,4,4.0,Tree section,E,roadside,1
A,2961,9.02,4,1.0,Single tree,E,roadside,1
A,2962,27.45,5,1.0,Single tree,B,dominant,1
A,2973,8.41,4,1.0,Single tree,E,roadside,1
A,2975,25.17,5,3.0,Many trees of the same species,C,co-dominant,0
A,2976,21.12,5,1.0,Single tree,C,co-dominant,0
A,2985,14.44,1,1.0,Single tree,A,isolated,1
A,2986,20.15,3,1.0,Single tree,B,dominant,1
A,2988,15.73,3,3.1,Many trees of many species,C,co-dominant,1
A,3041,11.14,2,1.0,Single tree,C,co-dominant,1
A,3046,25.01,3,1.0,Single tree,C,co-dominant,1
A,3055,15.72,1,2.0,Large tree with undergrowth,B,dominant,1
A,3061,14.15,4,1.0,Single tree,E,roadside,0
A,3076,10.42,4,1.0,Single tree,E,roadside,1
A,3080,27.65,1,1.0,Single tree,B,dominant,1
A,3081,25.04,3,1.0,Single tree,C,co-dominant,2
A,3091,19.03,1,1.0,Single tree,B,dominant,1
A,3095,22.4,5,3.0,Many trees of the same species,C,co-dominant,0
A,3100,16.25,1,2.0,Large tree with undergrowth,B,dominant,2
A,3103,14.77,1,1.0,Single tree,A,isolated,1
A,3107,11.49,1,1.0,Single tree,C,co-dominant,1
A,3114,22.57,1,1.0,Single tree,C,co-dominant,1
A,3125,10.52,1,1.0,Single tree,B,dominant,2
A,3126,10.65,1,3.0,Many trees of the same species,B,dominant,1
A,3127,10.86,2,1.0,Single tree,D,smaller tree next to larger tree,1
A,3129,15.08,4,1.0,Single tree,C,co-dominant,1
A,3130,16.08,3,3.0,Many trees of the same species,B,dominant,0
A,3131,27.44,5,3.0,Many trees of the same species,C,co-dominant,2
A,3132,26.29,3,3.1,Many trees of many species,B,dominant,2
A,3142,17.16,2,2.0,Large tree with undergrowth,C,co-dominant,0
A,3146,15.66,1,2.0,Large tree with undergrowth,E,roadside,1
A,3154,10.55,3,1.0,Single tree,D,smaller tree next to larger tree,1
A,3155,6.69,1,3.0,Many trees of the same species,C,co-dominant,2
A,3159,9.45,4,1.0,Single tree,E,roadside,1
A,3160,6.44,6,1.0,Single tree,C,co-dominant,1
A,3161,23.0,3,3.0,Many trees of the same species,C,co-dominant,0
A,3162,22.08,1,1.0,Single tree,C,co-dominant,1
A,3163,21.02,5,4.0,Tree section,C,co-dominant,1
A,3164,14.4,1,1.0,Single tree,E,roadside,2
A,3184,25.81,1,1.0,Single tree,C,co-dominant,2
A,3188,17.38,3,1.0,Single tree,B,dominant,1
A,3194,8.03,4,1.0,Single tree,C,co-dominant,1
A,3196,18.09,3,2.0,Large tree with undergrowth,C,co-dominant,1
A,3197,21.04,3,3.0,Many trees of the same species,C,co-dominant,1
A,3198,22.85,2,1.0,Single tree,E,roadside,1
A,3203,8.36,1,1.0,Single tree,C,co-dominant,2
A,3206,23.25,3,2.0,Large tree with undergrowth,B,dominant,2
A,3213,18.23,1,2.0,Large tree with undergrowth,B,dominant,1
A,3217,9.88,4,1.0,Single tree,E,roadside,1
A,3218,11.75,4,1.0,Single tree,E,roadside,1
A,3222,28.02,5,3.0,Many trees of the same species,B,dominant,0
A,3230,27.18,5,4.0,Tree section,B,dominant,2
A,3265,8.49,4,1.0,Single tree,E,roadside,1
A,3270,14.64,2,1.0,Single tree,C,co-dominant,1
A,3278,12.27,1,1.0,Single tree,C,co-dominant,2
A,3279,10.45,1,1.0,Single tree,B,dominant,2
A,3282,8.67,6,1.0,Single tree,B,dominant,1
A,3285,23.25,3,3.1,Many trees of many species,B,dominant,0
A,3286,27.44,5,3.1,Many trees of many species,B,dominant,1
A,3294,15.99,1,1.0,Single tree,C,co-dominant,0
A,3298,24.25,1,2.0,Large tree with undergrowth,B,dominant,2
A,3302,25.09,3,3.0,Many trees of the same species,C,co-dominant,1
A,3318,15.0,1,2.0,Large tree with undergrowth,E,roadside,2
A,3319,9.84,1,2.0,Large tree with undergrowth,C,co-dominant,1
A,3320,15.99,1,1.0,Single tree,B,dominant,1
A,3321,21.91,3,2.0,Large tree with undergrowth,C,co-dominant,0
A,3322,11.78,4,1.0,Single tree,E,roadside,1
A,3325,5.87,6,1.0,Single tree,E,roadside,0
A,3327,20.42,3,1.0,Single tree,B,dominant,1
A,3330,23.39,1,2.0,Large tree with undergrowth,A,isolated,1
A,3331,25.55,1,3.0,Many trees of the same species,C,co-dominant,1
A,3337,6.43,6,1.0,Single tree,E,roadside,1
A,3342,18.22,1,2.0,Large tree with undergrowth,C,co-dominant,2
A,3343,13.05,1,2.0,Large tree with undergrowth,B,dominant,1
A,3352,18.74,1,4.0,Tree section,C,co-dominant,1
A,3356,15.0,2,1.0,Single tree,C,co-dominant,1
A,3360,7.07,4,1.0,Single tree,C,co-dominant,2
A,3371,9.68,4,1.0,Single tree,E,roadside,1
A,3375,10.69,4,1.0,Single tree,E,roadside,1
A,3383,16.35,1,3.1,Many trees of many species,B,dominant,1
A,3388,11.88,2,1.0,Single tree,D,smaller tree next to larger tree,1
A,3389,22.99,1,1.0,Single tree,C,co-dominant,0
A,3390,22.14,3,1.0,Single tree,C,co-dominant,2
A,3392,18.56,3,1.0,Single tree,E,roadside,0
A,3402,19.37,3,1.0,Single tree,C,co-dominant,0
A,3414,19.43,1,2.0,Large tree with undergrowth,B,dominant,2
A,3423,8.67,4,1.0,Single tree,E,roadside,1
A,3429,14.39,1,1.0,Single tree,E,roadside,1
A,3430,15.17,1,2.0,Large tree with undergrowth,C,co-dominant,1
A,3432,23.1,1,1.0,Single tree,C,co-dominant,1
A,3434,16.83,1,2.0,Large tree with undergrowth,E,roadside,0
A,3442,8.61,1,3.1,Many trees of many species,C,co-dominant,0
A,3443,23.13,3,2.0,Large tree with undergrowth,C,co-dominant,1
A,3466,18.42,2,1.0,Single tree,B,dominant,1
A,3468,14.27,1,2.0,Large tree with undergrowth,C,co-dominant,1
A,3469,11.67,1,1.0,Single tree,C,co-dominant,2
A,3483,21.99,3,1.0,Single tree,E,roadside,0
A,3493,12.96,1,1.0,Single tree,C,co-dominant,0
A,3503,18.53,1,1.0,Single tree,B,dominant,0
A,3507,12.15,1,1.0,Single tree,E,roadside,0
A,3508,14.59,4,1.0,Single tree,E,roadside,0
A,3513,20.26,3,1.0,Single tree,E,roadside,2
A,3514,16.95,1,2.0,Large tree with undergrowth,E,roadside,1
A,3515,16.34,3,3.0,Many trees of the same species,E,roadside,2
A,3526,10.43,4,1.0,Single tree,E,roadside,2
A,3528,19.19,2,1.0,Single tree,E,roadside,1
A,3538,17.72,1,1.0,Single tree,C,co-dominant,1
A,3548,10.16,1,1.0,Single tree,A,isolated,2
A,3554,22.18,3,1.0,Single tree,B,dominant,1
A,3555,20.61,3,1.0,Single tree,E,roadside,2
A,3570,12.68,1,1.0,Single tree,E,roadside,1
A,3571,22.63,3,2.0,Large tree with undergrowth,C,co-dominant,2
A,3573,20.53,5,1.0,Single tree,D,smaller tree next to larger tree,1
A,3574,18.56,5,1.0,Single tree,C,co-dominant,2
A,3576,19.71,3,1.0,Single tree,E,roadside,1
A,3577,20.09,3,1.0,Single tree,E,roadside,0
A,3584,24.91,3,1.0,Single tree,B,dominant,0
A,3590,16.45,3,2.0,Large tree with undergrowth,E,roadside,1
A,3591,18.74,3,1.0,Single tree,E,roadside,0
A,3610,17.79,5,1.0,Single tree,C,co-dominant,0
A,3614,8.36,2,1.0,Single tree,C,co-dominant,2
A,3615,12.61,1,1.0,Single tree,C,co-dominant,0
A,3616,9.72,1,1.0,Single tree,C,co-dominant,1
A,3617,22.48,4,2.0,Large tree with undergrowth,C,co-dominant,1
A,3632,21.61,3,2.0,Large tree with undergrowth,A,isolated,1
A,3633,10.25,4,1.0,Single tree,E,roadside,1
A,3634,20.88,3,1.0,Single tree,E,roadside,0
A,3636,17.95,2,2.0,Large tree with undergrowth,C,co-dominant,1
A,3640,23.93,2,2.0,Large tree with undergrowth,B,dominant,1
A,3641,6.66,6,1.0,Single tree,C,co-dominant,1
A,3643,17.5,3,1.0,Single tree,E,roadside,0
A,3653,18.76,1,2.0,Large tree with undergrowth,C,co-dominant,1
A,3660,17.49,3,3.0,Many trees of the same species,E,roadside,2
A,3671,6.58,4,1.0,Single tree,B,dominant,1
A,3678,19.54,1,1.0,Single tree,B,dominant,2
A,3681,23.65,2,2.0,Large tree with undergrowth,C,co-dominant,1
A,3691,9.32,2,1.0,Single tree,D,smaller tree next to larger tree,2
A,3696,8.95,4,1.0,Single tree,C,co-dominant,1
A,3699,26.15,3,3.0,Many trees of the same species,B,dominant,2
A,3700,20.48,3,3.0,Many trees of the same species,E,roadside,1
A,3705,11.31,8,1.0,Single tree,E,roadside,0
A,3716,18.72,5,2.0,Large tree with undergrowth,B,dominant,1
A,3720,16.2,1,1.0,Single tree,C,co-dominant,0
A,3732,25.72,3,3.0,Many trees of the same species,C,co-dominant,1
A,3741,15.55,4,1.0,Single tree,C,co-dominant,1
A,3750,8.65,4,1.0,Single tree,E,roadside,1
A,3751,22.9,3,1.0,Single tree,B,dominant,1
A,3757,6.46,4,1.0,Single tree,E,roadside,2
A,3764,9.39,4,1.0,Single tree,E,roadside,2
A,3775,6.7,2,1.0,Single tree,C,co-dominant,1
A,3787,18.23,9,1.0,Single tree,C,co-dominant,1
A,3788,25.7,5,4.0,Tree section,C,co-dominant,1
A,3789,24.79,3,1.0,Single tree,C,co-dominant,2
A,3800,18.09,2,1.0,Single tree,C,co-dominant,1
A,3801,8.96,8,1.0,Single tree,E,roadside,1
A,3802,8.94,4,1.0,Single tree,C,co-dominant,2
A,3804,14.45,1,1.0,Single tree,C,co-dominant,1
A,3808,19.13,1,1.0,Single tree,A,isolated,1
A,3812,9.98,1,1.0,Single tree,A,isolated,1
A,3828,9.7,2,2.0,Large tree with undergrowth,C,co-dominant,0
A,3829,10.21,4,1.0,Single tree,C,co-dominant,1
A,3835,7.46,6,1.0,Single tree,C,co-dominant,2
A,3838,24.01,3,1.0,Single tree,C,co-dominant,2
A,3839,17.79,3,1.0,Single tree,C,co-dominant,0
A,3848,21.24,1,2.0,Large tree with undergrowth,B,dominant,0
A,3852,28.01,3,1.0,Single tree,B,dominant,1
A,3861,11.94,4,1.0,Single tree,E,roadside,1
A,3862,17.7,3,3.1,Many trees of many species,B,dominant,0
A,3865,17.84,5,4.0,Tree section,C,co-dominant,1
A,3877,5.63,1,1.0,Single tree,C,co-dominant,2
A,3879,25.84,3,3.1,Many trees of many species,B,dominant,2
A,3887,7.59,4,1.0,Single tree,A,isolated,1
A,3888,7.03,4,1.0,Single tree,E,roadside,1
A,3895,10.22,2,3.0,Many trees of the same species,C,co-dominant,1
A,3912,20.82,1,1.0,Single tree,B,dominant,1
A,3919,22.89,1,1.0,Single tree,C,co-dominant,1
A,3923,13.34,1,3.0,Many trees of the same species,A,isolated,0
A,3925,7.09,1,1.0,Single tree,C,co-dominant,1
A,3926,25.62,3,2.0,Large tree with undergrowth,B,dominant,1
A,3927,10.61,8,1.0,Single tree,E,roadside,2
A,3941,17.55,5,1.0,Single tree,C,co-dominant,1
A,3950,20.01,2,1.0,Single tree,B,dominant,0
A,3963,11.05,3,4.0,Tree section,D,smaller tree next to larger tree,1
A,3967,20.18,3,1.0,Single tree,B,dominant,1
A,3981,8.72,4,1.0,Single tree,E,roadside,1
A,3984,8.15,6,1.0,Single tree,C,co-dominant,1
A,3986,18.34,5,3.0,Many trees of the same species,B,dominant,1
A,3992,15.88,4,1.0,Single tree,E,roadside,1
A,3995,24.25,3,3.0,Many trees of the same species,C,co-dominant,1
A,4000,20.61,1,1.0,Single tree,C,co-dominant,1
A,4005,7.43,1,1.0,Single tree,C,co-dominant,1
A,4008,17.67,1,3.0,Many trees of the same species,C,co-dominant,1
A,4009,20.68,2,1.0,Single tree,C,co-dominant,0
A,4014,17.56,3,1.0,Single tree,E,roadside,0
A,4019,21.61,5,1.0,Single tree,C,co-dominant,1
A,4020,19.84,3,1.0,Single tree,C,co-dominant,1
A,4024,12.06,4,1.0,Single tree,E,roadside,0
A,4041,21.67,3,1.0,Single tree,C,co-dominant,1
A,4042,14.86,3,1.0,Single tree,E,roadside,1
A,4048,12.7,3,1.0,Single tree,A,isolated,2
A,4052,18.97,1,2.0,Large tree with undergrowth,E,roadside,1
A,4053,23.01,3,1.0,Single tree,C,co-dominant,1
A,4062,16.77,1,1.0,Single tree,C,co-dominant,1
A,4063,16.03,1,1.0,Single tree,A,isolated,0
A,4071,25.17,3,3.0,Many trees of the same species,C,co-dominant,0
A,4080,11.34,8,1.0,Single tree,E,roadside,0
A,4090,19.58,1,1.0,Single tree,B,dominant,1
A,4096,7.3,2,1.0,Single tree,C,co-dominant,1
A,4098,15.35,1,2.0,Large tree with undergrowth,E,roadside,1
A,4101,20.13,5,1.0,Single tree,C,co-dominant,1
A,4106,13.37,4,4.0,Tree section,E,roadside,1
A,4109,22.4,3,2.0,Large tree with undergrowth,B,dominant,1
A,4114,19.78,1,1.0,Single tree,C,co-dominant,1
A,4121,8.45,2,1.0,Single tree,C,co-dominant,0
A,4131,9.98,1,2.0,Large tree with undergrowth,C,co-dominant,2
A,4137,22.08,3,1.0,Single tree,B,dominant,1
A,4139,19.44,1,1.0,Single tree,C,co-dominant,0
A,4146,25.63,3,2.0,Large tree with undergrowth,E,roadside,1
A,4149,16.84,1,1.0,Single tree,E,roadside,1
A,4154,12.38,4,4.0,Tree section,E,roadside,1
A,4185,12.63,9,1.0,Single tree,C,co-dominant,1
A,4196,25.49,3,1.0,Single tree,B,dominant,2
A,4197,10.05,2,1.0,Single tree,C,co-dominant,1
A,4210,24.18,2,1.0,Single tree,C,co-dominant,2
A,4218,11.55,1,1.0,Single tree,B,dominant,1
A,4221,6.91,4,1.0,Single tree,E,roadside,2
A,4224,18.79,1,1.0,Single tree,C,co-dominant,0
A,4232,19.17,3,1.0,Single tree,C,co-dominant,1
A,4239,14.17,4,1.0,Single tree,E,roadside,0
A,4244,14.57,1,1.0,Single tree,B,dominant,1
A,4252,14.9,2,2.0,Large tree with undergrowth,C,co-dominant,1
A,4257,24.05,5,3.0,Many trees of the same species,A,isolated,1
A,4270,21.17,3,1.0,Single tree,B,dominant,2
A,4284,12.87,2,1.0,Single tree,C,co-dominant,1
A,4285,8.08,4,1.0,Single tree,E,roadside,2
A,4295,11.63,1,2.0,Large tree with undergrowth,C,co-dominant,1
A,4296,23.73,3,2.0,Large tree with undergrowth,C,co-dominant,1
A,4303,10.87,1,1.0,Single tree,C,co-dominant,1
A,4304,10.77,1,3.0,Many trees of the same species,B,dominant,2
A,4306,25.56,3,2.0,Large tree with undergrowth,A,isolated,1
A,4307,11.3,4,1.0,Single tree,E,roadside,0
A,4308,22.37,5,2.0,Large tree with undergrowth,B,dominant,2
A,4310,13.38,1,1.0,Single tree,E,roadside,1
A,4311,18.38,1,1.0,Single tree,E,roadside,1
A,4312,18.8,5,1.0,Single tree,C,co-dominant,2
A,4315,12.52,4,4.0,Tree section,E,roadside,1
A,4330,26.38,3,1.0,Single tree,A,isolated,1
A,4331,11.48,4,1.0,Single tree,E,roadside,1
A,4334,12.01,2,1.0,Single tree,A,isolated,1
A,4375,16.82,2,3.1,Many trees of many species,C,co-dominant,0
A,4381,9.99,1,1.0,Single tree,C,co-dominant,0
A,4383,15.07,1,1.0,Single tree,C,co-dominant,1
A,4385,10.91,4,1.0,Single tree,E,roadside,1
A,4386,17.42,3,3.0,Many trees of the same species,E,roadside,1
A,4387,15.46,1,3.0,Many trees of the same species,C,co-dominant,0
A,4393,6.48,1,1.0,Single tree,A,isolated,1
A,4397,22.27,5,1.0,Single tree,C,co-dominant,1
A,4398,22.4,5,3.0,Many trees of the same species,C,co-dominant,2
A,4403,10.47,4,4.0,Tree section,E,roadside,1
A,4404,20.97,1,1.0,Single tree,B,dominant,1
A,4407,24.37,3,2.0,Large tree with undergrowth,C,co-dominant,2
A,4408,11.42,4,4.0,Tree section,E,roadside,1
A,4409,11.26,4,4.0,Tree section,E,roadside,1
A,4410,14.45,1,1.0,Single tree,C,co-dominant,1
A,4421,10.6,1,1.0,Single tree,A,isolated,2
A,4422,21.3,5,1.0,Single tree,C,co-dominant,1
A,4424,18.95,5,1.0,Single tree,B,dominant,1
A,4431,6.97,1,2.0,Large tree with undergrowth,C,co-dominant,1
A,4435,24.28,1,2.0,Large tree with undergrowth,E,roadside,1
A,4444,14.47,1,1.0,Single tree,A,isolated,2
A,4445,14.75,6,1.0,Single tree,D,smaller tree next to larger tree,1
A,4449,9.55,1,1.0,Single tree,C,co-dominant,1
A,4451,10.49,4,1.0,Single tree,E,roadside,1
A,4452,8.84,4,1.0,Single tree,E,roadside,1
A,4456,10.18,4,4.0,Tree section,E,roadside,1
A,4460,9.38,4,1.0,Single tree,E,roadside,1
A,4476,21.35,3,1.0,Single tree,C,co-dominant,1
A,4477,24.43,3,1.0,Single tree,B,dominant,1
A,4485,16.43,1,2.0,Large tree with undergrowth,B,dominant,0
A,4486,9.79,4,1.0,Single tree,E,roadside,1
A,4490,15.94,1,1.0,Single tree,B,dominant,1
A,4492,20.42,3,2.0,Large tree with undergrowth,E,roadside,0
A,4493,13.07,3,1.0,Single tree,B,dominant,2
A,4501,24.05,3,1.0,Single tree,B,dominant,1
A,4503,16.36,3,3.1,Many trees of many species,B,dominant,1
A,4540,9.56,5,3.0,Many trees of the same species,C,co-dominant,1
A,4543,10.59,4,1.0,Single tree,E,roadside,0
A,4546,8.76,4,1.0,Single tree,A,isolated,1
A,4551,17.53,1,4.0,Tree section,C,co-dominant,0
A,4559,17.09,3,1.0,Single tree,C,co-dominant,1
A,4562,13.83,3,1.0,Single tree,E,roadside,1
A,4569,16.28,1,2.0,Large tree with undergrowth,C,co-dominant,1
A,4576,16.61,2,1.0,Single tree,D,smaller tree next to larger tree,0
A,4600,8.54,1,3.0,Many trees of the same species,C,co-dominant,0
A,4607,16.78,4,3.0,Many trees of the same species,E,roadside,1
A,4608,17.36,3,1.0,Single tree,B,dominant,1
A,4625,17.43,1,1.0,Single tree,E,roadside,1
A,4631,8.61,6,1.0,Single tree,C,co-dominant,1
A,4632,27.11,3,2.0,Large tree with undergrowth,B,dominant,2
A,4633,22.92,3,2.0,Large tree with undergrowth,C,co-dominant,0
A,4637,14.56,1,1.0,Single tree,A,isolated,1
A,4650,15.92,2,3.0,Many trees of the same species,E,roadside,2
A,4655,19.15,9,1.0,Single tree,C,co-dominant,2
A,4656,22.85,3,2.0,Large tree with undergrowth,B,dominant,1
A,4662,23.02,5,3.0,Many trees of the same species,B,dominant,1
A,4673,8.64,1,2.0,Large tree with undergrowth,C,co-dominant,1
A,4674,8.95,6,1.0,Single tree,E,roadside,2
A,4675,16.17,1,1.0,Single tree,C,co-dominant,0
A,4684,13.31,1,2.0,Large tree with undergrowth,C,co-dominant,1
A,4692,14.43,1,2.0,Large tree with undergrowth,E,roadside,2
A,4698,7.82,6,1.0,Single tree,A,isolated,1
A,4699,9.17,1,1.0,Single tree,B,dominant,0
A,4701,13.43,3,3.0,Many trees of the same species,A,isolated,1
A,4702,23.47,3,1.0,Single tree,B,dominant,1
A,4707,9.49,1,3.0,Many trees of the same species,C,co-dominant,1
A,4723,26.58,3,2.0,Large tree with undergrowth,B,dominant,1
A,4724,15.32,9,1.0,Single tree,A,isolated,0
A,4735,24.13,1,1.0,Single tree,B,dominant,1
A,4736,18.5,5,1.0,Single tree,B,dominant,1
A,4738,17.81,1,1.0,Single tree,E,roadside,2
A,4752,20.84,5,2.0,Large tree with undergrowth,B,dominant,1
A,4766,7.92,4,1.0,Single tree,E,roadside,1
A,4767,20.31,5,2.0,Large tree with undergrowth,C,co-dominant,1
A,4768,18.48,5,2.0,Large tree with undergrowth,C,co-dominant,0
A,4772,18.74,3,1.0,Single tree,E,roadside,2
A,4782,21.47,2,1.0,Single tree,C,co-dominant,1
A,4793,14.44,2,1.0,Single tree,D,smaller tree next to larger tree,2
A,4804,16.95,1,1.0,Single tree,C,co-dominant,2
A,4814,8.89,4,1.0,Single tree,E,roadside,1
A,4832,15.74,3,1.0,Single tree,E,roadside,0
A,4842,9.26,1,3.0,Many trees of the same species,C,co-dominant,1
A,4843,11.88,1,3.0,Many trees of the same species,B,dominant,1
A,4845,14.66,8,1.0,Single tree,E,roadside,2
A,4848,20.25,5,2.0,Large tree with undergrowth,C,co-dominant,1
A,4852,26.31,2,1.0,Single tree,C,co-dominant,1
A,4859,22.12,2,1.0,Single tree,B,dominant,1
A,4861,22.56,2,1.0,Single tree,C,co-dominant,1
A,4870,10.31,1,1.0,Single tree,E,roadside,0
A,4874,21.88,5,3.0,Many trees of the same species,B,dominant,1
A,4875,20.44,3,1.0,Single tree,C,co-dominant,1
A,4876,19.72,5,1.0,Single tree,C,co-dominant,2
A,4888,18.27,3,3.1,Many trees of many species,C,co-dominant,1
A,4889,25.68,1,1.0,Single tree,B,dominant,1
A,4891,7.69,4,1.0,Single tree,E,roadside,1
A,4901,8.69,4,1.0,Single tree,C,co-dominant,1
A,4912,18.03,5,1.0,Single tree,C,co-dominant,2
A,4920,9.42,4,1.0,Single tree,B,dominant,1
A,4926,21.51,1,1.0,Single tree,C,co-dominant,1
A,4927,21.3,1,1.0,Single tree,C,co-dominant,1
A,4929,16.91,1,2.0,Large tree with undergrowth,C,co-dominant,0
A,4942,8.93,1,3.0,Many trees of the same species,A,isolated,0
A,4945,21.93,3,3.0,Many trees of the same species,C,co-dominant,1
A,4950,20.14,2,1.0,Single tree,B,dominant,1
A,4957,10.11,1,3.0,Many trees of the same species,E,roadside,1
A,4958,14.54,3,1.0,Single tree,E,roadside,1
A,4973,18.84,3,1.0,Single tree,A,isolated,2
A,4982,10.31,4,1.0,Single tree,E,roadside,2
A,4983,16.62,2,1.0,Single tree,C,co-dominant,2
A,4984,24.53,1,1.0,Single tree,C,co-dominant,0
A,4988,17.15,5,1.0,Single tree,C,co-dominant,0
A,4992,15.03,3,1.0,Single tree,E,roadside,1
A,4994,16.79,1,2.0,Large tree with undergrowth,C,co-dominant,1
A,4996,15.37,4,1.0,Single tree,C,co-dominant,1
A,4997,26.77,2,2.0,Large tree with undergrowth,C,co-dominant,2
A,5005,19.25,3,1.0,Single tree,C,co-dominant,2
A,5006,19.91,1,2.0,Large tree with undergrowth,C,co-dominant,1
A,5007,16.35,8,1.0,Single tree,E,roadside,1
A,5018,19.92,1,1.0,Single tree,A,isolated,1
A,5032,20.55,3,1.0,Single tree,C,co-dominant,1
A,5033,21.59,1,1.0,Single tree,B,dominant,1
A,5044,15.17,4,1.0,Single tree,C,co-dominant,2
A,5045,18.8,1,2.0,Large tree with undergrowth,C,co-dominant,0
A,5047,26.37,3,1.0,Single tree,C,co-dominant,1
A,5051,20.01,1,1.0,Single tree,C,co-dominant,1
A,5052,21.68,1,2.0,Large tree with undergrowth,C,co-dominant,1
A,5061,16.32,4,1.0,Single tree,C,co-dominant,0
A,5069,11.11,1,3.0,Many trees of the same species,E,roadside,1
A,5073,11.46,1,1.0,Single tree,D,smaller tree next to larger tree,1
A,5075,21.6,5,1.0,Single tree,C,co-dominant,2
A,5076,19.97,1,1.0,Single tree,B,dominant,1
A,5089,21.79,3,1.0,Single tree,E,roadside,0
A,5093,25.94,3,1.0,Single tree,C,co-dominant,1
A,5111,18.49,3,1.0,Single tree,C,co-dominant,2
A,5124,10.66,1,1.0,Single tree,C,co-dominant,1
A,5130,13.74,1,1.0,Single tree,B,dominant,1
A,5143,21.5,3,1.0,Single tree,C,co-dominant,1
A,5144,11.18,6,1.0,Single tree,D,smaller tree next to larger tree,1
A,5145,24.37,2,1.0,Single tree,C,co-dominant,2
A,5146,15.59,9,1.0,Single tree,C,co-dominant,1
A,5158,21.55,2,1.0,Single tree,C,co-dominant,1
A,5159,14.82,8,1.0,Single tree,E,roadside,1
A,5164,26.63,2,1.0,Single tree,C,co-dominant,1
A,5168,26.64,3,4.0,Tree section,B,dominant,0
A,5177,22.25,3,1.0,Single tree,C,co-dominant,1
A,5178,22.18,2,2.0,Large tree with undergrowth,C,co-dominant,2
A,5179,22.88,2,3.0,Many trees of the same species,B,dominant,1
A,5184,19.79,3,1.0,Single tree,C,co-dominant,2
A,5188,11.33,1,3.0,Many trees of the same species,B,dominant,1
A,5205,19.12,9,1.0,Single tree,C,co-dominant,1
A,5206,21.67,3,1.0,Single tree,C,co-dominant,0
A,5207,21.45,3,2.0,Large tree with undergrowth,C,co-dominant,1
A,5208,25.93,3,1.0,Single tree,B,dominant,1
A,5214,20.06,1,2.0,Large tree with undergrowth,B,dominant,1
A,5217,20.26,1,1.0,Single tree,C,co-dominant,2
A,5221,20.37,2,1.0,Single tree,C,co-dominant,1
A,5222,21.14,1,1.0,Single tree,C,co-dominant,1
A,5229,21.47,3,2.0,Large tree with undergrowth,B,dominant,1
A,5234,9.33,1,1.0,Single tree,C,co-dominant,1
A,5236,21.8,6,1.0,Single tree,C,co-dominant,1
A,5239,6.67,7,1.0,Single tree,B,dominant,0
A,5240,29.12,2,1.0,Single tree,B,dominant,1
A,5244,18.89,3,2.0,Large tree with undergrowth,C,co-dominant,1
A,5252,24.76,2,3.0,Many trees of the same species,C,co-dominant,1
A,5270,18.57,5,1.0,Single tree,B,dominant,1
A,5273,12.08,1,1.0,Single tree,C,co-dominant,1
A,5280,10.7,1,1.0,Single tree,C,co-dominant,1
A,5281,17.47,3,1.0,Single tree,E,roadside,2
A,5283,9.81,1,2.0,Large tree with undergrowth,E,roadside,2
A,5290,22.59,1,1.0,Single tree,C,co-dominant,0
A,5291,21.18,1,2.0,Large tree with undergrowth,B,dominant,1
A,5296,23.82,2,1.0,Single tree,B,dominant,1
A,5306,17.58,1,2.0,Large tree with undergrowth,A,isolated,1
A,5307,14.22,4,1.0,Single tree,C,co-dominant,2
A,5311,21.0,1,3.0,Many trees of the same species,B,dominant,1
A,5323,18.94,1,1.0,Single tree,C,co-dominant,0
A,5326,25.86,3,1.0,Single tree,C,co-dominant,1
A,5327,20.63,2,1.0,Single tree,C,co-dominant,2
A,5339,10.87,1,1.0,Single tree,C,co-dominant,1
A,5340,10.67,5,4.0,Tree section,C,co-dominant,0
A,5343,17.31,8,1.0,Single tree,E,roadside,0
A,5348,19.51,3,2.0,Large tree with undergrowth,C,co-dominant,2
A,5350,19.92,1,2.0,Large tree with undergrowth,C,co-dominant,1
A,5356,9.95,6,2.0,Large tree with undergrowth,A,isolated,1
A,5358,21.37,1,1.0,Single tree,B,dominant,0
A,5359,23.6,2,1.0,Single tree,B,dominant,2
A,5362,16.97,1,3.1,Many trees of many species,B,dominant,0
A,5365,18.1,1,3.1,Many trees of many species,A,isolated,2
A,5381,22.11,3,1.0,Single tree,C,co-dominant,0
A,5383,12.17,1,3.1,Many trees of many species,B,dominant,1
A,5385,23.59,1,1.0,Single tree,C,co-dominant,1
A,5396,19.03,2,1.0,Single tree,C,co-dominant,1
A,5402,20.16,3,1.0,Single tree,E,roadside,1
A,5411,16.93,9,3.0,Many trees of the same species,A,isolated,1
A,5416,15.68,2,1.0,Single tree,D,smaller tree next to larger tree,1
A,5420,18.5,3,1.0,Single tree,C,co-dominant,1
A,5424,10.87,3,3.0,Many trees of the same species,E,roadside,1
A,5432,21.07,1,1.0,Single tree,C,co-dominant,1
A,5433,26.49,3,1.0,Single tree,C,co-dominant,1
A,5445,6.1,8,4.0,Tree section,C,co-dominant,1
A,5452,12.57,1,1.0,Single tree,B,dominant,2
A,5454,25.83,3,1.0,Single tree,C,co-dominant,1
A,5468,14.92,9,1.0,Single tree,C,co-dominant,1
A,5469,27.58,3,1.0,Single tree,B,dominant,1
A,5470,25.08,3,1.0,Single tree,B,dominant,1
A,5472,14.64,3,1.0,Single tree,E,roadside,1
A,5473,21.03,3,2.0,Large tree with undergrowth,B,dominant,0
A,5477,15.45,1,1.0,Single tree,C,co-dominant,0
A,5490,21.18,1,1.0,Single tree,B,dominant,0
A,5493,21.76,2,1.0,Single tree,C,co-dominant,2
A,5495,18.76,1,2.0,Large tree with undergrowth,A,isolated,0
A,5511,13.76,3,2.0,Large tree with undergrowth,B,dominant,1
A,5515,20.9,1,2.0,Large tree with undergrowth,C,co-dominant,2
A,5516,21.69,1,2.0,Large tree with undergrowth,C,co-dominant,2
A,5517,17.08,8,3.1,Many trees of many species,E,roadside,2
A,5521,25.47,2,1.0,Single tree,C,co-dominant,2
A,5525,25.19,3,2.0,Large tree with undergrowth,C,co-dominant,1
A,5529,15.27,3,1.0,Single tree,A,isolated,1
A,5534,23.52,2,1.0,Single tree,C,co-dominant,1
A,5539,10.53,1,1.0,Single tree,A,isolated,1
A,5540,22.59,1,1.0,Single tree,C,co-dominant,2
A,5543,14.36,6,1.0,Single tree,B,dominant,0
A,5546,26.15,3,3.1,Many trees of many species,C,co-dominant,0
A,5553,20.72,1,1.0,Single tree,C,co-dominant,0
A,5554,21.03,3,2.0,Large tree with undergrowth,C,co-dominant,1
A,5571,23.98,4,1.0,Single tree,C,co-dominant,2
A,5578,21.07,1,1.0,Single tree,C,co-dominant,1
A,5584,20.12,3,1.0,Single tree,C,co-dominant,1
A,5592,8.08,8,1.0,Single tree,C,co-dominant,1
A,5594,22.04,1,1.0,Single tree,B,dominant,0
A,5595,20.14,2,1.0,Single tree,D,smaller tree next to larger tree,1
A,5607,26.31,3,1.0,Single tree,C,co-dominant,1
A,5613,19.8,1,4.0,Tree section,C,co-dominant,1
A,5614,24.2,1,1.0,Single tree,B,dominant,1
A,5624,16.36,1,1.0,Single tree,C,co-dominant,2
A,5630,11.73,1,3.1,Many trees of many species,C,co-dominant,1
A,5640,17.9,1,2.0,Large tree with undergrowth,B,dominant,0
A,5641,22.1,1,1.0,Single tree,C,co-dominant,1
A,5642,22.75,1,1.0,Single tree,C,co-dominant,1
A,5650,14.05,3,3.1,Many trees of many species,E,roadside,1
A,5651,19.43,5,1.0,Single tree,C,co-dominant,2
A,5663,10.58,8,1.0,Single tree,C,co-dominant,1
A,5664,26.31,3,1.0,Single tree,B,dominant,0
A,5665,11.64,8,1.0,Single tree,E,roadside,2
A,5672,16.15,1,1.0,Single tree,A,isolated,1
A,5673,21.4,3,1.0,Single tree,C,co-dominant,1
A,5681,19.41,1,2.0,Large tree with undergrowth,A,isolated,0
A,5682,26.83,2,1.0,Single tree,B,dominant,1
A,5683,21.25,2,1.0,Single tree,C,co-dominant,2
A,5692,20.75,1,3.0,Many trees of the same species,C,co-dominant,2
A,5695,15.84,1,3.1,Many trees of many species,A,isolated,1
A,5700,11.62,1,1.0,Single tree,C,co-dominant,2
A,5707,23.08,2,2.0,Large tree with undergrowth,B,dominant,1
A,5712,23.93,2,4.0,Tree section,B,dominant,0
A,5720,22.77,5,3.1,Many trees of many species,B,dominant,0
A,5722,23.92,2,2.0,Large tree with undergrowth,B,dominant,0
A,5727,22.05,1,2.0,Large tree with undergrowth,B,dominant,1
A,5739,17.21,1,4.0,Tree section,C,co-dominant,1
A,5740,19.2,1,1.0,Single tree,C,co-dominant,2
A,5742,7.23,4,1.0,Single tree,E,roadside,1
A,5753,8.46,1,3.1,Many trees of many species,A,isolated,2
A,5762,22.83,2,1.0,Single tree,C,co-dominant,2
A,5776,15.66,1,2.0,Large tree with undergrowth,C,co-dominant,1
A,5778,24.28,1,1.0,Single tree,B,dominant,1
A,5797,7.49,8,2.0,Large tree with undergrowth,B,dominant,1
A,5800,20.01,5,2.0,Large tree with undergrowth,C,co-dominant,1
A,5817,20.96,9,1.0,Single tree,C,co-dominant,1
A,5818,22.39,9,1.0,Single tree,C,co-dominant,1
A,5819,21.17,9,1.0,Single tree,C,co-dominant,2
A,5825,15.98,1,1.0,Single tree,B,dominant,1
A,5828,14.7,1,1.0,Single tree,B,dominant,1
A,5829,7.04,4,1.0,Single tree,C,co-dominant,1
A,5833,24.27,2,1.0,Single tree,C,co-dominant,1
A,5845,25.04,2,1.0,Single tree,B,dominant,1
A,5858,23.94,1,2.0,Large tree with undergrowth,B,dominant,2
A,5868,7.2,8,2.0,Large tree with undergrowth,D,smaller tree next to larger tree,1
A,5876,15.73,1,1.0,Single tree,C,co-dominant,2
A,5878,21.34,1,1.0,Single tree,C,co-dominant,0
A,5882,15.93,1,3.0,Many trees of the same species,B,dominant,1
A,5886,21.01,1,3.0,Many trees of the same species,B,dominant,1
A,5888,8.96,4,1.0,Single tree,D,smaller tree next to larger tree,1
A,5889,22.23,3,1.0,Single tree,E,roadside,0
A,5894,20.66,1,4.0,Tree section,B,dominant,1
A,5897,8.95,6,1.0,Single tree,C,co-dominant,2
A,5904,13.35,1,1.0,Single tree,C,co-dominant,1
A,5914,19.85,1,4.0,Tree section,B,dominant,2
A,5928,26.05,2,1.0,Single tree,C,co-dominant,1
A,5937,25.14,3,3.0,Many trees of the same species,C,co-dominant,1
A,5938,22.01,1,1.0,Single tree,C,co-dominant,1
A,5945,13.72,1,2.0,Large tree with undergrowth,C,co-dominant,1
A,5949,7.35,8,3.0,Many trees of the same species,C,co-dominant,1
A,5965,16.65,2,1.0,Single tree,B,dominant,0
A,5966,17.67,3,1.0,Single tree,C,co-dominant,1
A,5985,20.23,3,2.0,Large tree with undergrowth,C,co-dominant,0
A,5989,16.96,3,1.0,Single tree,E,roadside,1
A,5992,13.64,1,1.0,Single tree,C,co-dominant,1
A,5997,23.46,2,1.0,Single tree,C,co-dominant,1
A,6002,14.7,1,2.0,Large tree with undergrowth,C,co-dominant,2
A,6007,10.83,1,1.0,Single tree,C,co-dominant,1
A,6016,15.01,3,3.0,Many trees of the same species,B,dominant,1
A,6025,6.93,8,2.0,Large tree with undergrowth,C,co-dominant,1
A,6027,22.65,2,1.0,Single tree,C,co-dominant,0
A,6028,15.85,8,1.0,Single tree,E,roadside,0
A,6045,13.85,4,1.0,Single tree,B,dominant,0
A,6047,14.21,1,2.0,Large tree with undergrowth,B,dominant,0
A,6051,11.31,6,1.0,Single tree,C,co-dominant,1
A,6058,13.61,1,1.0,Single tree,C,co-dominant,1
A,6059,26.32,2,1.0,Single tree,C,co-dominant,1
A,6072,12.55,1,3.1,Many trees of many species,C,co-dominant,1
A,6090,25.17,2,1.0,Single tree,C,co-dominant,1
A,6092,23.84,1,1.0,Single tree,C,co-dominant,1
A,6096,6.86,6,1.0,Single tree,D,smaller tree next to larger tree,0
A,6099,14.79,3,1.0,Single tree,C,co-dominant,2
A,6101,24.57,2,3.0,Many trees of the same species,B,dominant,2
A,6105,13.17,1,3.0,Many trees of the same species,C,co-dominant,1
A,6106,15.82,1,1.0,Single tree,C,co-dominant,1
A,6107,9.06,1,1.0,Single tree,C,co-dominant,1
A,6119,15.56,1,3.1,Many trees of many species,C,co-dominant,1
A,6128,12.03,4,1.0,Single tree,C,co-dominant,0
A,6129,15.09,1,1.0,Single tree,B,dominant,1
A,6130,15.83,1,2.0,Large tree with undergrowth,B,dominant,2
A,6138,18.87,5,1.0,Single tree,C,co-dominant,1
A,6142,12.58,1,2.0,Large tree with undergrowth,B,dominant,0
A,6143,12.82,1,1.0,Single tree,C,co-dominant,2
A,6148,14.25,9,1.0,Single tree,A,isolated,1
A,6161,8.35,4,1.0,Single tree,E,roadside,0
A,6166,23.28,2,1.0,Single tree,B,dominant,1
A,6172,5.64,6,1.0,Single tree,D,smaller tree next to larger tree,1
A,6178,12.28,1,1.0,Single tree,C,co-dominant,1
A,6179,18.03,3,1.0,Single tree,C,co-dominant,0
A,6180,15.34,8,4.0,Tree section,E,roadside,1
A,6195,9.6,6,1.0,Single tree,D,smaller tree next to larger tree,1
A,6196,9.33,6,1.0,Single tree,C,co-dominant,1
A,6197,22.09,3,1.0,Single tree,C,co-dominant,0
A,6199,14.35,2,1.0,Single tree,C,co-dominant,1
A,6204,11.63,4,4.0,Tree section,C,co-dominant,1
A,6215,17.52,1,1.0,Single tree,C,co-dominant,1
A,6219,22.36,3,1.0,Single tree,B,dominant,2
A,6220,13.69,8,4.0,Tree section,E,roadside,1
A,6222,13.65,4,4.0,Tree section,E,roadside,1
A,6242,17.99,3,1.0,Single tree,C,co-dominant,1
A,6247,25.81,1,3.1,Many trees of many species,C,co-dominant,2
A,6256,13.71,1,1.0,Single tree,B,dominant,1
A,6259,23.82,2,1.0,Single tree,B,dominant,1
A,6261,13.76,4,1.0,Single tree,E,roadside,0
A,6263,13.83,1,2.0,Large tree with undergrowth,A,isolated,1
A,6265,5.49,6,1.0,Single tree,A,isolated,1
A,6266,15.15,5,1.0,Single tree,B,dominant,1
A,6276,13.47,6,1.0,Single tree,E,roadside,1
A,6291,22.96,3,1.0,Single tree,B,dominant,2
A,6292,14.87,5,1.0,Single tree,C,co-dominant,2
A,6294,14.79,4,1.0,Single tree,C,co-dominant,1
A,6304,14.96,1,2.0,Large tree with undergrowth,C,co-dominant,2
A,6305,13.5,1,2.0,Large tree with undergrowth,C,co-dominant,0
A,6317,14.64,1,2.0,Large tree with undergrowth,C,co-dominant,1
A,6319,8.66,4,1.0,Single tree,E,roadside,0
A,6322,15.12,3,1.0,Single tree,C,co-dominant,0
A,6323,18.57,3,1.0,Single tree,B,dominant,2
A,6325,13.04,5,1.0,Single tree,C,co-dominant,1
A,6328,23.57,2,3.0,Many trees of the same species,B,dominant,1
A,6341,17.2,8,1.0,Single tree,E,roadside,1
A,6348,12.2,4,1.0,Single tree,E,roadside,1
A,6353,26.48,1,1.0,Single tree,B,dominant,2
A,6356,15.29,3,3.1,Many trees of many species,C,co-dominant,1
A,6359,12.43,4,1.0,Single tree,E,roadside,1
A,6360,13.8,4,1.0,Single tree,C,co-dominant,1
A,6361,5.83,4,1.0,Single tree,A,isolated,0
A,6368,11.96,1,1.0,Single tree,C,co-dominant,1
A,6370,17.52,1,1.0,Single tree,B,dominant,1
A,6375,13.34,1,1.0,Single tree,E,roadside,1
A,6377,5.62,4,1.0,Single tree,A,isolated,1
A,6384,16.83,5,2.0,Large tree with undergrowth,C,co-dominant,1
A,6388,19.04,1,1.0,Single tree,A,isolated,2
A,6391,8.21,6,1.0,Single tree,C,co-dominant,1
A,6403,13.31,1,3.0,Many trees of the same species,A,isolated,1
A,6409,17.8,1,1.0,Single tree,C,co-dominant,1
A,6422,13.07,1,2.0,Large tree with undergrowth,C,co-dominant,1
A,6424,10.54,4,1.0,Single tree,E,roadside,2
A,6425,10.32,4,1.0,Single tree,E,roadside,2
A,6427,14.63,1,1.0,Single tree,C,co-dominant,1
A,6440,19.59,5,3.0,Many trees of the same species,C,co-dominant,2
A,6446,17.83,1,3.1,Many trees of many species,C,co-dominant,0
A,6468,10.75,1,3.0,Many trees of the same species,C,co-dominant,2
A,6473,15.69,1,1.0,Single tree,C,co-dominant,2
A,6478,18.61,1,2.0,Large tree with undergrowth,B,dominant,2
A,6480,12.01,3,1.0,Single tree,A,isolated,1
A,6489,19.63,3,1.0,Single tree,B,dominant,1
A,6494,18.12,3,3.0,Many trees of the same species,C,co-dominant,1
A,6495,15.42,2,2.0,Large tree with undergrowth,B,dominant,2
A,6496,15.65,8,1.0,Single tree,E,roadside,1
A,6511,11.12,4,1.0,Single tree,E,roadside,1
A,6514,17.92,1,3.0,Many trees of the same species,C,co-dominant,1
A,6527,10.19,2,1.0,Single tree,C,co-dominant,1
A,6530,6.93,4,4.0,Tree section,E,roadside,2
A,6537,19.29,7,2.0,Large tree with undergrowth,B,dominant,2
A,6541,25.42,3,1.0,Single tree,B,dominant,0
A,6542,18.31,1,1.0,Single tree,C,co-dominant,0
A,6543,5.15,4,1.0,Single tree,E,roadside,0
A,6546,14.92,5,1.0,Single tree,C,co-dominant,1
A,6550,22.09,1,2.0,Large tree with undergrowth,B,dominant,0
A,6551,11.8,1,3.0,Many trees of the same species,D,smaller tree next to larger tree,0
A,6553,17.48,1,2.0,Large tree with undergrowth,C,co-dominant,1
A,6560,10.63,4,1.0,Single tree,E,roadside,1
A,6563,7.09,4,4.0,Tree section,E,roadside,1
A,6579,25.14,3,1.0,Single tree,C,co-dominant,0
A,6605,15.35,3,2.0,Large tree with undergrowth,A,isolated,1
A,6607,19.33,3,1.0,Single tree,B,dominant,1
A,6610,12.62,2,3.0,Many trees of the same species,B,dominant,2
A,6618,17.2,1,2.0,Large tree with undergrowth,C,co-dominant,2
A,6621,16.92,3,3.0,Many trees of the same species,C,co-dominant,0
A,6624,16.92,8,2.0,Large tree with undergrowth,E,roadside,1
A,6627,22.01,3,1.0,Single tree,C,co-dominant,1
A,6629,19.92,1,2.0,Large tree with undergrowth,B,dominant,2
A,6631,10.63,1,1.0,Single tree,C,co-dominant,1
A,6643,12.59,1,2.0,Large tree with undergrowth,C,co-dominant,1
A,6644,23.07,1,1.0,Single tree,C,co-dominant,1
A,6650,17.1,3,4.0,Tree section,C,co-dominant,1
A,6651,17.97,3,2.0,Large tree with undergrowth,C,co-dominant,1
A,6666,6.61,4,1.0,Single tree,C,co-dominant,1
A,6669,15.93,1,1.0,Single tree,C,co-dominant,1
A,6672,18.32,8,2.0,Large tree with undergrowth,C,co-dominant,0
A,6674,11.46,4,1.0,Single tree,E,roadside,0
A,6686,9.71,4,1.0,Single tree,E,roadside,1
A,6695,20.45,3,2.0,Large tree with undergrowth,C,co-dominant,1
A,6697,15.11,9,1.0,Single tree,A,isolated,1
A,6698,23.66,3,1.0,Single tree,C,co-dominant,1
A,6704,18.89,3,1.0,Single tree,B,dominant,0
A,6720,10.99,3,4.0,Tree section,C,co-dominant,2
A,6721,16.83,1,2.0,Large tree with undergrowth,C,co-dominant,1
A,6722,17.75,1,3.0,Many trees of the same species,B,dominant,1
A,6725,7.14,4,1.0,Single tree,B,dominant,0
A,6727,6.89,4,1.0,Single tree,E,roadside,1
A,6735,8.82,4,1.0,Single tree,B,dominant,1
A,6736,17.92,1,1.0,Single tree,C,co-dominant,2
A,6744,9.61,1,1.0,Single tree,C,co-dominant,1
A,6748,6.38,6,1.0,Single tree,C,co-dominant,1
A,6760,16.05,3,1.0,Single tree,C,co-dominant,0
A,6764,17.28,1,2.0,Large tree with undergrowth,C,co-dominant,2
A,6768,23.61,3,2.0,Large tree with undergrowth,B,dominant,1
A,6777,14.78,2,1.0,Single tree,B,dominant,1
A,6779,23.07,3,2.0,Large tree with undergrowth,B,dominant,1
A,6782,14.27,4,3.0,Many trees of the same species,E,roadside,1
A,6783,8.91,1,3.1,Many trees of many species,B,dominant,1
A,6784,12.36,1,1.0,Single tree,A,isolated,1
A,6789,7.25,4,1.0,Single tree,E,roadside,2
A,6793,5.41,6,1.0,Single tree,D,smaller tree next to larger tree,2
A,6797,16.79,3,1.0,Single tree,C,co-dominant,2
A,6802,7.26,4,1.0,Single tree,E,roadside,2
A,6807,14.41,1,3.0,Many trees of the same species,C,co-dominant,0
A,6810,5.32,4,3.1,Many trees of many species,E,roadside,1
A,6821,14.36,1,3.0,Many trees of the same species,C,co-dominant,1
A,6822,15.42,1,2.0,Large tree with undergrowth,C,co-dominant,2
A,6831,12.59,4,1.0,Single tree,E,roadside,1
A,6833,9.07,1,1.0,Single tree,C,co-dominant,1
A,6834,19.65,3,2.0,Large tree with undergrowth,B,dominant,1
A,6839,15.77,3,2.0,Large tree with undergrowth,C,co-dominant,1
A,6853,8.85,1,3.0,Many trees of the same species,C,co-dominant,0
A,6854,7.13,4,1.0,Single tree,E,roadside,1
A,6856,7.12,6,1.0,Single tree,B,dominant,1
A,6860,15.48,3,1.0,Single tree,E,roadside,2
A,6863,18.32,3,1.0,Single tree,B,dominant,2
A,6883,16.67,2,1.0,Single tree,B,dominant,1
A,6887,18.16,1,2.0,Large tree with undergrowth,C,co-dominant,1
A,6889,7.07,4,2.0,Large tree with undergrowth,C,co-dominant,1
A,6891,20.36,9,1.0,Single tree,C,co-dominant,1
A,6899,16.82,1,1.0,Single tree,A,isolated,1
A,6903,9.95,1,1.0,Single tree,C,co-dominant,2
A,6912,14.78,3,4.0,Tree section,C,co-dominant,0
A,6914,11.55,3,1.0,Single tree,B,dominant,1
A,6915,13.52,7,1.0,Single tree,C,co-dominant,1
A,6929,14.77,1,1.0,Single tree,C,co-dominant,1
A,6931,16.94,3,1.0,Single tree,C,co-dominant,2
A,6935,16.48,2,1.0,Single tree,A,isolated,1
A,6945,17.38,3,3.0,Many trees of the same species,B,dominant,1
A,6952,7.85,1,4.0,Tree section,C,co-dominant,1
A,6954,17.59,9,3.0,Many trees of the same species,C,co-dominant,1
A,6958,6.51,6,1.0,Single tree,C,co-dominant,0
A,6962,21.65,3,1.0,Single tree,E,roadside,2
A,6974,25.99,3,2.0,Large tree with undergrowth,C,co-dominant,2
A,6978,9.09,1,1.0,Single tree,B,dominant,2
A,6983,20.33,3,3.1,Many trees of many species,C,co-dominant,0
A,6984,21.32,5,1.0,Single tree,B,dominant,2
A,6987,7.98,6,1.0,Single tree,D,smaller tree next to larger tree,1
A,6999,18.54,3,3.0,Many trees of the same species,C,co-dominant,0
A,7004,9.75,1,3.0,Many trees of the same species,E,roadside,1
A,7014,10.31,1,1.0,Single tree,E,roadside,1
A,7027,8.65,1,1.0,Single tree,C,co-dominant,2
A,7029,16.95,1,2.0,Large tree with undergrowth,B,dominant,1
A,7030,9.61,1,1.0,Single tree,D,smaller tree next to larger tree,1
A,7035,20.84,1,2.0,Large tree with undergrowth,C,co-dominant,1
A,7037,14.93,8,2.0,Large tree with undergrowth,E,roadside,1
A,7040,15.53,1,2.0,Large tree with undergrowth,C,co-dominant,2
A,7042,8.97,4,1.0,Single tree,E,roadside,1
A,7046,13.16,1,2.0,Large tree with undergrowth,B,dominant,1
A,7050,10.93,1,1.0,Single tree,C,co-dominant,0
A,7053,20.51,3,1.0,Single tree,C,co-dominant,1
A,7054,21.11,3,2.0,Large tree with undergrowth,C,co-dominant,1
A,7070,18.86,3,1.0,Single tree,C,co-dominant,1
A,7082,8.77,4,3.0,Many trees of the same species,E,roadside,1
A,7086,19.02,1,1.0,Single tree,B,dominant,1
A,7087,19.13,3,1.0,Single tree,B,dominant,1
A,7091,24.96,3,1.0,Single tree,C,co-dominant,2
A,7093,11.89,1,1.0,Single tree,C,co-dominant,1
A,7105,19.55,3,1.0,Single tree,C,co-dominant,1
A,7106,21.18,3,1.0,Single tree,C,co-dominant,2
A,7108,13.13,1,1.0,Single tree,C,co-dominant,2
A,7114,13.93,1,2.0,Large tree with undergrowth,C,co-dominant,0
A,7115,8.6,1,1.0,Single tree,C,co-dominant,1
A,7116,19.33,3,1.0,Single tree,C,co-dominant,1
A,7119,18.96,9,3.0,Many trees of the same species,C,co-dominant,2
A,7122,16.82,3,1.0,Single tree,B,dominant,0
A,7123,11.76,1,1.0,Single tree,C,co-dominant,0
A,7124,11.33,1,1.0,Single tree,C,co-dominant,2
A,7127,9.39,1,1.0,Single tree,B,dominant,0
A,7131,5.59,4,1.0,Single tree,D,smaller tree next to larger tree,2
A,7132,14.55,3,2.0,Large tree with undergrowth,C,co-dominant,1
A,7140,19.88,3,1.0,Single tree,B,dominant,1
A,7141,15.14,8,1.0,Single tree,E,roadside,1
A,7144,21.3,3,3.1,Many trees of many species,B,dominant,1
A,7145,12.04,1,1.0,Single tree,C,co-dominant,2
A,7146,16.2,1,1.0,Single tree,B,dominant,2
A,7147,14.66,1,2.0,Large tree with undergrowth,C,co-dominant,1
A,7148,10.67,3,1.0,Single tree,B,dominant,1
A,7149,9.77,1,1.0,Single tree,E,roadside,0
A,7152,18.84,1,1.0,Single tree,C,co-dominant,2
A,7155,16.41,2,3.0,Many trees of the same species,C,co-dominant,1
A,7162,20.65,9,3.0,Many trees of the same species,C,co-dominant,2
A,7179,16.62,1,2.0,Large tree with undergrowth,C,co-dominant,0
A,7180,21.73,3,1.0,Single tree,B,dominant,1
A,7183,20.0,2,1.0,Single tree,E,roadside,2
A,7188,27.41,3,2.0,Large tree with undergrowth,C,co-dominant,1
A,7199,19.32,2,3.1,Many trees of many species,B,dominant,0
A,7207,15.76,3,1.0,Single tree,A,isolated,1
A,7213,19.95,2,3.0,Many trees of the same species,E,roadside,1
A,7215,12.26,3,3.1,Many trees of many species,A,isolated,1
A,7217,15.73,7,1.0,Single tree,A,isolated,1
A,7229,8.88,1,1.0,Single tree,C,co-dominant,1
A,7231,6.85,4,1.0,Single tree,E,roadside,2
A,7232,8.68,2,1.0,Single tree,D,smaller tree next to larger tree,2
A,7234,18.9,1,2.0,Large tree with undergrowth,E,roadside,1
A,7235,18.34,2,3.0,Many trees of the same species,E,roadside,1
A,7236,19.05,1,3.1,Many trees of many species,C,co-dominant,1
A,7243,15.16,1,1.0,Single tree,C,co-dominant,0
A,7258,12.31,1,1.0,Single tree,B,dominant,1
A,7259,13.18,1,3.0,Many trees of the same species,B,dominant,0
A,7264,20.1,3,1.0,Single tree,C,co-dominant,1
A,7267,14.39,8,1.0,Single tree,E,roadside,1
A,7269,19.15,3,2.0,Large tree with undergrowth,C,co-dominant,1
A,7271,15.02,5,3.0,Many trees of the same species,E,roadside,1
A,7273,21.34,2,1.0,Single tree,C,co-dominant,2
A,7274,7.04,1,3.0,Many trees of the same species,C,co-dominant,0
A,7280,16.96,2,3.1,Many trees of many species,D,smaller tree next to larger tree,1
A,7283,10.47,1,2.0,Large tree with undergrowth,C,co-dominant,2
A,7284,7.52,1,1.0,Single tree,C,co-dominant,1
A,7296,13.47,1,2.0,Large tree with undergrowth,C,co-dominant,0
A,7301,14.55,1,1.0,Single tree,C,co-dominant,1
A,7302,14.88,1,4.0,Tree section,C,co-dominant,1
A,7306,19.37,3,3.0,Many trees of the same species,B,dominant,1
A,7313,6.9,6,4.0,Tree section,E,roadside,1
A,7320,7.34,6,4.0,Tree section,E,roadside,1
A,7332,10.69,1,1.0,Single tree,C,co-dominant,1
A,7357,16.6,2,3.1,Many trees of many species,B,dominant,1
A,7360,7.05,6,1.0,Single tree,A,isolated,2
A,7362,7.55,5,3.1,Many trees of many species,E,roadside,0
A,7377,16.62,3,1.0,Single tree,C,co-dominant,0
A,7381,23.1,2,1.0,Single tree,B,dominant,1
A,7390,19.09,1,2.0,Large tree with undergrowth,E,roadside,2
A,7394,21.26,3,1.0,Single tree,C,co-dominant,0
A,7396,14.51,1,1.0,Single tree,C,co-dominant,1
A,7397,23.13,3,3.1,Many trees of many species,A,isolated,0
A,7401,14.98,3,1.0,Single tree,A,isolated,1
A,7403,22.82,3,1.0,Single tree,A,isolated,2
A,7406,17.71,7,4.0,Tree section,B,dominant,1
A,7412,15.0,1,1.0,Single tree,B,dominant,0
A,7419,17.09,7,1.0,Single tree,A,isolated,1
A,7420,11.22,1,1.0,Single tree,C,co-dominant,0
A,7421,10.16,1,1.0,Single tree,C,co-dominant,1
A,7430,22.07,3,1.0,Single tree,B,dominant,1
A,7439,6.9,4,1.0,Single tree,E,roadside,1
A,7448,16.18,3,1.0,Single tree,A,isolated,2
A,7451,25.38,3,1.0,Single tree,C,co-dominant,1
A,7455,17.91,7,4.0,Tree section,B,dominant,1
A,7457,20.9,3,1.0,Single tree,C,co-dominant,2
A,7458,17.57,3,1.0,Single tree,C,co-dominant,1
A,7459,16.42,2,1.0,Single tree,D,smaller tree next to larger tree,1
A,7462,10.6,1,1.0,Single tree,C,co-dominant,0
A,7464,10.06,4,1.0,Single tree,E,roadside,1
A,7471,23.96,3,1.0,Single tree,C,co-dominant,1
A,7473,14.51,3,3.1,Many trees of many species,C,co-dominant,1
A,7476,13.88,1,3.0,Many trees of the same species,B,dominant,2
A,7477,10.38,1,3.1,Many trees of many species,C,co-dominant,2
A,7482,12.98,1,1.0,Single tree,A,isolated,0
A,7484,21.38,3,1.0,Single tree,A,isolated,1
A,7486,19.99,1,1.0,Single tree,B,dominant,1
A,7487,26.03,3,1.0,Single tree,C,co-dominant,1
A,7493,15.2,7,4.0,Tree section,B,dominant,2
A,7498,10.23,4,1.0,Single tree,C,co-dominant,1
A,7500,23.18,1,1.0,Single tree,A,isolated,0
A,7503,12.47,1,1.0,Single tree,E,roadside,1
A,7505,12.58,1,1.0,Single tree,C,co-dominant,1
A,7510,13.99,1,1.0,Single tree,C,co-dominant,1
A,7511,22.1,3,1.0,Single tree,A,isolated,1
A,7514,20.27,3,3.1,Many trees of many species,E,roadside,0
A,7515,10.08,6,2.0,Large tree with undergrowth,C,co-dominant,1
A,7521,13.86,6,1.0,Single tree,E,roadside,0
A,7522,9.5,1,1.0,Single tree,C,co-dominant,1
A,7524,17.8,1,1.0,Single tree,B,dominant,0
A,7530,20.22,3,1.0,Single tree,E,roadside,1
A,7532,18.45,2,1.0,Single tree,B,dominant,0
A,7534,19.02,5,1.0,Single tree,B,dominant,2
A,7541,20.38,3,3.0,Many trees of the same species,C,co-dominant,1
A,7547,12.45,1,3.0,Many trees of the same species,C,co-dominant,1
A,7549,17.66,3,1.0,Single tree,C,co-dominant,1
A,7552,12.47,1,2.0,Large tree with undergrowth,B,dominant,1
A,7563,17.82,3,1.0,Single tree,C,co-dominant,1
A,7568,9.06,1,1.0,Single tree,C,co-dominant,2
A,7581,9.65,1,1.0,Single tree,C,co-dominant,1
A,7584,8.07,6,1.0,Single tree,D,smaller tree next to larger tree,1
A,7594,6.61,6,1.0,Single tree,A,isolated,1
A,7599,12.16,3,3.0,Many trees of the same species,E,roadside,1
A,7604,13.01,1,2.0,Large tree with undergrowth,C,co-dominant,0
A,7608,15.73,2,1.0,Single tree,C,co-dominant,0
A,7610,25.2,3,1.0,Single tree,B,dominant,1
A,7619,14.44,1,1.0,Single tree,B,dominant,1
A,7635,5.97,6,1.0,Single tree,A,isolated,1
A,7636,6.88,4,1.0,Single tree,E,roadside,1
A,7651,20.66,1,1.0,Single tree,C,co-dominant,1
A,7652,24.39,3,1.0,Single tree,C,co-dominant,1
A,7654,14.58,1,1.0,Single tree,C,co-dominant,2
A,7676,7.62,6,4.0,Tree section,D,smaller tree next to larger tree,0
A,7678,12.71,1,3.0,Many trees of the same species,C,co-dominant,2
A,7680,13.44,1,1.0,Single tree,C,co-dominant,1
A,7687,19.9,9,3.0,Many trees of the same species,B,dominant,1
A,7690,10.78,1,1.0,Single tree,C,co-dominant,1
A,7702,12.84,5,3.1,Many trees of many species,B,dominant,0
A,7703,12.87,5,3.1,Many trees of many species,C,co-dominant,0
A,7709,22.4,3,1.0,Single tree,C,co-dominant,2
A,7710,14.55,1,1.0,Single tree,C,co-dominant,0
A,7713,23.26,3,3.1,Many trees of many species,C,co-dominant,1
A,7727,7.72,6,4.0,Tree section,D,smaller tree next to larger tree,1
A,7728,7.92,6,1.0,Single tree,C,co-dominant,1
A,7730,25.44,3,1.0,Single tree,A,isolated,1
A,7734,14.06,2,1.0,Single tree,C,co-dominant,2
A,7743,18.71,5,1.0,Single tree,A,isolated,1
A,7747,23.45,3,1.0,Single tree,C,co-dominant,0
A,7749,15.94,1,1.0,Single tree,B,dominant,2
A,7750,22.55,3,3.1,Many trees of many species,B,dominant,1
A,7753,14.58,1,1.0,Single tree,C,co-dominant,1
A,7757,18.23,1,2.0,Large tree with undergrowth,E,roadside,1
A,7781,20.22,3,1.0,Single tree,B,dominant,1
A,7784,14.64,1,3.0,Many trees of the same species,B,dominant,0
A,7807,10.39,1,2.0,Large tree with undergrowth,C,co-dominant,1
A,7813,10.15,1,1.0,Single tree,C,co-dominant,1
A,7825,8.42,6,1.0,Single tree,A,isolated,1
A,7832,8.3,6,4.0,Tree section,E,roadside,0
A,7834,13.74,1,1.0,Single tree,B,dominant,0
A,7836,21.74,3,1.0,Single tree,C,co-dominant,1
A,7837,23.7,3,1.0,Single tree,B,dominant,1
A,7841,13.44,1,1.0,Single tree,B,dominant,1
A,7845,18.81,9,3.0,Many trees of the same species,C,co-dominant,1
A,7846,8.22,6,4.0,Tree section,E,roadside,2
A,7856,14.18,4,4.0,Tree section,C,co-dominant,2
A,7866,26.05,2,1.0,Single tree,B,dominant,1
A,7871,13.94,1,3.1,Many trees of many species,B,dominant,2
A,7875,23.46,2,1.0,Single tree,B,dominant,2
A,7883,24.82,3,2.0,Large tree with undergrowth,B,dominant,2
A,7895,10.12,1,1.0,Single tree,C,co-dominant,1
A,7900,10.06,1,1.0,Single tree,C,co-dominant,2
A,7905,14.61,1,1.0,Single tree,E,roadside,1
A,7908,10.04,4,2.0,Large tree with undergrowth,C,co-dominant,0
A,7918,12.74,1,3.1,Many trees of many species,C,co-dominant,1
A,7919,10.09,1,1.0,Single tree,B,dominant,0
A,7921,15.54,2,1.0,Single tree,C,co-dominant,2
A,7933,20.37,3,1.0,Single tree,E,roadside,1
A,7943,11.34,1,1.0,Single tree,B,dominant,0
A,7950,13.71,1,1.0,Single tree,C,co-dominant,1
A,7953,7.98,1,1.0,Single tree,C,co-dominant,2
A,7962,12.83,1,2.0,Large tree with undergrowth,C,co-dominant,2
A,7967,9.95,4,4.0,Tree section,C,co-dominant,1
A,7976,19.23,3,1.0,Single tree,C,co-dominant,0
A,7977,20.58,3,1.0,Single tree,C,co-dominant,1
A,7987,9.68,1,3.0,Many trees of the same species,C,co-dominant,1
A,7988,8.76,1,1.0,Single tree,C,co-dominant,2
A,7989,11.02,6,2.0,Large tree with undergrowth,C,co-dominant,2
A,7994,12.66,4,4.0,Tree section,B,dominant,2
A,7998,14.79,7,4.0,Tree section,C,co-dominant,0
A,8002,5.96,4,1.0,Single tree,C,co-dominant,0
A,8003,23.91,5,2.0,Large tree with undergrowth,A,isolated,2
A,8004,19.37,9,1.0,Single tree,B,dominant,1
A,8005,14.48,1,1.0,Single tree,E,roadside,0
A,8014,13.9,1,3.0,Many trees of the same species,E,roadside,0
A,8015,12.92,1,1.0,Single tree,C,co-dominant,0
A,8016,24.93,1,3.0,Many trees of the same species,B,dominant,1
A,8034,12.82,4,4.0,Tree section,B,dominant,0
A,8041,14.09,1,3.1,Many trees of many species,C,co-dominant,0
A,8042,11.75,1,3.1,Many trees of many species,C,co-dominant,1
A,8053,13.63,1,1.0,Single tree,C,co-dominant,1
A,8054,13.76,5,4.0,Tree section,C,co-dominant,1
A,8060,13.32,1,1.0,Single tree,C,co-dominant,0
A,8062,13.6,1,1.0,Single tree,C,co-dominant,0
A,8073,12.51,4,4.0,Tree section,B,dominant,0
A,8075,22.55,1,1.0,Single tree,C,co-dominant,1
A,8082,11.15,1,3.1,Many trees of many species,C,co-dominant,1
A,8119,10.0,4,1.0,Single tree,C,co-dominant,2
A,8120,11.82,1,3.0,Many trees of the same species,B,dominant,1
A,8150,13.51,4,4.0,Tree section,C,co-dominant,2
A,8155,14.26,1,3.0,Many trees of the same species,C,co-dominant,1
A,8174,14.9,1,1.0,Single tree,B,dominant,1
A,8177,7.69,4,4.0,Tree section,C,co-dominant,1
A,8179,23.04,1,2.0,Large tree with undergrowth,C,co-dominant,1
A,8182,14.51,1,3.1,Many trees of many species,B,dominant,1
A,8188,16.86,5,3.1,Many trees of many species,C,co-dominant,1
A,8189,8.07,6,1.0,Single tree,E,roadside,1
A,8193,21.91,3,1.0,Single tree,C,co-dominant,1
A,8215,12.51,5,1.0,Single tree,C,co-dominant,1
A,8222,9.86,4,4.0,Tree section,C,co-dominant,0
A,8225,20.03,3,1.0,Single tree,B,dominant,1
A,8253,18.04,1,1.0,Single tree,E,roadside,1
A,8258,12.54,3,2.0,Large tree with undergrowth,E,roadside,2
A,8264,20.82,3,4.0,Tree section,B,dominant,0
A,8268,14.31,1,1.0,Single tree,C,co-dominant,0
A,8269,13.07,1,3.1,Many trees of many species,C,co-dominant,1
A,8278,16.05,1,1.0,Single tree,C,co-dominant,2
A,8280,14.28,3,1.0,Single tree,E,roadside,2
A,8281,23.42,1,2.0,Large tree with undergrowth,B,dominant,2
A,8297,23.72,3,1.0,Single tree,B,dominant,1
A,8309,16.74,3,1.0,Single tree,B,dominant,1
A,8312,8.41,4,4.0,Tree section,C,co-dominant,2
A,8313,8.41,4,4.0,Tree section,C,co-dominant,2
A,8321,14.25,1,2.0,Large tree with undergrowth,C,co-dominant,2
A,8333,19.49,3,1.0,Single tree,B,dominant,2
A,8338,16.94,1,2.0,Large tree with undergrowth,E,roadside,1
A,8341,20.41,3,1.0,Single tree,C,co-dominant,1
A,8344,14.52,1,3.0,Many trees of the same species,B,dominant,1
A,8360,14.71,1,3.0,Many trees of the same species,C,co-dominant,2
A,8361,9.9,3,1.0,Single tree,C,co-dominant,2
A,8369,14.7,5,3.0,Many trees of the same species,B,dominant,1
A,8370,25.15,1,2.0,Large tree with undergrowth,B,dominant,1
A,8378,9.65,1,1.0,Single tree,A,isolated,1
A,8384,15.32,1,1.0,Single tree,C,co-dominant,1
A,8386,22.75,1,2.0,Large tree with undergrowth,C,co-dominant,1
A,8395,9.43,1,1.0,Single tree,C,co-dominant,0
A,8396,9.15,6,1.0,Single tree,E,roadside,1
A,8402,10.25,5,3.0,Many trees of the same species,B,dominant,1
A,8403,14.96,1,1.0,Single tree,C,co-dominant,0
A,8432,14.83,1,1.0,Single tree,C,co-dominant,0
A,8435,17.91,1,1.0,Single tree,E,roadside,1
A,8441,15.68,1,1.0,Single tree,C,co-dominant,2
A,8442,15.17,1,1.0,Single tree,C,co-dominant,1
A,8445,8.69,4,1.0,Single tree,C,co-dominant,1
A,8448,14.61,4,4.0,Tree section,B,dominant,1
A,8466,8.14,1,1.0,Single tree,C,co-dominant,1
A,8468,18.65,1,1.0,Single tree,E,roadside,1
A,8483,9.74,1,1.0,Single tree,C,co-dominant,1
A,8497,6.74,4,1.0,Single tree,C,co-dominant,2
A,8517,9.7,1,1.0,Single tree,C,co-dominant,1
A,8518,9.45,4,3.1,Many trees of many species,B,dominant,1
A,8522,10.74,4,1.0,Single tree,A,isolated,1
A,8523,23.21,3,1.0,Single tree,B,dominant,1
A,8525,11.84,3,3.0,Many trees of the same species,B,dominant,1
A,8531,19.02,5,3.1,Many trees of many species,B,dominant,1
A,8532,18.74,5,1.0,Single tree,C,co-dominant,1
A,8544,16.37,3,1.0,Single tree,B,dominant,2
A,8552,12.13,1,1.0,Single tree,C,co-dominant,1
A,8553,9.49,4,4.0,Tree section,E,roadside,1
A,8563,15.66,1,1.0,Single tree,C,co-dominant,1
A,8564,23.01,3,4.0,Tree section,C,co-dominant,0
A,8581,19.53,1,1.0,Single tree,E,roadside,2
A,8583,12.43,1,1.0,Single tree,C,co-dominant,1
A,8588,9.63,4,1.0,Single tree,E,roadside,2
A,8589,9.9,4,1.0,Single tree,E,roadside,1
A,8604,10.76,8,1.0,Single tree,E,roadside,2
A,8618,18.19,1,1.0,Single tree,E,roadside,1
A,8640,10.32,1,2.0,Large tree with undergrowth,B,dominant,0
A,8648,17.33,3,1.0,Single tree,E,roadside,0
A,8660,27.98,5,2.0,Large tree with undergrowth,B,dominant,1
A,8661,24.58,3,2.0,Large tree with undergrowth,B,dominant,2
A,8668,16.92,3,1.0,Single tree,E,roadside,1
A,8669,10.38,4,4.0,Tree section,E,roadside,1
A,8670,19.44,2,2.0,Large tree with undergrowth,C,co-dominant,1
A,8686,19.23,1,3.0,Many trees of the same species,E,roadside,1
A,8696,13.11,1,1.0,Single tree,C,co-dominant,2
A,8700,18.98,9,3.0,Many trees of the same species,C,co-dominant,1
A,8704,10.55,4,1.0,Single tree,B,dominant,2
A,8707,14.64,1,1.0,Single tree,E,roadside,2
A,8717,15.6,1,1.0,Single tree,C,co-dominant,2
A,8757,19.61,3,1.0,Single tree,B,dominant,2
A,8758,18.68,1,2.0,Large tree with undergrowth,A,isolated,0
A,8769,19.21,9,3.0,Many trees of the same species,B,dominant,2
A,8779,7.34,4,1.0,Single tree,E,roadside,2
A,8783,10.65,4,1.0,Single tree,E,roadside,1
A,8794,17.98,1,4.0,Tree section,B,dominant,1
A,8800,25.65,3,3.1,Many trees of many species,B,dominant,0
A,8814,16.31,1,2.0,Large tree with undergrowth,C,co-dominant,1
A,8815,24.28,3,2.0,Large tree with undergrowth,A,isolated,1
A,8819,11.07,1,1.0,Single tree,C,co-dominant,0
A,8832,20.77,3,3.1,Many trees of many species,B,dominant,1
A,8845,18.38,1,2.0,Large tree with undergrowth,B,dominant,2
A,8857,5.26,6,1.0,Single tree,C,co-dominant,1
A,8864,11.27,4,1.0,Single tree,E,roadside,1
A,8874,18.27,9,2.0,Large tree with undergrowth,C,co-dominant,1
A,8875,17.63,1,1.0,Single tree,E,roadside,0
A,8883,20.13,2,2.0,Large tree with undergrowth,C,co-dominant,1
A,8885,17.85,3,3.1,Many trees of many species,C,co-dominant,0
A,8886,6.48,6,1.0,Single tree,D,smaller tree next to larger tree,1
A,8894,11.09,1,1.0,Single tree,B,dominant,1
A,8895,10.65,1,1.0,Single tree,C,co-dominant,1
A,8896,17.05,1,2.0,Large tree with undergrowth,C,co-dominant,1
A,8901,9.28,4,1.0,Single tree,C,co-dominant,1
A,8916,17.75,1,1.0,Single tree,A,isolated,1
A,8917,16.54,1,1.0,Single tree,C,co-dominant,1
A,8935,13.28,1,1.0,Single tree,E,roadside,1
A,8947,22.57,9,3.0,Many trees of the same species,A,isolated,2
A,8952,18.56,1,2.0,Large tree with undergrowth,B,dominant,1
A,8956,14.69,1,1.0,Single tree,C,co-dominant,1
A,8957,12.28,1,1.0,Single tree,C,co-dominant,2
A,8967,14.84,3,1.0,Single tree,D,smaller tree next to larger tree,1
A,8971,16.82,1,2.0,Large tree with undergrowth,C,co-dominant,2
A,8975,27.07,3,3.0,Many trees of the same species,A,isolated,1
A,8982,18.08,1,2.0,Large tree with undergrowth,E,roadside,1
A,8992,9.71,4,1.0,Single tree,C,co-dominant,2
A,8996,21.06,1,1.0,Single tree,C,co-dominant,0
A,9003,10.64,3,3.1,Many trees of many species,C,co-dominant,1
A,9023,11.17,4,1.0,Single tree,E,roadside,2
A,9033,15.98,1,3.1,Many trees of many species,C,co-dominant,2
A,9037,8.66,8,1.0,Single tree,E,roadside,2
A,9040,16.85,1,1.0,Single tree,C,co-dominant,1
A,9041,21.75,3,1.0,Single tree,C,co-dominant,1
A,9068,17.25,1,2.0,Large tree with undergrowth,B,dominant,1
A,9076,12.07,3,1.0,Single tree,B,dominant,1
A,9078,20.53,1,2.0,Large tree with undergrowth,B,dominant,0
A,9084,13.44,3,1.0,Single tree,A,isolated,1
A,9103,18.47,3,1.0,Single tree,C,co-dominant,1
A,9115,21.26,1,3.1,Many trees of many species,B,dominant,1
A,9120,11.68,4,1.0,Single tree,E,roadside,2
A,9132,11.9,4,4.0,Tree section,E,roadside,1
A,9140,13.07,2,1.0,Single tree,C,co-dominant,1
A,9143,11.2,4,4.0,Tree section,C,co-dominant,1
A,9144,6.45,6,1.0,Single tree,E,roadside,1
A,9152,16.82,1,1.0,Single tree,B,dominant,1
A,9153,12.69,1,1.0,Single tree,C,co-dominant,1
A,9159,23.37,3,1.0,Single tree,B,dominant,1
A,9160,13.27,4,1.0,Single tree,C,co-dominant,0
A,9161,13.21,2,1.0,Single tree,B,dominant,0
A,9165,9.71,3,1.0,Single tree,C,co-dominant,1
A,9168,14.36,3,1.0,Single tree,C,co-dominant,1
A,9193,10.26,4,1.0,Single tree,D,smaller tree next to larger tree,2
A,9194,10.66,1,4.0,Tree section,B,dominant,1
A,9205,19.45,1,2.0,Large tree with undergrowth,B,dominant,1
A,9213,19.82,3,4.0,Tree section,C,co-dominant,1
A,9219,10.07,1,1.0,Single tree,A,isolated,0
A,9221,12.19,3,1.0,Single tree,A,isolated,1
A,9225,15.11,1,3.1,Many trees of many species,B,dominant,1
A,9227,10.02,6,1.0,Single tree,C,co-dominant,2
A,9230,5.49,4,1.0,Single tree,E,roadside,1
A,9236,21.12,3,1.0,Single tree,A,isolated,2
A,9239,14.95,1,1.0,Single tree,C,co-dominant,2
A,9242,12.6,8,1.0,Single tree,D,smaller tree next to larger tree,1
A,9246,12.41,4,2.0,Large tree with undergrowth,E,roadside,0
A,9254,12.47,4,4.0,Tree section,C,co-dominant,1
A,9271,13.7,1,1.0,Single tree,C,co-dominant,2
A,9272,10.33,3,1.0,Single tree,C,co-dominant,1
A,9275,10.86,4,1.0,Single tree,C,co-dominant,1
A,9276,10.88,4,4.0,Tree section,C,co-dominant,1
A,9283,16.14,1,1.0,Single tree,C,co-dominant,1
A,9284,10.09,3,1.0,Single tree,C,co-dominant,2
A,9288,6.45,6,1.0,Single tree,E,roadside,1
A,9290,11.15,4,4.0,Tree section,E,roadside,0
A,9310,12.22,1,2.0,Large tree with undergrowth,C,co-dominant,1
A,9313,11.23,1,2.0,Large tree with undergrowth,B,dominant,2
A,9315,13.07,8,1.0,Single tree,C,co-dominant,2
A,9322,12.2,7,1.0,Single tree,E,roadside,0
A,9323,20.02,9,3.0,Many trees of the same species,C,co-dominant,1
A,9328,17.56,1,1.0,Single tree,A,isolated,1
A,9332,12.01,4,4.0,Tree section,C,co-dominant,1
A,9336,12.63,6,1.0,Single tree,D,smaller tree next to larger tree,1
A,9339,15.43,1,1.0,Single tree,C,co-dominant,1
A,9340,20.85,1,2.0,Large tree with undergrowth,C,co-dominant,1
A,9350,11.68,3,1.0,Single tree,C,co-dominant,1
A,9357,19.71,3,1.0,Single tree,B,dominant,0
A,9365,15.93,1,1.0,Single tree,A,isolated,0
A,9370,12.78,8,1.0,Single tree,C,co-dominant,1
A,9371,5.5,6,1.0,Single tree,E,roadside,1
A,9377,8.55,4,4.0,Tree section,C,co-dominant,1
A,9378,18.23,1,4.0,Tree section,E,roadside,0
A,9384,19.89,9,4.0,Tree section,C,co-dominant,1
A,9385,10.6,1,1.0,Single tree,E,roadside,2
A,9386,12.1,1,1.0,Single tree,B,dominant,1
A,9388,11.75,1,2.0,Large tree with undergrowth,E,roadside,1
A,9389,16.01,1,1.0,Single tree,E,roadside,2
A,9396,15.69,1,2.0,Large tree with undergrowth,B,dominant,1
A,9397,22.45,1,2.0,Large tree with undergrowth,B,dominant,2
A,9406,19.61,2,1.0,Single tree,E,roadside,1
A,9407,13.64,1,1.0,Single tree,B,dominant,2
A,9411,6.87,4,3.1,Many trees of many species,C,co-dominant,2
A,9427,19.68,9,1.0,Single tree,C,co-dominant,1
A,9429,12.24,4,1.0,Single tree,C,co-dominant,1
A,9462,15.66,1,1.0,Single tree,C,co-dominant,1
A,9467,11.16,8,1.0,Single tree,E,roadside,2
A,9468,13.83,4,4.0,Tree section,E,roadside,1
A,9476,21.28,3,1.0,Single tree,C,co-dominant,1
A,9477,22.24,1,2.0,Large tree with undergrowth,C,co-dominant,1
A,9491,14.04,4,4.0,Tree section,E,roadside,2
A,9493,17.64,1,1.0,Single tree,B,dominant,0
A,9500,15.6,1,2.0,Large tree with undergrowth,B,dominant,1
A,9501,12.85,1,2.0,Large tree with undergrowth,B,dominant,1
A,9512,16.64,1,1.0,Single tree,E,roadside,1
A,9513,13.94,1,1.0,Single tree,C,co-dominant,1
A,9528,13.13,4,1.0,Single tree,B,dominant,1
A,9550,11.36,3,1.0,Single tree,C,co-dominant,1
A,9558,19.61,3,4.0,Tree section,E,roadside,1
A,9559,18.85,3,4.0,Tree section,E,roadside,1
A,9561,15.85,1,3.0,Many trees of the same species,A,isolated,1
A,9562,17.62,1,1.0,Single tree,C,co-dominant,1
A,9570,12.11,4,1.0,Single tree,E,roadside,0
A,9584,21.45,3,1.0,Single tree,E,roadside,1
A,9591,19.3,3,2.0,Large tree with undergrowth,B,dominant,1
A,9593,24.28,3,1.0,Single tree,C,co-dominant,1
A,9605,22.34,3,1.0,Single tree,B,dominant,1
A,9608,16.59,1,1.0,Single tree,C,co-dominant,0
A,9610,9.55,4,1.0,Single tree,C,co-dominant,2
A,9614,7.67,6,1.0,Single tree,C,co-dominant,1
A,9622,14.05,7,1.0,Single tree,E,roadside,1
A,9623,17.34,1,1.0,Single tree,B,dominant,2
A,9627,23.36,3,1.0,Single tree,B,dominant,1
A,9637,20.15,1,2.0,Large tree with undergrowth,C,co-dominant,2
A,9639,8.84,8,1.0,Single tree,E,roadside,1
A,9641,9.96,4,1.0,Single tree,E,roadside,1
A,9642,7.74,6,1.0,Single tree,B,dominant,1
A,9644,14.08,1,1.0,Single tree,C,co-dominant,1
A,9645,24.23,3,1.0,Single tree,C,co-dominant,1
A,9646,24.36,3,1.0,Single tree,C,co-dominant,0
A,9650,10.95,4,4.0,Tree section,A,isolated,0
A,9657,16.9,1,3.0,Many trees of the same species,A,isolated,1
A,9660,23.05,1,2.0,Large tree with undergrowth,E,roadside,1
A,9661,20.22,1,3.0,Many trees of the same species,E,roadside,2
A,9680,21.81,1,3.0,Many trees of the same species,C,co-dominant,2
A,9686,9.53,8,1.0,Single tree,E,roadside,1
A,9693,16.18,1,1.0,Single tree,C,co-dominant,2
A,9696,22.2,1,3.1,Many trees of many species,C,co-dominant,1
A,9701,9.31,4,1.0,Single tree,E,roadside,0
A,9703,21.63,1,1.0,Single tree,A,isolated,1
A,9719,9.22,6,1.0,Single tree,D,smaller tree next to larger tree,1
A,9721,17.28,1,1.0,Single tree,C,co-dominant,1
A,9722,20.92,3,3.1,Many trees of many species,E,roadside,1
A,9727,19.72,3,4.0,Tree section,C,co-dominant,1
A,9742,7.03,6,1.0,Single tree,E,roadside,0
A,9743,16.78,1,1.0,Single tree,C,co-dominant,2
A,9749,16.41,1,4.0,Tree section,C,co-dominant,1
A,9754,7.05,6,3.0,Many trees of the same species,E,roadside,1
A,9768,15.85,1,1.0,Single tree,B,dominant,0
A,9770,11.11,4,1.0,Single tree,E,roadside,0
A,9773,13.47,2,1.0,Single tree,A,isolated,0
A,9775,16.75,1,3.1,Many trees of many species,C,co-dominant,1
A,9782,16.98,4,1.0,Single tree,E,roadside,1
A,9786,14.36,1,1.0,Single tree,A,isolated,0
A,9791,19.07,4,1.0,Single tree,B,dominant,1
A,9798,15.69,4,1.0,Single tree,E,roadside,0
A,9804,16.39,1,3.0,Many trees of the same species,C,co-dominant,0
A,9809,24.61,3,2.0,Large tree with undergrowth,B,dominant,2
A,9810,11.03,4,1.0,Single tree,E,roadside,2
A,9812,20.89,1,3.0,Many trees of the same species,C,co-dominant,2
A,9814,20.5,4,3.1,Many trees of many species,B,dominant,1
A,9823,21.43,1,2.0,Large tree with undergrowth,C,co-dominant,1
A,9824,21.46,1,2.0,Large tree with undergrowth,B,dominant,0
A,9827,20.34,3,1.0,Single tree,E,roadside,2
A,9842,8.58,6,1.0,Single tree,E,roadside,1
A,9852,17.71,1,3.0,Many trees of the same species,B,dominant,1
A,9854,18.36,1,3.0,Many trees of the same species,B,dominant,1
A,9856,15.86,1,4.0,Tree section,C,co-dominant,0
A,9860,20.46,3,3.0,Many trees of the same species,B,dominant,0
A,9866,11.1,4,1.0,Single tree,E,roadside,2
A,9868,20.24,3,1.0,Single tree,C,co-dominant,1
A,9869,22.03,1,1.0,Single tree,B,dominant,2
A,9870,14.69,9,1.0,Single tree,C,co-dominant,1
A,9875,12.51,4,1.0,Single tree,E,roadside,1
A,9876,23.35,1,3.1,Many trees of many species,B,dominant,1
A,9884,24.06,3,1.0,Single tree,C,co-dominant,1
A,9885,24.09,3,3.1,Many trees of many species,B,dominant,1
A,9896,15.34,2,1.0,Single tree,C,co-dominant,2
A,9901,20.2,3,1.0,Single tree,E,roadside,1
A,9902,21.48,3,3.0,Many trees of the same species,E,roadside,1
A,9904,15.06,1,1.0,Single tree,C,co-dominant,1
A,9910,9.94,4,1.0,Single tree,E,roadside,1
A,9917,19.74,9,4.0,Tree section,B,dominant,1
A,9921,13.28,4,1.0,Single tree,B,dominant,1
A,9924,22.36,5,1.0,Single tree,C,co-dominant,1
A,9925,23.19,3,3.0,Many trees of the same species,C,co-dominant,2
A,9932,20.61,3,2.0,Large tree with undergrowth,C,co-dominant,2
A,9941,20.04,3,1.0,Single tree,C,co-dominant,1
A,9942,17.22,1,1.0,Single tree,B,dominant,1
A,9956,23.08,3,2.0,Large tree with undergrowth,C,co-dominant,2
A,9971,18.82,1,2.0,Large tree with undergrowth,A,isolated,0
A,9976,11.19,1,1.0,Single tree,A,isolated,0
A,9981,8.18,6,3.0,Many trees of the same species,E,roadside,1
A,9982,20.61,1,3.1,Many trees of many species,C,co-dominant,1
A,9993,15.21,1,1.0,Single tree,A,isolated,1
A,10004,15.58,1,1.0,Single tree,C,co-dominant,2
A,10005,22.84,3,2.0,Large tree with undergrowth,C,co-dominant,0
A,10008,6.93,4,1.0,Single tree,C,co-dominant,1
A,10012,9.47,1,1.0,Single tree,D,smaller tree next to larger tree,2
A,10013,20.57,9,4.0,Tree section,B,dominant,1
A,10015,17.02,1,2.0,Large tree with undergrowth,C,co-dominant,1
A,10016,10.24,4,1.0,Single tree,E,roadside,1
A,10020,19.29,1,2.0,Large tree with undergrowth,B,dominant,0
A,10021,6.94,6,1.0,Single tree,C,co-dominant,0
A,10024,12.32,1,4.0,Tree section,A,isolated,0
A,10032,11.96,1,2.0,Large tree with undergrowth,E,roadside,1
A,10033,7.12,6,4.0,Tree section,C,co-dominant,1
A,10041,22.93,3,2.0,Large tree with undergrowth,B,dominant,2
A,10045,6.11,6,1.0,Single tree,E,roadside,1
A,10046,12.61,4,4.0,Tree section,E,roadside,1
A,10047,10.87,4,1.0,Single tree,E,roadside,1
A,10048,19.5,1,1.0,Single tree,C,co-dominant,0
A,10050,19.44,1,3.0,Many trees of the same species,B,dominant,1
A,10054,19.89,1,2.0,Large tree with undergrowth,A,isolated,1
A,10055,14.44,4,1.0,Single tree,B,dominant,0
A,10056,16.99,1,2.0,Large tree with undergrowth,A,isolated,1
A,10057,9.26,4,3.1,Many trees of many species,C,co-dominant,1
A,10060,12.55,4,4.0,Tree section,E,roadside,0
A,10063,16.54,1,3.0,Many trees of the same species,C,co-dominant,1
A,10070,16.41,1,1.0,Single tree,A,isolated,1
A,10072,8.6,4,2.0,Large tree with undergrowth,E,roadside,1
A,10073,24.52,3,2.0,Large tree with undergrowth,B,dominant,1
A,10074,11.5,3,1.0,Single tree,D,smaller tree next to larger tree,1
A,10075,14.35,1,1.0,Single tree,B,dominant,1
A,10081,7.82,6,1.0,Single tree,B,dominant,1
A,10082,13.75,6,2.0,Large tree with undergrowth,C,co-dominant,1
A,10100,21.23,1,2.0,Large tree with undergrowth,B,dominant,1
A,10103,20.4,3,1.0,Single tree,C,co-dominant,2
A,10105,21.14,3,2.0,Large tree with undergrowth,B,dominant,1
A,10107,24.3,3,1.0,Single tree,B,dominant,1
A,10115,7.03,8,2.0,Large tree with undergrowth,E,roadside,0
A,10133,19.52,1,1.0,Single tree,C,co-dominant,1
A,10138,16.6,1,2.0,Large tree with undergrowth,E,roadside,1
A,10142,18.55,9,3.0,Many trees of the same species,C,co-dominant,1
A,10160,23.75,1,1.0,Single tree,B,dominant,1
A,10166,7.35,6,3.0,Many trees of the same species,E,roadside,1
A,10167,20.47,3,1.0,Single tree,C,co-dominant,2
A,10168,20.29,5,1.0,Single tree,C,co-dominant,1
A,10169,22.25,3,1.0,Single tree,C,co-dominant,2
A,10170,11.72,4,4.0,Tree section,E,roadside,0
A,10179,24.1,3,1.0,Single tree,C,co-dominant,2
A,10190,11.85,4,1.0,Single tree,B,dominant,2
A,10196,18.38,1,1.0,Single tree,C,co-dominant,1
A,10202,12.6,4,1.0,Single tree,C,co-dominant,1
A,10205,17.44,1,1.0,Single tree,C,co-dominant,0
A,10212,18.48,1,1.0,Single tree,A,isolated,1
A,10213,16.6,1,1.0,Single tree,B,dominant,1
A,10219,12.96,1,1.0,Single tree,E,roadside,2
A,10220,12.54,6,1.0,Single tree,E,roadside,1
A,10222,13.98,1,2.0,Large tree with undergrowth,A,isolated,0
A,10229,10.69,4,4.0,Tree section,E,roadside,1
A,10230,23.92,3,2.0,Large tree with undergrowth,C,co-dominant,1
A,10264,23.25,3,3.0,Many trees of the same species,B,dominant,1
A,10274,8.85,4,1.0,Single tree,E,roadside,2
A,10287,13.14,1,1.0,Single tree,D,smaller tree next to larger tree,0
A,10296,19.93,3,2.0,Large tree with undergrowth,D,smaller tree next to larger tree,1
A,10301,22.26,3,3.0,Many trees of the same species,B,dominant,1
A,10304,14.3,4,1.0,Single tree,A,isolated,2
A,10305,12.32,6,1.0,Single tree,E,roadside,0
A,10333,25.61,3,1.0,Single tree,A,isolated,1
A,10334,20.59,5,1.0,Single tree,C,co-dominant,1
A,10335,22.24,3,3.0,Many trees of the same species,C,co-dominant,1
A,10348,17.52,1,1.0,Single tree,C,co-dominant,1
A,10350,16.36,1,1.0,Single tree,B,dominant,1
A,10352,17.29,1,1.0,Single tree,C,co-dominant,1
A,10354,12.87,1,1.0,Single tree,C,co-dominant,1
A,10355,18.22,4,3.1,Many trees of many species,C,co-dominant,1
A,10357,21.8,3,1.0,Single tree,C,co-dominant,2
A,10360,22.35,3,1.0,Single tree,C,co-dominant,1
A,10382,20.12,3,1.0,Single tree,E,roadside,1
A,10383,22.85,3,1.0,Single tree,B,dominant,1
A,10391,15.99,2,1.0,Single tree,E,roadside,0
A,10394,23.14,2,1.0,Single tree,E,roadside,0
A,10414,19.06,1,1.0,Single tree,B,dominant,0
A,10419,20.48,1,1.0,Single tree,C,co-dominant,0
A,10420,8.37,4,1.0,Single tree,E,roadside,1
A,10421,21.21,3,2.0,Large tree with undergrowth,C,co-dominant,1
A,10422,18.85,3,2.0,Large tree with undergrowth,C,co-dominant,0
A,10430,20.77,3,1.0,Single tree,B,dominant,1
A,10437,26.34,3,2.0,Large tree with undergrowth,C,co-dominant,1
A,10439,23.61,3,1.0,Single tree,A,isolated,1
A,10447,23.95,3,1.0,Single tree,C,co-dominant,2
A,10448,22.69,2,3.0,Many trees of the same species,B,dominant,1
A,10449,20.53,3,4.0,Tree section,C,co-dominant,1
A,10456,10.56,4,1.0,Single tree,B,dominant,2
A,10468,23.75,3,1.0,Single tree,C,co-dominant,2
A,10471,20.12,5,3.0,Many trees of the same species,B,dominant,1
A,10480,18.97,3,1.0,Single tree,E,roadside,2
A,10482,24.46,1,1.0,Single tree,C,co-dominant,2
A,10483,24.55,1,1.0,Single tree,C,co-dominant,1
A,10484,21.3,3,1.0,Single tree,C,co-dominant,0
A,10485,21.25,3,1.0,Single tree,B,dominant,1
A,10504,21.73,3,1.0,Single tree,B,dominant,1
A,10505,16.8,3,1.0,Single tree,C,co-dominant,1
A,10507,23.82,2,3.1,Many trees of many species,C,co-dominant,1
A,10522,12.65,2,1.0,Single tree,E,roadside,1
A,10523,15.62,5,1.0,Single tree,E,roadside,1
A,10525,20.66,3,1.0,Single tree,C,co-dominant,2
A,10536,19.72,5,1.0,Single tree,C,co-dominant,2
A,10540,10.96,4,1.0,Single tree,E,roadside,0
A,10541,21.84,3,3.1,Many trees of many species,B,dominant,0
A,10551,20.2,3,1.0,Single tree,C,co-dominant,2
A,10553,12.2,4,1.0,Single tree,E,roadside,1
A,10555,19.86,3,1.0,Single tree,A,isolated,1
A,10568,10.74,4,1.0,Single tree,E,roadside,1
A,10570,25.01,5,3.1,Many trees of many species,C,co-dominant,2
A,10579,9.06,4,2.0,Large tree with undergrowth,B,dominant,2
A,10582,23.42,1,4.0,Tree section,C,co-dominant,2
A,10606,19.91,1,3.1,Many trees of many species,B,dominant,2
A,10608,23.58,3,3.1,Many trees of many species,B,dominant,1
A,10611,21.16,1,1.0,Single tree,C,co-dominant,1
A,10626,15.93,5,1.0,Single tree,E,roadside,0
A,10627,14.35,4,1.0,Single tree,E,roadside,1
A,10629,18.51,3,1.0,Single tree,E,roadside,2
A,10636,18.19,4,3.0,Many trees of the same species,A,isolated,1
A,10637,13.06,6,1.0,Single tree,C,co-dominant,1
A,10638,20.1,1,3.0,Many trees of the same species,E,roadside,0
A,10657,10.53,4,1.0,Single tree,B,dominant,2
A,10658,29.48,3,3.1,Many trees of many species,B,dominant,1
A,10660,9.89,6,1.0,Single tree,D,smaller tree next to larger tree,1
A,10670,28.71,3,1.0,Single tree,B,dominant,1
A,10671,25.42,3,2.0,Large tree with undergrowth,B,dominant,1
A,10674,24.53,3,1.0,Single tree,B,dominant,1
A,10675,8.99,4,1.0,Single tree,E,roadside,2
A,10688,23.13,3,1.0,Single tree,A,isolated,1
A,10695,18.98,3,1.0,Single tree,E,roadside,2
A,10698,11.94,3,1.0,Single tree,E,roadside,1
A,10703,22.98,3,1.0,Single tree,C,co-dominant,1
A,10706,22.05,1,1.0,Single tree,C,co-dominant,1
A,10707,22.5,3,1.0,Single tree,C,co-dominant,1
A,10708,21.36,3,1.0,Single tree,C,co-dominant,0
A,10714,22.17,2,1.0,Single tree,E,roadside,1
A,10718,18.32,3,1.0,Single tree,E,roadside,2
A,10720,19.26,3,1.0,Single tree,C,co-dominant,1
A,10725,17.16,1,2.0,Large tree with undergrowth,E,roadside,0
A,10733,11.9,4,1.0,Single tree,E,roadside,1
A,10734,28.11,1,1.0,Single tree,C,co-dominant,1
A,10737,7.03,6,1.0,Single tree,C,co-dominant,2
A,10754,15.11,3,1.0,Single tree,E,roadside,0
A,10764,13.4,4,4.0,Tree section,E,roadside,1
A,10767,15.18,6,1.0,Single tree,C,co-dominant,1
A,10769,21.45,1,1.0,Single tree,C,co-dominant,1
A,10770,13.1,1,1.0,Single tree,B,dominant,1
A,10776,15.24,1,1.0,Single tree,E,roadside,2
A,10790,13.94,4,4.0,Tree section,E,roadside,1
A,10793,12.47,1,3.1,Many trees of many species,B,dominant,1
A,10809,19.08,1,1.0,Single tree,C,co-dominant,1
A,10810,22.77,1,2.0,Large tree with undergrowth,A,isolated,1
A,10812,13.41,3,1.0,Single tree,E,roadside,1
A,10814,11.84,4,1.0,Single tree,E,roadside,0
A,10816,16.41,1,1.0,Single tree,C,co-dominant,1
A,10820,14.64,1,1.0,Single tree,E,roadside,1
A,10823,16.28,1,1.0,Single tree,E,roadside,1
A,10824,11.88,4,4.0,Tree section,E,roadside,1
A,10827,18.72,1,1.0,Single tree,E,roadside,1
A,10845,7.02,6,1.0,Single tree,B,dominant,2
A,10854,16.14,6,1.0,Single tree,C,co-dominant,1
A,10859,23.67,2,1.0,Single tree,C,co-dominant,1
A,10861,13.83,2,1.0,Single tree,A,isolated,1
A,10868,14.4,4,1.0,Single tree,E,roadside,2
A,10869,13.04,4,1.0,Single tree,E,roadside,0
A,10881,12.55,8,1.0,Single tree,E,roadside,2
A,10886,8.21,1,1.0,Single tree,C,co-dominant,1
A,10896,18.96,3,1.0,Single tree,A,isolated,0
A,10902,10.63,1,1.0,Single tree,B,dominant,1
A,10903,23.79,3,3.0,Many trees of the same species,C,co-dominant,1
A,10905,19.44,5,3.1,Many trees of many species,B,dominant,2
A,10906,14.0,6,3.0,Many trees of the same species,E,roadside,1
A,10909,19.77,5,3.1,Many trees of many species,B,dominant,1
A,10921,17.71,5,3.0,Many trees of the same species,C,co-dominant,1
A,10922,17.59,5,2.0,Large tree with undergrowth,C,co-dominant,1
A,10930,20.63,4,1.0,Single tree,B,dominant,0
A,10932,20.89,3,2.0,Large tree with undergrowth,E,roadside,1
A,10933,9.41,4,1.0,Single tree,E,roadside,1
A,10934,23.11,3,1.0,Single tree,E,roadside,1
A,10938,19.24,1,2.0,Large tree with undergrowth,A,isolated,1
A,10946,12.99,4,4.0,Tree section,E,roadside,2
A,10950,23.23,3,1.0,Single tree,B,dominant,1
A,10960,22.47,3,1.0,Single tree,C,co-dominant,1
A,10978,15.79,5,1.0,Single tree,C,co-dominant,1
A,10979,17.24,5,1.0,Single tree,C,co-dominant,2
A,10981,13.15,1,1.0,Single tree,E,roadside,1
A,10982,8.3,6,3.0,Many trees of the same species,E,roadside,0
A,10984,17.82,2,1.0,Single tree,E,roadside,1
A,10992,15.82,5,1.0,Single tree,C,co-dominant,2
A,10993,6.43,1,1.0,Single tree,C,co-dominant,1
A,10994,13.84,7,3.1,Many trees of many species,A,isolated,0
A,10999,16.64,1,2.0,Large tree with undergrowth,C,co-dominant,0
A,11002,22.37,3,1.0,Single tree,E,roadside,1
A,11012,14.36,4,4.0,Tree section,E,roadside,1
A,11021,18.2,5,1.0,Single tree,C,co-dominant,0
A,11046,26.22,3,3.0,Many trees of the same species,A,isolated,2
A,11060,13.28,4,4.0,Tree section,E,roadside,0
A,11061,17.44,3,2.0,Large tree with undergrowth,E,roadside,1
A,11062,23.1,3,1.0,Single tree,E,roadside,1
A,11085,13.14,2,1.0,Single tree,E,roadside,2
A,11111,8.99,1,1.0,Single tree,B,dominant,1
A,11123,20.72,1,1.0,Single tree,C,co-dominant,1
A,11126,14.23,4,3.0,Many trees of the same species,C,co-dominant,1
A,11130,18.57,1,1.0,Single tree,B,dominant,1
A,11144,16.43,2,1.0,Single tree,E,roadside,1
A,11160,11.7,4,1.0,Single tree,C,co-dominant,1
A,11161,7.29,1,1.0,Single tree,C,co-dominant,1
A,11164,14.58,4,2.0,Large tree with undergrowth,E,roadside,0
A,11177,22.72,3,3.0,Many trees of the same species,E,roadside,2
A,11187,14.62,4,2.0,Large tree with undergrowth,E,roadside,1
A,11189,7.56,1,1.0,Single tree,C,co-dominant,1
A,11194,14.3,4,3.0,Many trees of the same species,B,dominant,1
A,11195,22.46,1,1.0,Single tree,C,co-dominant,1
A,11197,9.12,4,1.0,Single tree,E,roadside,1
A,11207,16.68,1,1.0,Single tree,B,dominant,1
A,11220,7.95,6,4.0,Tree section,E,roadside,1
A,11221,8.19,6,4.0,Tree section,E,roadside,2
A,11225,20.76,3,4.0,Tree section,C,co-dominant,1
A,11244,24.06,2,1.0,Single tree,C,co-dominant,2
A,11249,26.05,2,2.0,Large tree with undergrowth,A,isolated,1
A,11254,24.41,1,1.0,Single tree,C,co-dominant,1
A,11262,13.92,4,1.0,Single tree,C,co-dominant,1
A,11264,5.92,1,1.0,Single tree,C,co-dominant,0
A,11293,18.79,3,1.0,Single tree,E,roadside,1
A,11297,15.25,1,1.0,Single tree,C,co-dominant,2
A,11304,8.15,1,1.0,Single tree,B,dominant,0
A,11318,13.73,4,4.0,Tree section,E,roadside,2
A,11321,24.55,3,1.0,Single tree,C,co-dominant,1
A,11323,11.77,1,1.0,Single tree,C,co-dominant,1
A,11324,12.37,5,1.0,Single tree,A,isolated,1
A,11325,25.18,3,2.0,Large tree with undergrowth,B,dominant,0
A,11328,14.27,4,4.0,Tree section,E,roadside,1
A,11335,15.06,1,2.0,Large tree with undergrowth,E,roadside,1
A,11336,13.61,3,1.0,Single tree,E,roadside,0
A,11339,21.38,7,1.0,Single tree,E,roadside,0
A,11351,15.86,4,3.0,Many trees of the same species,B,dominant,1
A,11372,16.67,9,3.0,Many trees of the same species,C,co-dominant,2
A,11384,20.29,1,1.0,Single tree,A,isolated,1
A,11394,16.03,4,3.0,Many trees of the same species,C,co-dominant,1
A,11400,21.39,1,2.0,Large tree with undergrowth,B,dominant,2
A,11409,15.22,1,1.0,Single tree,C,co-dominant,1
A,11410,14.06,1,1.0,Single tree,B,dominant,1
A,11422,13.13,4,4.0,Tree section,B,dominant,2
A,11426,9.57,1,1.0,Single tree,A,isolated,0
A,11430,6.56,4,1.0,Single tree,C,co-dominant,2
A,11437,17.93,3,1.0,Single tree,A,isolated,1
A,11440,11.56,1,1.0,Single tree,C,co-dominant,2
A,11441,12.52,1,1.0,Single tree,B,dominant,1
A,11445,14.0,1,2.0,Large tree with undergrowth,E,roadside,1
A,11460,24.17,1,3.0,Many trees of the same species,A,isolated,2
A,11469,16.42,1,1.0,Single tree,C,co-dominant,1
A,11482,10.87,5,2.0,Large tree with undergrowth,C,co-dominant,1
A,11486,19.63,1,2.0,Large tree with undergrowth,E,roadside,1
A,11489,17.93,3,1.0,Single tree,E,roadside,1
A,11497,22.3,7,1.0,Single tree,E,roadside,1
A,11502,8.08,1,1.0,Single tree,E,roadside,1
A,11504,12.91,4,4.0,Tree section,B,dominant,0
A,11510,14.42,2,1.0,Single tree,D,smaller tree next to larger tree,1
A,11520,17.16,8,1.0,Single tree,C,co-dominant,2
A,11522,12.71,1,1.0,Single tree,C,co-dominant,1
A,11523,10.02,1,1.0,Single tree,C,co-dominant,2
A,11531,11.48,4,4.0,Tree section,E,roadside,2
A,11532,10.14,6,1.0,Single tree,E,roadside,1
A,11533,18.18,2,2.0,Large tree with undergrowth,C,co-dominant,0
A,11562,12.38,5,1.0,Single tree,C,co-dominant,0
A,11563,14.29,2,1.0,Single tree,A,isolated,0
A,11569,9.17,1,1.0,Single tree,E,roadside,2
A,11576,10.26,4,4.0,Tree section,E,roadside,0
A,11586,20.6,1,1.0,Single tree,C,co-dominant,1
A,11589,12.28,4,1.0,Single tree,E,roadside,1
A,11590,13.23,4,4.0,Tree section,A,isolated,1
A,11607,13.93,1,1.0,Single tree,C,co-dominant,1
A,11608,25.63,2,3.1,Many trees of many species,B,dominant,1
A,11609,11.3,4,1.0,Single tree,E,roadside,0
A,11622,13.99,3,1.0,Single tree,E,roadside,0
A,11625,12.79,1,1.0,Single tree,C,co-dominant,2
A,11626,13.33,1,1.0,Single tree,C,co-dominant,0
A,11628,15.41,1,1.0,Single tree,C,co-dominant,2
A,11639,15.1,1,1.0,Single tree,C,co-dominant,2
A,11648,13.37,8,1.0,Single tree,C,co-dominant,0
A,11652,11.19,1,1.0,Single tree,D,smaller tree next to larger tree,1
A,11668,12.44,8,4.0,Tree section,A,isolated,1
A,11670,19.48,3,3.1,Many trees of many species,A,isolated,0
A,11678,6.46,1,1.0,Single tree,E,roadside,1
A,11682,11.59,4,4.0,Tree section,E,roadside,0
A,11684,11.02,1,1.0,Single tree,C,co-dominant,0
A,11694,12.6,4,4.0,Tree section,A,isolated,1
A,11697,16.34,1,1.0,Single tree,B,dominant,1
A,11709,17.55,2,1.0,Single tree,D,smaller tree next to larger tree,1
A,11710,12.98,1,1.0,Single tree,E,roadside,2
A,11725,11.97,8,4.0,Tree section,A,isolated,0
A,11728,18.48,1,2.0,Large tree with undergrowth,C,co-dominant,1
A,11740,15.92,5,1.0,Single tree,C,co-dominant,1
A,11747,18.2,3,3.1,Many trees of many species,B,dominant,1
A,11752,12.87,4,1.0,Single tree,E,roadside,1
A,11762,22.66,2,1.0,Single tree,C,co-dominant,1
A,11763,14.84,3,1.0,Single tree,C,co-dominant,0
A,11769,7.56,1,1.0,Single tree,E,roadside,2
A,11771,18.09,5,1.0,Single tree,A,isolated,2
A,11776,16.52,4,4.0,Tree section,C,co-dominant,1
A,11777,15.21,8,1.0,Single tree,C,co-dominant,2
A,11782,23.25,1,2.0,Large tree with undergrowth,C,co-dominant,1
A,11789,12.11,8,1.0,Single tree,A,isolated,1
A,11805,13.61,4,1.0,Single tree,E,roadside,2
A,11806,16.0,4,4.0,Tree section,C,co-dominant,1
A,11808,22.55,1,1.0,Single tree,C,co-dominant,1
A,11831,11.52,4,1.0,Single tree,E,roadside,1
A,11834,15.88,1,1.0,Single tree,C,co-dominant,1
A,11844,15.8,4,1.0,Single tree,E,roadside,1
A,11845,19.83,3,1.0,Single tree,E,roadside,2
A,11848,22.76,3,3.0,Many trees of the same species,E,roadside,0
A,11849,23.07,2,1.0,Single tree,B,dominant,1
A,11850,19.86,2,1.0,Single tree,B,dominant,0
A,11853,24.53,3,1.0,Single tree,E,roadside,0
A,11858,21.14,3,1.0,Single tree,E,roadside,1
A,11864,16.8,1,1.0,Single tree,C,co-dominant,1
A,11876,14.35,1,1.0,Single tree,C,co-dominant,1
A,11878,18.75,1,1.0,Single tree,C,co-dominant,0
A,11891,17.68,3,1.0,Single tree,C,co-dominant,1
A,11895,15.81,1,2.0,Large tree with undergrowth,A,isolated,2
A,11906,10.12,6,1.0,Single tree,E,roadside,1
A,11910,17.28,2,2.0,Large tree with undergrowth,E,roadside,1
A,11919,15.24,8,1.0,Single tree,C,co-dominant,1
A,11922,16.5,1,1.0,Single tree,C,co-dominant,2
A,11943,21.12,1,2.0,Large tree with undergrowth,B,dominant,1
A,11952,24.4,1,1.0,Single tree,C,co-dominant,2
A,11962,20.73,2,1.0,Single tree,E,roadside,0
A,11972,27.39,3,1.0,Single tree,B,dominant,2
A,11973,12.29,4,1.0,Single tree,E,roadside,1
A,11983,14.79,4,1.0,Single tree,E,roadside,1
A,11987,19.55,3,2.0,Large tree with undergrowth,C,co-dominant,1
A,11989,18.9,1,2.0,Large tree with undergrowth,A,isolated,1
A,11993,15.34,8,1.0,Single tree,B,dominant,0
A,11999,23.52,3,2.0,Large tree with undergrowth,C,co-dominant,1
A,12000,17.9,3,1.0,Single tree,C,co-dominant,0
A,12001,12.68,4,1.0,Single tree,E,roadside,1
A,12019,22.11,1,1.0,Single tree,B,dominant,2
A,12027,17.1,1,1.0,Single tree,A,isolated,1
A,12039,21.94,2,1.0,Single tree,E,roadside,1
A,12044,21.78,3,3.0,Many trees of the same species,C,co-dominant,1
A,12047,26.95,2,1.0,Single tree,C,co-dominant,2
A,12052,26.14,3,2.0,Large tree with undergrowth,A,isolated,0
A,12091,23.63,3,1.0,Single tree,C,co-dominant,2
A,12103,17.72,4,1.0,Single tree,E,roadside,2
A,12104,18.29,1,3.1,Many trees of many species,B,dominant,2
A,12112,9.31,1,1.0,Single tree,E,roadside,1
A,12117,14.98,4,1.0,Single tree,E,roadside,1
A,12118,15.53,1,3.0,Many trees of the same species,B,dominant,1
A,12123,13.81,1,1.0,Single tree,A,isolated,1
A,12126,15.33,4,1.0,Single tree,E,roadside,2
A,12129,11.51,1,2.0,Large tree with undergrowth,C,co-dominant,0
A,12156,22.37,1,3.1,Many trees of many species,C,co-dominant,2
A,12167,13.84,8,1.0,Single tree,C,co-dominant,1
A,12172,18.03,1,2.0,Large tree with undergrowth,C,co-dominant,2
A,12184,9.26,4,1.0,Single tree,E,roadside,1
A,12187,14.16,1,1.0,Single tree,C,co-dominant,1
A,12203,20.88,1,1.0,Single tree,C,co-dominant,1
A,12205,14.48,1,1.0,Single tree,B,dominant,1
A,12233,17.12,3,1.0,Single tree,E,roadside,1
A,12243,22.76,2,1.0,Single tree,B,dominant,1
A,12248,12.62,4,1.0,Single tree,E,roadside,1
A,12253,18.74,3,3.0,Many trees of the same species,E,roadside,1
A,12255,8.5,1,1.0,Single tree,E,roadside,1
A,12264,11.24,6,3.1,Many trees of many species,E,roadside,1
A,12273,24.59,5,2.0,Large tree with undergrowth,E,roadside,1
A,12295,8.9,4,4.0,Tree section,E,roadside,1
A,12296,14.42,4,1.0,Single tree,E,roadside,1
A,12303,7.86,1,1.0,Single tree,E,roadside,1
A,12319,27.08,2,1.0,Single tree,C,co-dominant,1
A,12324,9.23,4,4.0,Tree section,E,roadside,1
A,12328,17.95,1,1.0,Single tree,E,roadside,1
A,12335,14.88,4,1.0,Single tree,A,isolated,2
A,12355,15.66,2,1.0,Single tree,B,dominant,2
A,12368,18.0,2,1.0,Single tree,C,co-dominant,0
A,12390,24.85,2,1.0,Single tree,E,roadside,1
A,12393,14.37,2,3.0,Many trees of the same species,E,roadside,1
A,12405,23.63,3,1.0,Single tree,C,co-dominant,1
A,12416,19.22,1,3.1,Many trees of many species,C,co-dominant,0
A,12433,8.31,1,1.0,Single tree,E,roadside,1
A,12442,16.69,2,1.0,Single tree,C,co-dominant,0
A,12450,21.61,3,1.0,Single tree,E,roadside,1
A,12453,13.65,2,3.0,Many trees of the same species,E,roadside,2
A,12464,13.72,2,1.0,Single tree,C,co-dominant,0
A,12473,19.81,1,2.0,Large tree with undergrowth,E,roadside,2
A,12483,16.47,1,1.0,Single tree,C,co-dominant,1
A,12493,14.4,4,1.0,Single tree,E,roadside,2
A,12494,12.37,1,3.1,Many trees of many species,C,co-dominant,1
A,12503,23.2,2,1.0,Single tree,B,dominant,2
A,12509,17.41,1,1.0,Single tree,E,roadside,2
A,12516,11.79,6,3.0,Many trees of the same species,E,roadside,2
A,12524,22.1,1,4.0,Tree section,C,co-dominant,1
A,12535,19.56,1,1.0,Single tree,C,co-dominant,1
A,12539,10.54,2,1.0,Single tree,E,roadside,0
A,12556,21.97,2,1.0,Single tree,C,co-dominant,0
A,12566,14.58,1,2.0,Large tree with undergrowth,C,co-dominant,0
A,12582,6.98,1,1.0,Single tree,E,roadside,1
A,12595,19.71,1,1.0,Single tree,B,dominant,1
A,12596,24.71,2,1.0,Single tree,C,co-dominant,1
A,12610,25.67,5,1.0,Single tree,E,roadside,1
A,12612,19.81,1,1.0,Single tree,E,roadside,2
A,12632,13.82,1,1.0,Single tree,C,co-dominant,2
A,12635,11.16,6,1.0,Single tree,E,roadside,2
A,12643,15.27,1,1.0,Single tree,C,co-dominant,2
A,12651,24.86,3,1.0,Single tree,E,roadside,2
A,12653,16.38,1,2.0,Large tree with undergrowth,B,dominant,1
A,12662,18.91,1,3.0,Many trees of the same species,C,co-dominant,1
A,12687,21.71,1,1.0,Single tree,E,roadside,1
A,12694,25.96,2,1.0,Single tree,B,dominant,2
A,12700,20.86,1,1.0,Single tree,E,roadside,2
A,12707,18.76,1,1.0,Single tree,E,roadside,1
A,12715,24.53,5,1.0,Single tree,E,roadside,1
A,12724,24.39,2,3.0,Many trees of the same species,B,dominant,0
A,12728,26.04,3,3.1,Many trees of many species,E,roadside,1
A,12731,23.74,2,1.0,Single tree,C,co-dominant,1
A,12741,22.33,2,1.0,Single tree,C,co-dominant,1
A,12743,16.19,1,1.0,Single tree,E,roadside,0
A,12744,21.86,1,1.0,Single tree,B,dominant,0
A,12749,22.1,3,2.0,Large tree with undergrowth,E,roadside,1
A,12788,23.52,3,4.0,Tree section,E,roadside,0
A,12790,17.05,1,1.0,Single tree,C,co-dominant,1
A,12794,19.64,1,2.0,Large tree with undergrowth,E,roadside,1
A,12799,23.72,3,4.0,Tree section,E,roadside,1
A,12815,15.72,1,1.0,Single tree,C,co-dominant,1
A,12828,20.05,2,1.0,Single tree,C,co-dominant,2
A,12830,24.51,1,2.0,Large tree with undergrowth,E,roadside,1
A,12831,13.91,1,1.0,Single tree,C,co-dominant,2
A,12835,23.41,3,3.1,Many trees of many species,E,roadside,1
A,12864,15.22,2,1.0,Single tree,B,dominant,2
A,12867,21.72,2,1.0,Single tree,C,co-dominant,1
A,12868,17.62,3,3.1,Many trees of many species,C,co-dominant,2
A,12883,11.11,2,3.0,Many trees of the same species,A,isolated,1
A,12888,18.28,1,2.0,Large tree with undergrowth,E,roadside,1
A,12899,22.11,3,2.0,Large tree with undergrowth,A,isolated,1
A,12912,17.52,1,2.0,Large tree with undergrowth,A,isolated,1
A,12922,16.96,1,1.0,Single tree,C,co-dominant,1
A,12923,24.43,2,1.0,Single tree,B,dominant,0
A,12924,21.92,1,1.0,Single tree,C,co-dominant,0
A,12929,11.1,6,1.0,Single tree,E,roadside,1
A,12942,19.89,1,1.0,Single tree,C,co-dominant,1
A,12948,18.81,1,1.0,Single tree,B,dominant,0
A,12953,18.98,1,1.0,Single tree,C,co-dominant,2
A,12954,19.95,1,1.0,Single tree,C,co-dominant,1
A,12963,18.18,3,3.1,Many trees of many species,E,roadside,1
A,12969,19.45,3,2.0,Large tree with undergrowth,E,roadside,1
A,12980,16.9,1,3.0,Many trees of the same species,B,dominant,2
A,12981,20.55,3,1.0,Single tree,E,roadside,0
A,12985,9.14,4,3.1,Many trees of many species,C,co-dominant,0
A,12998,18.11,1,2.0,Large tree with undergrowth,B,dominant,2
A,13016,20.25,1,1.0,Single tree,C,co-dominant,2
A,13036,20.12,1,1.0,Single tree,C,co-dominant,2
A,13045,12.56,4,1.0,Single tree,D,smaller tree next to larger tree,1
A,13047,21.85,1,1.0,Single tree,B,dominant,1
A,13056,20.65,1,1.0,Single tree,C,co-dominant,1
A,13074,24.39,3,3.0,Many trees of the same species,B,dominant,0
A,13094,17.4,3,1.0,Single tree,C,co-dominant,2
A,13097,18.66,1,1.0,Single tree,C,co-dominant,1
A,13098,21.19,2,2.0,Large tree with undergrowth,C,co-dominant,1
A,13105,17.91,3,1.0,Single tree,C,co-dominant,2
A,13109,23.04,3,1.0,Single tree,C,co-dominant,1
A,13115,15.24,1,3.1,Many trees of many species,E,roadside,1
A,13123,16.2,4,4.0,Tree section,E,roadside,2
A,13128,18.57,1,1.0,Single tree,C,co-dominant,1
A,13137,18.96,1,2.0,Large tree with undergrowth,B,dominant,1
A,13149,17.16,4,4.0,Tree section,C,co-dominant,2
A,13157,22.0,3,4.0,Tree section,E,roadside,2
A,13159,18.38,9,1.0,Single tree,B,dominant,2
A,13162,24.0,3,1.0,Single tree,B,dominant,1
A,13163,20.45,3,1.0,Single tree,C,co-dominant,1
A,13173,16.2,4,4.0,Tree section,E,roadside,1
A,13185,16.52,4,4.0,Tree section,E,roadside,0
A,13187,19.86,3,1.0,Single tree,C,co-dominant,1
A,13190,22.41,3,4.0,Tree section,E,roadside,0
A,13201,21.54,1,1.0,Single tree,C,co-dominant,2
A,13209,24.72,2,1.0,Single tree,C,co-dominant,2
A,13224,21.58,1,3.1,Many trees of many species,B,dominant,1
A,13227,19.97,3,4.0,Tree section,C,co-dominant,1
A,13233,15.07,9,1.0,Single tree,C,co-dominant,2
A,13234,25.97,2,1.0,Single tree,B,dominant,1
A,13237,20.7,1,2.0,Large tree with undergrowth,C,co-dominant,1
A,13239,14.39,4,4.0,Tree section,B,dominant,2
A,13252,21.32,1,1.0,Single tree,C,co-dominant,1
A,13255,19.99,1,1.0,Single tree,A,isolated,1
A,13257,17.75,3,1.0,Single tree,D,smaller tree next to larger tree,2
A,13261,17.14,1,2.0,Large tree with undergrowth,C,co-dominant,0
A,13280,20.43,1,3.0,Many trees of the same species,C,co-dominant,0
A,13286,12.58,1,1.0,Single tree,C,co-dominant,0
A,13316,13.56,4,4.0,Tree section,B,dominant,2
A,13320,21.55,3,4.0,Tree section,B,dominant,1
A,13330,15.66,9,4.0,Tree section,C,co-dominant,1
A,13334,13.47,4,1.0,Single tree,C,co-dominant,1
A,13336,21.01,3,4.0,Tree section,C,co-dominant,0
A,13347,21.71,1,1.0,Single tree,B,dominant,0
A,13348,22.42,2,1.0,Single tree,C,co-dominant,1
A,13358,10.96,1,1.0,Single tree,E,roadside,1
A,13376,27.17,2,1.0,Single tree,B,dominant,1
A,13378,22.42,3,3.1,Many trees of many species,B,dominant,1
A,13383,17.79,3,1.0,Single tree,A,isolated,2
A,13386,14.57,4,4.0,Tree section,C,co-dominant,1
A,13391,12.18,1,1.0,Single tree,B,dominant,1
A,13396,7.4,4,1.0,Single tree,C,co-dominant,1
A,13400,16.0,4,1.0,Single tree,C,co-dominant,1
A,13402,22.05,1,1.0,Single tree,A,isolated,1
A,13411,20.7,5,2.0,Large tree with undergrowth,A,isolated,1
A,13414,23.38,1,1.0,Single tree,E,roadside,1
A,13415,20.18,1,1.0,Single tree,C,co-dominant,1
A,13421,19.6,3,1.0,Single tree,E,roadside,0
A,13429,13.15,4,4.0,Tree section,B,dominant,2
A,13432,14.61,4,4.0,Tree section,C,co-dominant,1
A,13434,22.74,3,1.0,Single tree,E,roadside,1
A,13446,15.48,1,1.0,Single tree,E,roadside,1
A,13447,12.88,1,1.0,Single tree,C,co-dominant,2
A,13455,20.23,1,2.0,Large tree with undergrowth,B,dominant,1
A,13470,13.57,1,1.0,Single tree,D,smaller tree next to larger tree,1
A,13471,19.5,3,4.0,Tree section,B,dominant,2
A,13472,18.89,3,4.0,Tree section,B,dominant,1
A,13476,14.79,1,1.0,Single tree,E,roadside,1
A,13482,16.52,3,3.0,Many trees of the same species,A,isolated,1
A,13483,18.81,3,3.0,Many trees of the same species,B,dominant,2
A,13485,15.92,1,1.0,Single tree,E,roadside,1
A,13499,19.13,3,1.0,Single tree,A,isolated,1
A,13510,21.29,2,1.0,Single tree,A,isolated,1
A,13522,11.6,4,3.0,Many trees of the same species,B,dominant,1
A,13528,21.09,1,3.1,Many trees of many species,A,isolated,0
A,13540,21.71,3,2.0,Large tree with undergrowth,C,co-dominant,1
A,13543,9.34,4,1.0,Single tree,E,roadside,0
A,13548,21.76,3,2.0,Large tree with undergrowth,B,dominant,0
A,13555,12.41,1,1.0,Single tree,E,roadside,2
A,13556,17.31,3,1.0,Single tree,C,co-dominant,1
A,13564,10.7,4,4.0,Tree section,C,co-dominant,1
A,13566,21.89,1,1.0,Single tree,E,roadside,1
A,13574,13.39,2,1.0,Single tree,C,co-dominant,1
A,13580,17.38,3,1.0,Single tree,E,roadside,2
A,13585,21.06,9,3.0,Many trees of the same species,B,dominant,0
A,13604,13.67,1,1.0,Single tree,C,co-dominant,1
A,13605,21.57,3,1.0,Single tree,E,roadside,2
A,13615,15.64,3,1.0,Single tree,A,isolated,1
A,13634,12.13,1,3.1,Many trees of many species,C,co-dominant,1
A,13643,15.34,2,1.0,Single tree,B,dominant,1
A,13644,21.27,3,3.1,Many trees of many species,C,co-dominant,1
A,13648,12.64,1,1.0,Single tree,A,isolated,1
A,13657,19.7,3,1.0,Single tree,B,dominant,1
A,13662,9.73,1,2.0,Large tree with undergrowth,C,co-dominant,2
A,13670,20.34,5,1.0,Single tree,B,dominant,1
A,13673,14.32,1,1.0,Single tree,B,dominant,2
A,13674,18.0,3,1.0,Single tree,C,co-dominant,1
A,13679,19.88,3,1.0,Single tree,B,dominant,1
A,13695,23.47,9,3.1,Many trees of many species,B,dominant,1
A,13703,11.06,1,1.0,Single tree,C,co-dominant,1
A,13711,10.8,1,3.1,Many trees of many species,C,co-dominant,1
A,13717,19.28,3,1.0,Single tree,A,isolated,0
A,13722,17.52,3,3.1,Many trees of many species,A,isolated,0
A,13734,8.47,4,1.0,Single tree,A,isolated,0
A,13736,12.71,1,1.0,Single tree,B,dominant,1
A,13741,18.09,3,1.0,Single tree,A,isolated,1
A,13742,13.97,4,4.0,Tree section,B,dominant,1
A,13746,18.15,3,1.0,Single tree,E,roadside,1
A,13752,9.09,4,1.0,Single tree,B,dominant,1
A,13757,19.55,1,1.0,Single tree,C,co-dominant,1
A,13758,18.1,4,3.1,Many trees of many species,B,dominant,1
A,13760,10.13,1,1.0,Single tree,C,co-dominant,1
A,13762,21.86,9,3.0,Many trees of the same species,B,dominant,1
A,13770,13.84,4,4.0,Tree section,B,dominant,1
A,13776,24.33,3,1.0,Single tree,B,dominant,1
A,13777,11.27,3,1.0,Single tree,A,isolated,0
A,13783,12.56,1,1.0,Single tree,C,co-dominant,1
A,13790,19.47,3,1.0,Single tree,C,co-dominant,2
A,13792,13.52,1,1.0,Single tree,E,roadside,2
A,13796,24.45,3,3.1,Many trees of many species,E,roadside,1
A,13809,13.44,1,3.1,Many trees of many species,E,roadside,1
A,13814,18.47,9,1.0,Single tree,C,co-dominant,2
A,13822,20.37,3,3.0,Many trees of the same species,C,co-dominant,0
A,13848,19.82,1,1.0,Single tree,C,co-dominant,1
A,13849,8.79,6,4.0,Tree section,E,roadside,1
A,13861,14.43,1,1.0,Single tree,C,co-dominant,0
A,13869,23.25,3,4.0,Tree section,A,isolated,0
A,13872,11.97,1,3.1,Many trees of many species,C,co-dominant,1
A,13876,15.93,9,3.1,Many trees of many species,C,co-dominant,2
A,13877,19.78,9,1.0,Single tree,C,co-dominant,1
A,13890,12.45,1,1.0,Single tree,C,co-dominant,2
A,13894,24.29,3,4.0,Tree section,A,isolated,1
A,13899,14.32,1,1.0,Single tree,C,co-dominant,1
A,13906,9.3,6,4.0,Tree section,E,roadside,1
A,13907,21.82,3,3.1,Many trees of many species,B,dominant,1
A,13913,21.29,3,1.0,Single tree,C,co-dominant,1
A,13917,13.85,1,1.0,Single tree,E,roadside,1
A,13924,9.13,1,1.0,Single tree,E,roadside,1
A,13925,20.57,1,1.0,Single tree,B,dominant,1
A,13928,19.07,3,2.0,Large tree with undergrowth,B,dominant,1
A,13930,11.32,1,4.0,Tree section,C,co-dominant,1
A,13938,17.99,1,3.1,Many trees of many species,C,co-dominant,1
A,13939,13.97,4,2.0,Large tree with undergrowth,B,dominant,0
A,13943,19.83,9,1.0,Single tree,C,co-dominant,2
A,13948,23.9,3,1.0,Single tree,E,roadside,1
A,13957,16.21,1,1.0,Single tree,C,co-dominant,2
A,13970,20.29,1,2.0,Large tree with undergrowth,B,dominant,1
A,13981,24.84,3,2.0,Large tree with undergrowth,B,dominant,0
A,13982,17.1,1,1.0,Single tree,C,co-dominant,2
A,13988,12.27,1,1.0,Single tree,C,co-dominant,0
A,13990,14.94,1,1.0,Single tree,B,dominant,1
A,13995,16.11,9,3.1,Many trees of many species,C,co-dominant,0
A,13996,17.14,4,1.0,Single tree,B,dominant,1
A,13998,7.21,1,1.0,Single tree,E,roadside,0
A,14012,13.48,4,1.0,Single tree,C,co-dominant,2
A,14034,17.57,1,2.0,Large tree with undergrowth,A,isolated,1
A,14035,21.09,1,3.1,Many trees of many species,B,dominant,2
A,14036,20.53,1,3.1,Many trees of many species,C,co-dominant,0
A,14047,20.42,3,1.0,Single tree,C,co-dominant,1
A,14050,13.61,1,1.0,Single tree,B,dominant,1
A,14053,17.53,1,1.0,Single tree,C,co-dominant,2
A,14054,15.42,1,1.0,Single tree,C,co-dominant,1
A,14059,20.11,1,2.0,Large tree with undergrowth,C,co-dominant,0
A,14068,17.83,1,2.0,Large tree with undergrowth,E,roadside,1
A,14069,13.12,4,4.0,Tree section,E,roadside,1
A,14081,11.17,4,1.0,Single tree,E,roadside,1
A,14084,19.39,1,3.1,Many trees of many species,B,dominant,1
A,14086,10.26,1,1.0,Single tree,A,isolated,0
A,14092,16.66,1,1.0,Single tree,C,co-dominant,1
A,14101,18.03,3,3.1,Many trees of many species,C,co-dominant,1
A,14107,8.64,4,1.0,Single tree,E,roadside,0
A,14110,21.88,5,3.1,Many trees of many species,A,isolated,0
A,14111,23.2,5,3.0,Many trees of the same species,C,co-dominant,2
A,14120,13.06,1,2.0,Large tree with undergrowth,E,roadside,2
A,14122,18.99,1,1.0,Single tree,C,co-dominant,1
A,14123,15.01,4,4.0,Tree section,E,roadside,1
A,14125,18.4,3,3.0,Many trees of the same species,C,co-dominant,2
A,14126,18.64,1,2.0,Large tree with undergrowth,E,roadside,0
A,14127,18.44,1,3.1,Many trees of many species,C,co-dominant,1
A,14135,20.71,3,3.1,Many trees of many species,B,dominant,0
A,14152,19.76,9,1.0,Single tree,B,dominant,1
A,14158,15.96,1,1.0,Single tree,E,roadside,2
A,14162,23.36,5,1.0,Single tree,B,dominant,2
A,14164,8.58,1,3.0,Many trees of the same species,C,co-dominant,2
A,14165,16.03,5,1.0,Single tree,E,roadside,1
A,14174,14.41,1,1.0,Single tree,A,isolated,0
A,14178,19.48,9,1.0,Single tree,C,co-dominant,1
A,14183,8.29,4,1.0,Single tree,E,roadside,1
A,14184,10.69,4,1.0,Single tree,E,roadside,0
A,14201,15.27,1,1.0,Single tree,C,co-dominant,1
A,14205,15.79,9,4.0,Tree section,C,co-dominant,1
A,14216,19.91,3,3.0,Many trees of the same species,B,dominant,1
A,14221,16.06,1,1.0,Single tree,C,co-dominant,1
A,14228,14.49,4,1.0,Single tree,C,co-dominant,1
A,14229,20.17,3,3.1,Many trees of many species,C,co-dominant,2
A,14231,9.23,1,1.0,Single tree,E,roadside,2
A,14233,8.28,6,1.0,Single tree,E,roadside,0
A,14235,9.52,4,1.0,Single tree,E,roadside,2
A,14237,20.54,3,2.0,Large tree with undergrowth,B,dominant,1
A,14238,15.25,1,3.1,Many trees of many species,C,co-dominant,2
A,14245,17.95,1,1.0,Single tree,C,co-dominant,1
A,14246,8.29,4,1.0,Single tree,A,isolated,2
A,14249,9.15,4,1.0,Single tree,E,roadside,1
A,14260,17.39,1,1.0,Single tree,B,dominant,0
A,14261,20.3,3,2.0,Large tree with undergrowth,C,co-dominant,1
A,14270,8.36,4,1.0,Single tree,E,roadside,1
A,14274,12.86,1,3.0,Many trees of the same species,E,roadside,1
A,14280,14.9,9,3.0,Many trees of the same species,C,co-dominant,0
A,14284,20.12,3,3.1,Many trees of many species,C,co-dominant,0
A,14294,15.62,1,1.0,Single tree,C,co-dominant,2
A,14297,11.09,1,1.0,Single tree,E,roadside,1
A,14302,16.67,1,3.1,Many trees of many species,A,isolated,0
A,14308,20.98,3,1.0,Single tree,B,dominant,1
A,14312,18.9,3,1.0,Single tree,E,roadside,1
A,14328,12.3,6,3.0,Many trees of the same species,C,co-dominant,2
A,14337,15.21,1,1.0,Single tree,D,smaller tree next to larger tree,2
A,14338,10.78,1,2.0,Large tree with undergrowth,E,roadside,0
A,14341,20.89,1,2.0,Large tree with undergrowth,B,dominant,1
A,14344,22.3,3,1.0,Single tree,A,isolated,1
A,14350,16.84,1,1.0,Single tree,C,co-dominant,1
A,14351,16.94,3,1.0,Single tree,C,co-dominant,1
A,14354,16.72,1,1.0,Single tree,C,co-dominant,1
A,14368,17.58,3,1.0,Single tree,C,co-dominant,1
A,14369,16.04,1,3.1,Many trees of many species,C,co-dominant,1
A,14379,20.53,3,1.0,Single tree,B,dominant,2
A,14380,9.93,4,1.0,Single tree,E,roadside,1
A,14381,22.28,3,1.0,Single tree,A,isolated,1
A,14382,16.2,1,3.1,Many trees of many species,C,co-dominant,1
A,14383,16.49,1,1.0,Single tree,E,roadside,2
A,14395,15.68,1,1.0,Single tree,C,co-dominant,1
A,14397,18.13,1,2.0,Large tree with undergrowth,E,roadside,1
A,14411,10.09,4,1.0,Single tree,E,roadside,1
A,14413,20.05,3,1.0,Single tree,B,dominant,0
A,14427,23.48,3,1.0,Single tree,A,isolated,1
A,14434,17.96,1,1.0,Single tree,C,co-dominant,1
A,14440,12.05,4,3.0,Many trees of the same species,E,roadside,1
A,14446,14.77,1,1.0,Single tree,A,isolated,1
A,14458,17.99,1,1.0,Single tree,E,roadside,1
A,14467,19.95,1,1.0,Single tree,C,co-dominant,1
A,14469,16.97,3,4.0,Tree section,E,roadside,2
A,14472,15.12,1,1.0,Single tree,C,co-dominant,1
A,14483,16.44,1,4.0,Tree section,C,co-dominant,1
A,14492,19.64,3,4.0,Tree section,A,isolated,1
A,14504,9.74,6,1.0,Single tree,E,roadside,1
A,14509,20.78,3,4.0,Tree section,A,isolated,1
A,14515,20.49,3,1.0,Single tree,C,co-dominant,2
A,14516,15.68,1,1.0,Single tree,C,co-dominant,1
A,14519,20.67,3,3.1,Many trees of many species,B,dominant,1
A,14523,18.27,1,1.0,Single tree,C,co-dominant,1
A,14536,19.91,3,1.0,Single tree,C,co-dominant,1
A,14538,14.7,1,1.0,Single tree,A,isolated,1
A,14544,15.63,3,1.0,Single tree,E,roadside,0
A,14549,6.15,4,1.0,Single tree,E,roadside,1
A,14551,19.5,3,4.0,Tree section,A,isolated,1
A,14553,15.53,3,1.0,Single tree,A,isolated,1
A,14565,15.67,1,1.0,Single tree,C,co-dominant,0
A,14568,12.4,4,1.0,Single tree,E,roadside,0
A,14569,11.48,4,4.0,Tree section,E,roadside,1
A,14570,14.16,1,1.0,Single tree,B,dominant,1
A,14575,15.68,1,1.0,Single tree,B,dominant,0
A,14580,19.5,3,3.1,Many trees of many species,C,co-dominant,1
A,14581,16.54,1,1.0,Single tree,C,co-dominant,1
A,14588,17.12,1,1.0,Single tree,E,roadside,1
A,14594,21.99,3,1.0,Single tree,B,dominant,1
A,14605,19.81,1,2.0,Large tree with undergrowth,C,co-dominant,1
A,14614,25.84,9,3.1,Many trees of many species,B,dominant,0
A,14615,17.02,1,1.0,Single tree,C,co-dominant,1
A,14624,15.5,1,1.0,Single tree,C,co-dominant,1
A,14630,17.76,2,4.0,Tree section,C,co-dominant,2
A,14632,20.04,1,2.0,Large tree with undergrowth,B,dominant,2
A,14641,11.55,4,1.0,Single tree,E,roadside,1
A,14642,13.74,1,3.0,Many trees of the same species,C,co-dominant,1
A,14643,12.0,6,1.0,Single tree,E,roadside,2
A,14645,15.05,4,1.0,Single tree,A,isolated,1
A,14651,23.51,9,1.0,Single tree,B,dominant,2
A,14660,21.35,9,3.1,Many trees of many species,A,isolated,1
A,14661,20.6,3,1.0,Single tree,B,dominant,1
A,14662,11.1,4,1.0,Single tree,E,roadside,0
A,14664,8.21,6,1.0,Single tree,E,roadside,1
A,14665,19.98,3,1.0,Single tree,A,isolated,2
A,14668,21.22,3,2.0,Large tree with undergrowth,E,roadside,1
A,14669,16.31,1,1.0,Single tree,C,co-dominant,1
A,14673,15.84,1,1.0,Single tree,C,co-dominant,1
A,14674,18.97,3,1.0,Single tree,B,dominant,2
A,14677,19.55,1,1.0,Single tree,E,roadside,2
A,14680,13.15,4,4.0,Tree section,D,smaller tree next to larger tree,2
A,14681,18.13,3,1.0,Single tree,C,co-dominant,1
A,14682,14.29,1,1.0,Single tree,E,roadside,1
A,14690,26.02,9,3.1,Many trees of many species,C,co-dominant,1
A,14697,16.41,3,2.0,Large tree with undergrowth,C,co-dominant,1
A,14703,20.45,1,2.0,Large tree with undergrowth,C,co-dominant,1
A,14704,15.75,1,1.0,Single tree,C,co-dominant,1
A,14707,15.26,1,1.0,Single tree,C,co-dominant,1
A,14708,18.55,1,2.0,Large tree with undergrowth,E,roadside,1
A,14710,18.09,3,4.0,Tree section,A,isolated,1
A,14712,21.45,2,2.0,Large tree with undergrowth,B,dominant,1
A,14713,20.99,1,3.1,Many trees of many species,B,dominant,2
A,14718,11.11,1,1.0,Single tree,E,roadside,2
A,14723,17.32,7,1.0,Single tree,B,dominant,1
A,14724,15.54,3,1.0,Single tree,B,dominant,2
A,14731,16.14,1,1.0,Single tree,C,co-dominant,2
A,14732,20.19,5,1.0,Single tree,C,co-dominant,1
A,14733,12.98,4,4.0,Tree section,D,smaller tree next to larger tree,1
A,14741,17.79,3,1.0,Single tree,B,dominant,0
A,14745,21.95,3,1.0,Single tree,C,co-dominant,1
A,14746,14.82,1,1.0,Single tree,C,co-dominant,0
A,14747,21.32,5,3.0,Many trees of the same species,C,co-dominant,2
A,14753,19.59,3,3.1,Many trees of many species,C,co-dominant,2
A,14762,26.58,3,3.0,Many trees of the same species,B,dominant,1
A,14768,8.46,4,3.0,Many trees of the same species,E,roadside,2
A,14781,16.24,1,1.0,Single tree,C,co-dominant,2
A,14782,18.77,1,1.0,Single tree,C,co-dominant,1
A,14788,23.22,3,1.0,Single tree,C,co-dominant,1
A,14791,9.6,4,1.0,Single tree,A,isolated,2
A,14793,18.55,1,1.0,Single tree,C,co-dominant,1
A,14794,19.13,3,1.0,Single tree,C,co-dominant,1
A,14796,14.72,3,1.0,Single tree,C,co-dominant,1
A,14800,21.52,5,3.0,Many trees of the same species,C,co-dominant,1
A,14807,22.35,3,2.0,Large tree with undergrowth,A,isolated,1
A,14816,17.63,1,1.0,Single tree,C,co-dominant,1
A,14818,20.93,3,1.0,Single tree,E,roadside,2
A,14819,8.69,6,1.0,Single tree,E,roadside,1
A,14821,21.19,3,1.0,Single tree,B,dominant,1
A,14843,10.48,4,1.0,Single tree,E,roadside,1
A,14846,6.69,4,4.0,Tree section,E,roadside,1
A,14848,19.26,1,3.1,Many trees of many species,A,isolated,1
A,14851,18.77,3,1.0,Single tree,C,co-dominant,1
A,14859,20.93,3,1.0,Single tree,E,roadside,2
A,14872,20.78,3,1.0,Single tree,B,dominant,0
A,14874,21.06,3,1.0,Single tree,A,isolated,1
A,14876,17.76,3,4.0,Tree section,C,co-dominant,0
A,14877,21.25,3,3.0,Many trees of the same species,C,co-dominant,2
A,14883,15.57,1,3.1,Many trees of many species,E,roadside,1
A,14888,19.99,3,2.0,Large tree with undergrowth,C,co-dominant,1
A,14889,20.68,3,2.0,Large tree with undergrowth,B,dominant,1
A,14897,19.96,9,1.0,Single tree,C,co-dominant,0
A,14901,8.36,4,4.0,Tree section,E,roadside,1
A,14904,17.63,3,4.0,Tree section,C,co-dominant,1
A,14907,22.3,5,3.1,Many trees of many species,B,dominant,0
A,14910,14.2,1,2.0,Large tree with undergrowth,E,roadside,0
A,14924,8.34,4,1.0,Single tree,E,roadside,1
A,14954,21.41,3,3.1,Many trees of many species,C,co-dominant,1
A,14961,20.55,9,3.1,Many trees of many species,C,co-dominant,1
A,14962,11.33,4,1.0,Single tree,E,roadside,1
A,14972,14.75,5,3.0,Many trees of the same species,E,roadside,2
A,14973,24.46,3,3.0,Many trees of the same species,B,dominant,1
A,14974,16.59,1,1.0,Single tree,A,isolated,2
A,14977,22.79,3,2.0,Large tree with undergrowth,B,dominant,1
A,14978,19.03,1,1.0,Single tree,E,roadside,2
A,14981,25.08,3,2.0,Large tree with undergrowth,B,dominant,2
A,14982,18.06,3,1.0,Single tree,E,roadside,1
A,14996,19.87,3,1.0,Single tree,E,roadside,0
A,14999,20.08,1,2.0,Large tree with undergrowth,C,co-dominant,1
A,15013,20.93,3,1.0,Single tree,C,co-dominant,1
A,15015,14.03,4,1.0,Single tree,E,roadside,2
A,15017,10.71,4,1.0,Single tree,C,co-dominant,2
A,15019,16.9,3,2.0,Large tree with undergrowth,E,roadside,1
A,15026,16.9,3,1.0,Single tree,E,roadside,2
A,15043,22.21,5,3.0,Many trees of the same species,A,isolated,1
A,15056,9.54,6,4.0,Tree section,E,roadside,2
A,15057,9.66,6,1.0,Single tree,E,roadside,2
A,15059,15.89,5,1.0,Single tree,E,roadside,1
A,15071,12.94,4,1.0,Single tree,E,roadside,1
A,15082,12.44,4,1.0,Single tree,E,roadside,1
A,15084,17.41,1,1.0,Single tree,B,dominant,1
A,15092,9.07,6,4.0,Tree section,E,roadside,1
A,15101,18.36,5,1.0,Single tree,E,roadside,2
A,15105,19.16,3,1.0,Single tree,E,roadside,1
A,15110,11.57,2,1.0,Single tree,C,co-dominant,1
A,15113,19.2,3,1.0,Single tree,C,co-dominant,1
A,15144,18.68,1,1.0,Single tree,C,co-dominant,1
A,15145,20.58,3,1.0,Single tree,E,roadside,1
A,15146,22.72,3,1.0,Single tree,C,co-dominant,1
A,15150,12.0,5,1.0,Single tree,C,co-dominant,1
A,15151,23.15,1,3.1,Many trees of many species,B,dominant,0
A,15155,9.55,6,1.0,Single tree,E,roadside,2
A,15157,14.82,5,2.0,Large tree with undergrowth,E,roadside,0
A,15159,21.76,1,3.1,Many trees of many species,A,isolated,2
A,15164,11.65,5,1.0,Single tree,C,co-dominant,1
A,15165,16.75,3,1.0,Single tree,C,co-dominant,0
A,15168,8.39,4,1.0,Single tree,E,roadside,0
A,15189,17.02,1,3.1,Many trees of many species,C,co-dominant,1
A,15191,9.79,4,1.0,Single tree,B,dominant,1
A,15202,19.08,3,1.0,Single tree,C,co-dominant,1
A,15205,21.6,1,1.0,Single tree,C,co-dominant,0
A,15210,14.04,4,1.0,Single tree,E,roadside,1
A,15226,13.82,1,3.1,Many trees of many species,A,isolated,1
A,15234,19.65,3,1.0,Single tree,E,roadside,0
A,15253,7.55,4,1.0,Single tree,E,roadside,1
A,15255,19.31,3,3.1,Many trees of many species,C,co-dominant,1
A,15265,11.94,5,1.0,Single tree,C,co-dominant,1
A,15266,15.19,5,1.0,Single tree,E,roadside,2
A,15271,12.73,4,1.0,Single tree,E,roadside,2
A,15275,21.52,3,3.1,Many trees of many species,C,co-dominant,2
A,15277,10.08,1,3.1,Many trees of many species,C,co-dominant,2
A,15280,15.58,2,1.0,Single tree,D,smaller tree next to larger tree,1
A,15289,19.9,3,1.0,Single tree,C,co-dominant,2
A,15297,20.5,3,2.0,Large tree with undergrowth,C,co-dominant,1
A,15301,14.05,5,3.1,Many trees of many species,E,roadside,1
A,15306,18.33,5,1.0,Single tree,C,co-dominant,2
A,15310,13.9,5,3.1,Many trees of many species,E,roadside,1
A,15314,14.43,1,3.0,Many trees of the same species,C,co-dominant,1
A,15317,20.92,1,1.0,Single tree,E,roadside,1
A,15319,15.31,7,1.0,Single tree,C,co-dominant,0
A,15339,21.75,3,1.0,Single tree,B,dominant,0
A,15346,10.99,4,1.0,Single tree,A,isolated,1
A,15350,14.0,1,3.0,Many trees of the same species,C,co-dominant,1
A,15351,15.37,3,4.0,Tree section,C,co-dominant,1
A,15358,14.13,4,4.0,Tree section,A,isolated,1
A,15364,19.73,3,4.0,Tree section,C,co-dominant,1
A,15367,12.79,1,4.0,Tree section,C,co-dominant,1
A,15368,7.79,1,3.0,Many trees of the same species,C,co-dominant,1
A,15372,7.54,6,1.0,Single tree,E,roadside,0
A,15374,15.52,1,1.0,Single tree,C,co-dominant,1
A,15376,12.54,4,1.0,Single tree,E,roadside,2
A,15378,21.89,3,1.0,Single tree,A,isolated,1
A,15379,18.58,3,4.0,Tree section,C,co-dominant,2
A,15386,14.36,1,3.0,Many trees of the same species,C,co-dominant,0
A,15396,9.77,4,1.0,Single tree,E,roadside,0
A,15402,14.54,1,3.1,Many trees of many species,C,co-dominant,1
A,15404,21.53,1,2.0,Large tree with undergrowth,B,dominant,2
A,15405,20.43,1,1.0,Single tree,C,co-dominant,1
A,15407,15.63,3,1.0,Single tree,E,roadside,0
A,15410,18.01,1,2.0,Large tree with undergrowth,B,dominant,1
A,15411,22.89,1,1.0,Single tree,E,roadside,0
A,15417,16.02,1,3.1,Many trees of many species,B,dominant,1
A,15423,16.44,1,2.0,Large tree with undergrowth,A,isolated,2
A,15428,18.91,3,2.0,Large tree with undergrowth,C,co-dominant,0
A,15447,7.76,6,1.0,Single tree,E,roadside,1
A,15449,16.59,1,1.0,Single tree,C,co-dominant,1
A,15451,23.35,1,1.0,Single tree,E,roadside,1
A,15459,16.18,1,1.0,Single tree,C,co-dominant,2
A,15463,15.42,1,1.0,Single tree,C,co-dominant,1
A,15465,15.01,3,1.0,Single tree,E,roadside,1
A,15466,13.8,4,4.0,Tree section,A,isolated,1
A,15470,21.61,1,3.0,Many trees of the same species,C,co-dominant,1
A,15477,13.19,1,1.0,Single tree,C,co-dominant,1
A,15479,19.88,2,1.0,Single tree,C,co-dominant,1
A,15482,13.76,4,4.0,Tree section,A,isolated,2
A,15488,14.42,3,2.0,Large tree with undergrowth,C,co-dominant,0
A,15490,7.88,1,1.0,Single tree,C,co-dominant,1
A,15495,10.46,1,1.0,Single tree,B,dominant,0
A,15496,15.05,1,1.0,Single tree,C,co-dominant,1
A,15501,17.6,3,1.0,Single tree,A,isolated,1
A,15504,12.79,1,3.0,Many trees of the same species,C,co-dominant,2
A,15505,14.07,1,1.0,Single tree,C,co-dominant,1
A,15515,13.65,1,2.0,Large tree with undergrowth,B,dominant,1
A,15516,20.61,1,3.0,Many trees of the same species,C,co-dominant,1
A,15522,18.95,3,1.0,Single tree,C,co-dominant,1
A,15528,13.29,1,3.0,Many trees of the same species,C,co-dominant,1
A,15529,15.33,1,1.0,Single tree,C,co-dominant,2
A,15532,17.4,3,3.0,Many trees of the same species,C,co-dominant,2
A,15534,17.24,1,1.0,Single tree,C,co-dominant,1
A,15536,16.1,1,1.0,Single tree,C,co-dominant,0
A,15538,23.04,7,2.0,Large tree with undergrowth,A,isolated,1
A,15543,12.06,1,2.0,Large tree with undergrowth,C,co-dominant,1
A,15545,18.01,1,1.0,Single tree,C,co-dominant,1
A,15546,16.62,2,3.1,Many trees of many species,C,co-dominant,2
A,15564,8.79,4,1.0,Single tree,E,roadside,1
A,15565,20.26,3,1.0,Single tree,B,dominant,0
A,15571,10.73,1,1.0,Single tree,C,co-dominant,0
A,15572,14.44,3,1.0,Single tree,C,co-dominant,1
A,15574,17.77,3,1.0,Single tree,C,co-dominant,0
A,15584,11.38,3,2.0,Large tree with undergrowth,B,dominant,2
A,15588,19.85,1,1.0,Single tree,C,co-dominant,1
A,15591,13.96,6,1.0,Single tree,E,roadside,2
A,15592,20.82,3,2.0,Large tree with undergrowth,B,dominant,1
A,15603,7.25,4,1.0,Single tree,E,roadside,1
A,15604,21.68,1,1.0,Single tree,A,isolated,1
A,15616,13.92,1,1.0,Single tree,E,roadside,1
A,15621,11.09,1,1.0,Single tree,C,co-dominant,1
A,15622,18.76,3,1.0,Single tree,B,dominant,2
A,15623,20.86,1,1.0,Single tree,C,co-dominant,1
A,15624,21.81,3,1.0,Single tree,C,co-dominant,1
A,15627,11.22,6,1.0,Single tree,E,roadside,1
A,15629,15.68,1,1.0,Single tree,E,roadside,1
A,15630,20.97,3,1.0,Single tree,E,roadside,2
A,15632,16.83,3,2.0,Large tree with undergrowth,B,dominant,0
A,15637,21.83,1,2.0,Large tree with undergrowth,B,dominant,1
A,15639,18.89,3,1.0,Single tree,B,dominant,2
A,15642,16.66,1,1.0,Single tree,E,roadside,1
A,15643,20.04,1,1.0,Single tree,E,roadside,2
A,15644,14.59,4,4.0,Tree section,C,co-dominant,1
A,15654,14.58,3,1.0,Single tree,E,roadside,1
A,15659,19.33,1,1.0,Single tree,C,co-dominant,2
A,15660,21.9,5,1.0,Single tree,C,co-dominant,2
A,15667,15.8,4,4.0,Tree section,C,co-dominant,1
A,15672,12.72,3,3.1,Many trees of many species,C,co-dominant,1
A,15673,9.43,3,1.0,Single tree,D,smaller tree next to larger tree,1
A,15674,9.09,3,1.0,Single tree,C,co-dominant,1
A,15677,20.5,1,3.1,Many trees of many species,B,dominant,0
A,15678,24.21,3,1.0,Single tree,C,co-dominant,1
A,15690,24.74,3,1.0,Single tree,C,co-dominant,1
A,15691,24.3,3,1.0,Single tree,C,co-dominant,1
A,15695,17.11,1,1.0,Single tree,C,co-dominant,1
A,15697,13.7,2,1.0,Single tree,C,co-dominant,1
A,15702,19.44,3,1.0,Single tree,E,roadside,1
A,15706,15.97,1,1.0,Single tree,C,co-dominant,1
A,15711,11.12,1,3.1,Many trees of many species,C,co-dominant,2
A,15713,18.03,3,1.0,Single tree,C,co-dominant,1
A,15716,14.5,1,4.0,Tree section,C,co-dominant,1
A,15717,14.05,1,4.0,Tree section,C,co-dominant,1
A,15719,17.9,3,4.0,Tree section,C,co-dominant,1
A,15727,12.43,1,2.0,Large tree with undergrowth,C,co-dominant,1
A,15732,17.77,3,4.0,Tree section,C,co-dominant,1
A,15740,23.32,3,1.0,Single tree,C,co-dominant,1
A,15742,18.96,1,2.0,Large tree with undergrowth,B,dominant,1
A,15745,17.95,3,1.0,Single tree,C,co-dominant,0
A,15746,12.32,4,1.0,Single tree,D,smaller tree next to larger tree,1
A,15749,16.75,1,4.0,Tree section,D,smaller tree next to larger tree,2
A,15753,8.04,8,1.0,Single tree,E,roadside,1
A,15756,21.56,1,3.0,Many trees of the same species,C,co-dominant,2
A,15759,11.05,3,1.0,Single tree,C,co-dominant,1
A,15763,19.53,1,1.0,Single tree,C,co-dominant,2
A,15782,10.71,4,1.0,Single tree,E,roadside,1
A,15783,15.68,1,1.0,Single tree,A,isolated,1
A,15796,22.16,3,1.0,Single tree,C,co-dominant,2
A,15798,17.79,3,2.0,Large tree with undergrowth,C,co-dominant,1
A,15800,13.28,4,1.0,Single tree,E,roadside,0
A,15801,8.63,8,1.0,Single tree,E,roadside,0
A,15802,22.35,3,1.0,Single tree,E,roadside,1
A,15807,14.8,3,3.0,Many trees of the same species,C,co-dominant,1
A,15809,22.29,1,3.1,Many trees of many species,C,co-dominant,2
A,15814,16.68,1,4.0,Tree section,C,co-dominant,1
A,15816,18.2,2,2.0,Large tree with undergrowth,C,co-dominant,2
A,15817,18.71,2,2.0,Large tree with undergrowth,B,dominant,1
A,15824,12.43,3,1.0,Single tree,B,dominant,1
A,15825,17.14,3,3.1,Many trees of many species,E,roadside,1
A,15828,17.1,1,2.0,Large tree with undergrowth,C,co-dominant,1
A,15837,20.09,3,1.0,Single tree,B,dominant,1
A,15841,8.88,1,1.0,Single tree,C,co-dominant,1
A,15844,6.79,8,1.0,Single tree,E,roadside,1
A,15847,13.16,1,1.0,Single tree,C,co-dominant,1
A,15849,10.19,4,1.0,Single tree,E,roadside,1
A,15854,20.89,3,2.0,Large tree with undergrowth,C,co-dominant,1
A,15855,10.52,3,1.0,Single tree,E,roadside,1
A,15858,21.12,3,2.0,Large tree with undergrowth,C,co-dominant,2
A,15865,24.66,3,2.0,Large tree with undergrowth,B,dominant,1
A,15878,18.03,1,2.0,Large tree with undergrowth,C,co-dominant,2
A,15880,20.92,3,2.0,Large tree with undergrowth,C,co-dominant,0
A,15882,9.77,1,1.0,Single tree,B,dominant,2
A,15883,17.22,1,1.0,Single tree,B,dominant,1
A,15885,19.63,1,1.0,Single tree,C,co-dominant,2
A,15886,13.86,4,1.0,Single tree,E,roadside,1
A,15887,23.64,1,2.0,Large tree with undergrowth,B,dominant,1
A,15898,16.02,1,1.0,Single tree,C,co-dominant,0
A,15902,10.03,3,2.0,Large tree with undergrowth,C,co-dominant,1
A,15903,10.94,3,2.0,Large tree with undergrowth,C,co-dominant,1
A,15912,16.69,1,1.0,Single tree,C,co-dominant,2
A,15913,11.06,4,1.0,Single tree,E,roadside,1
A,15917,19.07,1,1.0,Single tree,C,co-dominant,2
A,15918,17.67,1,1.0,Single tree,C,co-dominant,1
A,15922,20.54,3,4.0,Tree section,C,co-dominant,2
A,15924,15.82,1,3.1,Many trees of many species,C,co-dominant,1
A,15929,8.04,4,1.0,Single tree,E,roadside,0
A,15940,21.04,1,3.1,Many trees of many species,C,co-dominant,0
A,15943,14.99,3,1.0,Single tree,C,co-dominant,1
A,15944,16.5,3,2.0,Large tree with undergrowth,C,co-dominant,2
A,15945,18.35,1,3.1,Many trees of many species,C,co-dominant,2
A,15946,14.58,5,1.0,Single tree,D,smaller tree next to larger tree,1
A,15950,14.48,1,3.0,Many trees of the same species,B,dominant,1
A,15951,8.08,8,1.0,Single tree,E,roadside,1
A,15952,13.89,1,1.0,Single tree,C,co-dominant,2
A,15953,7.67,6,1.0,Single tree,A,isolated,2
A,15971,13.39,1,1.0,Single tree,B,dominant,2
A,15978,20.71,2,1.0,Single tree,C,co-dominant,1
A,15979,17.42,2,1.0,Single tree,C,co-dominant,1
A,15981,16.63,3,4.0,Tree section,C,co-dominant,1
A,15982,22.84,3,3.1,Many trees of many species,C,co-dominant,1
A,15994,22.71,3,1.0,Single tree,C,co-dominant,1
A,15997,15.44,1,1.0,Single tree,A,isolated,2
A,15999,8.35,4,1.0,Single tree,C,co-dominant,1
A,16001,20.89,1,2.0,Large tree with undergrowth,B,dominant,1
A,16004,12.44,3,1.0,Single tree,E,roadside,0
A,16006,12.35,1,2.0,Large tree with undergrowth,B,dominant,2
A,16008,16.58,1,1.0,Single tree,C,co-dominant,0
A,16010,8.05,8,3.0,Many trees of the same species,E,roadside,1
A,16022,17.27,1,2.0,Large tree with undergrowth,C,co-dominant,2
A,16023,22.1,3,1.0,Single tree,C,co-dominant,2
A,16027,23.06,1,1.0,Single tree,B,dominant,1
A,16032,15.45,3,2.0,Large tree with undergrowth,C,co-dominant,1
A,16033,19.31,2,2.0,Large tree with undergrowth,C,co-dominant,2
A,16034,23.35,3,1.0,Single tree,B,dominant,2
A,16041,12.98,3,3.1,Many trees of many species,C,co-dominant,1
A,16043,20.27,1,1.0,Single tree,B,dominant,1
A,16047,21.47,3,1.0,Single tree,B,dominant,1
A,16048,21.22,3,4.0,Tree section,B,dominant,0
A,16053,8.01,1,1.0,Single tree,C,co-dominant,1
A,16056,16.68,1,2.0,Large tree with undergrowth,C,co-dominant,1
A,16057,11.68,4,4.0,Tree section,E,roadside,0
A,16076,12.72,3,3.1,Many trees of many species,C,co-dominant,1
A,16077,19.18,1,2.0,Large tree with undergrowth,C,co-dominant,0
A,16082,15.06,3,1.0,Single tree,B,dominant,1
A,16083,19.36,1,3.1,Many trees of many species,C,co-dominant,0
A,16086,14.87,4,3.0,Many trees of the same species,E,roadside,1
A,16089,19.17,2,1.0,Single tree,C,co-dominant,1
A,16092,18.72,1,2.0,Large tree with undergrowth,C,co-dominant,1
A,16109,16.36,5,1.0,Single tree,C,co-dominant,1
A,16118,17.24,1,1.0,Single tree,C,co-dominant,1
A,16119,22.03,3,1.0,Single tree,C,co-dominant,1
A,16125,13.63,4,1.0,Single tree,E,roadside,1
A,16134,9.5,1,2.0,Large tree with undergrowth,C,co-dominant,2
A,16138,15.33,3,1.0,Single tree,E,roadside,1
A,16144,10.6,4,4.0,Tree section,E,roadside,0
A,16148,15.13,1,3.1,Many trees of many species,C,co-dominant,1
A,16154,20.74,5,1.0,Single tree,C,co-dominant,1
A,16165,12.08,1,2.0,Large tree with undergrowth,C,co-dominant,0
A,16166,16.1,3,2.0,Large tree with undergrowth,B,dominant,0
A,16167,19.46,5,3.0,Many trees of the same species,C,co-dominant,1
A,16170,21.37,1,2.0,Large tree with undergrowth,B,dominant,1
A,16171,15.54,1,2.0,Large tree with undergrowth,B,dominant,1
A,16173,7.78,8,1.0,Single tree,E,roadside,1
A,16182,11.95,1,3.1,Many trees of many species,C,co-dominant,1
A,16188,10.1,6,2.0,Large tree with undergrowth,C,co-dominant,1
A,16194,14.05,1,2.0,Large tree with undergrowth,C,co-dominant,0
A,16197,17.82,1,1.0,Single tree,C,co-dominant,1
A,16199,16.16,1,2.0,Large tree with undergrowth,C,co-dominant,1
A,16206,20.13,1,2.0,Large tree with undergrowth,C,co-dominant,0
A,16212,21.09,3,1.0,Single tree,C,co-dominant,0
A,16215,15.6,1,1.0,Single tree,C,co-dominant,1
A,16220,16.86,1,1.0,Single tree,C,co-dominant,1
A,16231,17.81,1,1.0,Single tree,C,co-dominant,1
A,16232,19.26,5,3.1,Many trees of many species,B,dominant,0
A,16236,9.05,1,3.0,Many trees of the same species,C,co-dominant,1
A,16237,11.86,1,3.0,Many trees of the same species,C,co-dominant,1
A,16238,15.0,1,2.0,Large tree with undergrowth,C,co-dominant,1
A,16239,18.92,5,1.0,Single tree,C,co-dominant,2
A,16245,10.01,1,3.0,Many trees of the same species,C,co-dominant,1
A,16249,19.98,1,2.0,Large tree with undergrowth,B,dominant,2
A,16251,19.13,1,1.0,Single tree,E,roadside,1
A,16258,20.17,5,3.1,Many trees of many species,B,dominant,0
A,16263,25.89,3,1.0,Single tree,A,isolated,2
A,16272,16.21,1,1.0,Single tree,C,co-dominant,1
A,16281,13.83,1,3.1,Many trees of many species,B,dominant,1
A,16284,18.21,1,2.0,Large tree with undergrowth,B,dominant,1
A,16285,20.24,5,1.0,Single tree,C,co-dominant,0
A,16286,20.95,3,1.0,Single tree,C,co-dominant,0
A,16291,12.74,1,1.0,Single tree,C,co-dominant,1
A,16297,19.6,5,1.0,Single tree,C,co-dominant,1
A,16298,23.44,3,3.0,Many trees of the same species,C,co-dominant,2
A,16302,8.45,4,1.0,Single tree,B,dominant,1
A,16306,19.43,1,1.0,Single tree,B,dominant,1
A,16307,14.88,1,1.0,Single tree,C,co-dominant,1
A,16308,12.62,1,1.0,Single tree,C,co-dominant,0
A,16313,18.13,3,1.0,Single tree,E,roadside,0
A,16316,18.07,1,3.0,Many trees of the same species,C,co-dominant,2
A,16320,18.3,5,3.1,Many trees of many species,C,co-dominant,2
A,16324,20.96,5,3.1,Many trees of many species,A,isolated,1
A,16326,13.8,1,3.1,Many trees of many species,C,co-dominant,1
A,16330,6.1,6,1.0,Single tree,C,co-dominant,1
A,16331,15.36,1,2.0,Large tree with undergrowth,C,co-dominant,0
A,16334,18.6,5,1.0,Single tree,C,co-dominant,1
A,16348,17.28,5,1.0,Single tree,E,roadside,1
A,16353,21.22,1,1.0,Single tree,E,roadside,1
A,16355,10.07,1,1.0,Single tree,C,co-dominant,1
A,16361,12.42,1,2.0,Large tree with undergrowth,C,co-dominant,1
A,16365,17.5,1,1.0,Single tree,B,dominant,1
A,16366,15.75,1,1.0,Single tree,C,co-dominant,1
A,16373,11.18,1,3.0,Many trees of the same species,C,co-dominant,2
A,16374,13.42,1,1.0,Single tree,B,dominant,1
A,16376,20.78,3,1.0,Single tree,C,co-dominant,1
A,16381,18.03,1,3.0,Many trees of the same species,B,dominant,2
A,16383,16.56,3,1.0,Single tree,B,dominant,1
A,16385,21.65,3,3.0,Many trees of the same species,E,roadside,0
A,16391,6.81,6,1.0,Single tree,D,smaller tree next to larger tree,1
A,16394,11.9,4,1.0,Single tree,E,roadside,1
A,16401,16.19,1,1.0,Single tree,A,isolated,1
A,16403,23.26,5,3.1,Many trees of many species,C,co-dominant,1
A,16404,14.24,1,1.0,Single tree,B,dominant,2
A,16409,20.16,3,2.0,Large tree with undergrowth,B,dominant,1
A,16414,10.25,1,2.0,Large tree with undergrowth,C,co-dominant,2
A,16415,15.61,1,3.1,Many trees of many species,B,dominant,1
A,16419,14.44,1,1.0,Single tree,C,co-dominant,1
A,16425,12.13,1,3.0,Many trees of the same species,C,co-dominant,0
A,16426,12.61,3,3.1,Many trees of many species,B,dominant,1
A,16429,17.41,5,1.0,Single tree,C,co-dominant,1
A,16433,13.7,1,2.0,Large tree with undergrowth,C,co-dominant,1
A,16434,14.64,1,2.0,Large tree with undergrowth,C,co-dominant,1
A,16436,15.64,1,1.0,Single tree,B,dominant,1
A,16442,11.06,1,1.0,Single tree,C,co-dominant,2
A,16443,23.93,3,1.0,Single tree,C,co-dominant,1
A,16444,25.46,3,3.0,Many trees of the same species,B,dominant,1
A,16455,8.26,6,1.0,Single tree,C,co-dominant,1
A,16468,11.96,1,1.0,Single tree,C,co-dominant,2
A,16474,16.3,1,1.0,Single tree,B,dominant,0
A,16477,17.05,1,4.0,Tree section,C,co-dominant,0
A,16486,11.7,1,1.0,Single tree,C,co-dominant,1
A,16489,13.45,4,1.0,Single tree,E,roadside,1
A,16491,17.05,1,1.0,Single tree,C,co-dominant,2
A,16492,12.75,2,1.0,Single tree,A,isolated,0
A,16495,14.7,3,3.1,Many trees of many species,C,co-dominant,1
A,16496,11.09,1,3.1,Many trees of many species,C,co-dominant,1
A,16497,20.5,1,1.0,Single tree,B,dominant,1
A,16500,13.04,1,1.0,Single tree,B,dominant,2
A,16504,23.58,1,2.0,Large tree with undergrowth,A,isolated,2
A,16515,15.56,1,1.0,Single tree,C,co-dominant,1
A,16519,13.96,2,1.0,Single tree,C,co-dominant,1
A,16520,21.08,3,3.0,Many trees of the same species,E,roadside,2
A,16522,12.22,1,3.1,Many trees of many species,C,co-dominant,2
A,16523,13.49,1,3.0,Many trees of the same species,C,co-dominant,2
A,16527,17.63,2,3.1,Many trees of many species,B,dominant,0
A,16528,23.18,5,1.0,Single tree,C,co-dominant,0
A,16529,23.34,3,1.0,Single tree,C,co-dominant,2
A,16531,11.94,1,1.0,Single tree,C,co-dominant,0
A,16551,21.96,2,1.0,Single tree,E,roadside,0
A,16554,14.31,1,2.0,Large tree with undergrowth,B,dominant,1
A,16557,7.1,8,1.0,Single tree,E,roadside,0
A,16558,11.86,1,1.0,Single tree,C,co-dominant,1
A,16560,12.62,1,2.0,Large tree with undergrowth,C,co-dominant,1
A,16576,7.19,4,1.0,Single tree,E,roadside,2
A,16580,18.36,5,1.0,Single tree,C,co-dominant,2
A,16588,13.6,3,1.0,Single tree,C,co-dominant,0
A,16597,20.13,1,1.0,Single tree,B,dominant,0
A,16599,11.77,1,3.1,Many trees of many species,C,co-dominant,1
A,16603,10.43,1,1.0,Single tree,C,co-dominant,1
A,16605,13.29,1,1.0,Single tree,B,dominant,1
A,16606,9.24,1,1.0,Single tree,C,co-dominant,1
A,16608,14.28,2,1.0,Single tree,B,dominant,1
A,16612,14.02,1,1.0,Single tree,C,co-dominant,1
A,16624,18.34,3,2.0,Large tree with undergrowth,E,roadside,1
A,16629,22.99,2,1.0,Single tree,B,dominant,0
A,16630,15.03,3,1.0,Single tree,C,co-dominant,0
A,16635,24.0,2,3.0,Many trees of the same species,E,roadside,1
A,16637,19.61,1,2.0,Large tree with undergrowth,A,isolated,1
A,16639,11.84,1,3.1,Many trees of many species,C,co-dominant,1
A,16642,23.52,3,1.0,Single tree,C,co-dominant,2
A,16650,14.03,1,1.0,Single tree,C,co-dominant,1
A,16651,16.7,1,1.0,Single tree,C,co-dominant,1
A,16659,11.01,1,3.1,Many trees of many species,C,co-dominant,2
A,16662,22.06,1,2.0,Large tree with undergrowth,B,dominant,2
A,16667,17.48,1,1.0,Single tree,C,co-dominant,2
A,16700,18.94,1,3.1,Many trees of many species,A,isolated,0
A,16707,16.61,1,3.1,Many trees of many species,C,co-dominant,0
A,16708,25.78,3,1.0,Single tree,B,dominant,0
A,16715,24.46,2,1.0,Single tree,E,roadside,1
A,16725,12.4,1,2.0,Large tree with undergrowth,C,co-dominant,1
A,16726,18.71,3,1.0,Single tree,C,co-dominant,1
A,16738,12.72,1,3.0,Many trees of the same species,C,co-dominant,1
A,16741,17.76,1,3.0,Many trees of the same species,C,co-dominant,1
A,16742,7.29,4,1.0,Single tree,C,co-dominant,0
A,16747,17.14,1,1.0,Single tree,A,isolated,0
A,16749,11.77,1,1.0,Single tree,C,co-dominant,1
A,16757,18.41,1,1.0,Single tree,B,dominant,0
A,16771,13.42,3,1.0,Single tree,C,co-dominant,1
A,16772,19.38,3,1.0,Single tree,C,co-dominant,0
A,16782,20.68,3,1.0,Single tree,C,co-dominant,1
A,16788,21.24,3,1.0,Single tree,B,dominant,2
A,16789,11.69,2,2.0,Large tree with undergrowth,C,co-dominant,1
A,16796,19.41,1,2.0,Large tree with undergrowth,C,co-dominant,1
A,16804,12.27,4,1.0,Single tree,C,co-dominant,1
A,16810,23.68,3,3.0,Many trees of the same species,C,co-dominant,2
A,16815,15.22,1,2.0,Large tree with undergrowth,B,dominant,1
A,16818,15.53,1,2.0,Large tree with undergrowth,C,co-dominant,1
A,16821,21.82,3,1.0,Single tree,B,dominant,2
A,16824,15.82,1,2.0,Large tree with undergrowth,C,co-dominant,1
A,16828,21.54,3,4.0,Tree section,E,roadside,0
A,16833,20.35,1,2.0,Large tree with undergrowth,C,co-dominant,1
A,16834,21.79,3,3.1,Many trees of many species,C,co-dominant,1
A,16835,19.78,3,4.0,Tree section,C,co-dominant,2
A,16840,9.81,2,1.0,Single tree,C,co-dominant,1
A,16843,20.8,1,2.0,Large tree with undergrowth,C,co-dominant,2
A,16849,16.78,3,3.0,Many trees of the same species,B,dominant,1
A,16851,20.46,3,3.0,Many trees of the same species,E,roadside,1
A,16857,20.1,4,3.1,Many trees of many species,C,co-dominant,2
A,16861,10.42,2,3.1,Many trees of many species,D,smaller tree next to larger tree,0
A,16863,15.8,1,1.0,Single tree,C,co-dominant,1
A,16864,16.25,1,3.1,Many trees of many species,B,dominant,1
A,16866,8.78,4,1.0,Single tree,C,co-dominant,1
A,16869,17.66,1,1.0,Single tree,C,co-dominant,1
A,16873,18.28,2,3.1,Many trees of many species,C,co-dominant,2
A,16879,18.01,1,3.1,Many trees of many species,C,co-dominant,1
A,16884,21.38,3,1.0,Single tree,C,co-dominant,0
A,16891,10.43,2,1.0,Single tree,C,co-dominant,2
A,16895,17.41,1,1.0,Single tree,C,co-dominant,1
A,16896,18.7,1,1.0,Single tree,B,dominant,0
A,16901,16.17,1,1.0,Single tree,C,co-dominant,0
A,16904,14.38,1,2.0,Large tree with undergrowth,B,dominant,0
A,16906,20.72,3,4.0,Tree section,C,co-dominant,1
A,16907,19.41,1,1.0,Single tree,B,dominant,0
A,16911,15.17,3,4.0,Tree section,C,co-dominant,1
A,16916,12.61,4,1.0,Single tree,C,co-dominant,1
A,16919,20.5,3,4.0,Tree section,C,co-dominant,2
A,16927,18.42,3,1.0,Single tree,E,roadside,2
A,16933,21.47,3,2.0,Large tree with undergrowth,C,co-dominant,1
A,16934,23.83,3,3.0,Many trees of the same species,B,dominant,2
A,16943,19.89,1,3.0,Many trees of the same species,C,co-dominant,1
A,16944,20.98,3,3.0,Many trees of the same species,B,dominant,1
A,16954,19.1,1,3.1,Many trees of many species,C,co-dominant,1
A,16957,18.88,1,1.0,Single tree,C,co-dominant,1
A,16958,14.46,1,3.1,Many trees of many species,C,co-dominant,2
A,16961,21.81,3,3.0,Many trees of the same species,E,roadside,2
A,16963,18.37,3,1.0,Single tree,E,roadside,0
A,16964,11.66,1,2.0,Large tree with undergrowth,C,co-dominant,1
A,16965,15.25,1,1.0,Single tree,B,dominant,2
A,16972,8.86,2,4.0,Tree section,C,co-dominant,2
A,16976,19.19,1,2.0,Large tree with undergrowth,C,co-dominant,1
A,16979,15.63,3,4.0,Tree section,C,co-dominant,0
A,16980,18.47,3,1.0,Single tree,C,co-dominant,1
A,16989,22.8,4,1.0,Single tree,A,isolated,1
A,16990,20.48,1,2.0,Large tree with undergrowth,C,co-dominant,0
A,16995,13.57,3,3.0,Many trees of the same species,C,co-dominant,2
A,16996,20.83,1,3.0,Many trees of the same species,B,dominant,2
A,17003,21.11,3,2.0,Large tree with undergrowth,B,dominant,1
A,17009,16.46,3,1.0,Single tree,D,smaller tree next to larger tree,1
A,17013,12.29,4,1.0,Single tree,E,roadside,1
A,17038,20.33,1,4.0,Tree section,C,co-dominant,0
A,17044,11.33,1,2.0,Large tree with undergrowth,C,co-dominant,2
A,17048,17.15,2,1.0,Single tree,C,co-dominant,2
A,17049,16.05,1,1.0,Single tree,A,isolated,1
A,17052,11.54,6,3.0,Many trees of the same species,E,roadside,2
A,17054,11.81,1,1.0,Single tree,C,co-dominant,2
A,17056,8.07,6,1.0,Single tree,D,smaller tree next to larger tree,0
A,17070,6.79,6,1.0,Single tree,A,isolated,0
A,17072,20.77,1,4.0,Tree section,C,co-dominant,1
A,17081,15.65,1,1.0,Single tree,C,co-dominant,0
A,17082,15.63,1,1.0,Single tree,C,co-dominant,1
A,17084,19.64,1,1.0,Single tree,C,co-dominant,1
A,17090,22.96,5,1.0,Single tree,B,dominant,1
A,17098,19.7,1,1.0,Single tree,C,co-dominant,1
A,17106,16.86,1,1.0,Single tree,C,co-dominant,2
A,17108,12.31,1,1.0,Single tree,C,co-dominant,1
A,17115,16.93,1,1.0,Single tree,C,co-dominant,1
A,17116,11.95,4,1.0,Single tree,C,co-dominant,2
A,17118,16.52,1,2.0,Large tree with undergrowth,B,dominant,1
A,17119,21.31,1,3.1,Many trees of many species,B,dominant,1
A,17125,10.14,1,1.0,Single tree,C,co-dominant,1
A,17130,10.56,1,3.1,Many trees of many species,C,co-dominant,2
A,17136,17.12,1,3.0,Many trees of the same species,B,dominant,2
A,17139,21.43,3,1.0,Single tree,C,co-dominant,1
A,17141,19.39,1,2.0,Large tree with undergrowth,B,dominant,1
A,17148,21.86,3,2.0,Large tree with undergrowth,C,co-dominant,0
A,17151,13.54,1,1.0,Single tree,C,co-dominant,0
A,17152,16.31,1,1.0,Single tree,C,co-dominant,1
A,17154,11.89,1,1.0,Single tree,C,co-dominant,1
A,17158,12.59,1,1.0,Single tree,C,co-dominant,0
A,17161,21.09,3,4.0,Tree section,C,co-dominant,2
A,17162,19.57,3,4.0,Tree section,C,co-dominant,1
A,17165,11.44,1,1.0,Single tree,C,co-dominant,0
A,17168,20.95,1,4.0,Tree section,C,co-dominant,1
A,17170,15.4,7,1.0,Single tree,C,co-dominant,1
A,17175,19.71,1,1.0,Single tree,C,co-dominant,1
A,17176,21.26,3,1.0,Single tree,B,dominant,1
A,17180,17.97,3,2.0,Large tree with undergrowth,C,co-dominant,0
A,17184,21.27,1,3.0,Many trees of the same species,C,co-dominant,1
A,17187,12.76,1,2.0,Large tree with undergrowth,C,co-dominant,1
A,17188,21.64,1,2.0,Large tree with undergrowth,C,co-dominant,2
A,17191,16.45,1,1.0,Single tree,C,co-dominant,2
A,17196,15.86,1,1.0,Single tree,C,co-dominant,1
A,17213,20.99,3,1.0,Single tree,C,co-dominant,1
A,17214,20.79,3,1.0,Single tree,C,co-dominant,0
A,17220,16.11,1,1.0,Single tree,C,co-dominant,0
A,17222,20.23,1,1.0,Single tree,B,dominant,1
A,17224,18.37,3,1.0,Single tree,E,roadside,2
A,17233,7.27,1,2.0,Large tree with undergrowth,C,co-dominant,1
A,17234,15.15,4,4.0,Tree section,B,dominant,1
A,17235,10.78,6,4.0,Tree section,D,smaller tree next to larger tree,1
A,17247,14.59,1,1.0,Single tree,C,co-dominant,2
A,17249,21.52,2,1.0,Single tree,E,roadside,2
A,17251,10.64,2,1.0,Single tree,C,co-dominant,1
A,17255,20.92,1,2.0,Large tree with undergrowth,C,co-dominant,2
A,17258,16.15,1,3.0,Many trees of the same species,C,co-dominant,0
A,17259,15.91,1,3.0,Many trees of the same species,C,co-dominant,1
A,17260,15.57,1,1.0,Single tree,C,co-dominant,2
A,17261,21.61,1,1.0,Single tree,C,co-dominant,1
A,17264,8.86,6,1.0,Single tree,C,co-dominant,0
A,17267,20.62,3,2.0,Large tree with undergrowth,A,isolated,1
A,17273,17.63,1,1.0,Single tree,E,roadside,1
A,17274,15.82,1,1.0,Single tree,B,dominant,1
A,17276,14.69,7,1.0,Single tree,C,co-dominant,1
A,17278,20.52,1,3.0,Many trees of the same species,B,dominant,1
A,17282,15.08,1,3.0,Many trees of the same species,C,co-dominant,1
A,17285,17.95,1,1.0,Single tree,B,dominant,1
A,17304,21.97,1,3.0,Many trees of the same species,B,dominant,1
A,17307,19.54,3,1.0,Single tree,C,co-dominant,1
A,17316,20.17,1,1.0,Single tree,C,co-dominant,1
A,17317,8.34,1,1.0,Single tree,C,co-dominant,1
A,17320,17.59,1,2.0,Large tree with undergrowth,B,dominant,1
A,17321,14.57,4,4.0,Tree section,C,co-dominant,2
A,17323,21.2,1,4.0,Tree section,C,co-dominant,1
A,17326,8.89,1,1.0,Single tree,B,dominant,0
A,17334,20.65,3,1.0,Single tree,C,co-dominant,1
A,17343,20.45,1,1.0,Single tree,C,co-dominant,1
A,17351,15.78,1,1.0,Single tree,C,co-dominant,1
A,17358,20.52,1,2.0,Large tree with undergrowth,B,dominant,2
A,17364,20.38,3,1.0,Single tree,C,co-dominant,1
A,17371,13.48,1,1.0,Single tree,C,co-dominant,1
A,17381,8.78,1,1.0,Single tree,C,co-dominant,1
A,17386,17.43,1,4.0,Tree section,C,co-dominant,1
A,17389,10.25,6,1.0,Single tree,B,dominant,1
A,17393,18.76,1,2.0,Large tree with undergrowth,C,co-dominant,2
A,17401,18.35,1,1.0,Single tree,C,co-dominant,1
A,17402,12.07,7,1.0,Single tree,D,smaller tree next to larger tree,2
A,17412,19.28,3,1.0,Single tree,C,co-dominant,1
A,17419,7.34,6,1.0,Single tree,E,roadside,1
A,17426,15.58,2,1.0,Single tree,C,co-dominant,0
A,17427,18.55,3,1.0,Single tree,C,co-dominant,0
A,17428,15.07,3,2.0,Large tree with undergrowth,E,roadside,0
A,17435,17.11,1,1.0,Single tree,B,dominant,2
A,17442,17.15,1,1.0,Single tree,B,dominant,2
A,17454,20.57,1,1.0,Single tree,B,dominant,0
A,17455,7.88,4,1.0,Single tree,E,roadside,1
A,17457,22.69,3,4.0,Tree section,C,co-dominant,2
A,17458,21.43,3,1.0,Single tree,C,co-dominant,0
A,17459,19.92,1,2.0,Large tree with undergrowth,C,co-dominant,0
A,17461,12.06,1,1.0,Single tree,C,co-dominant,1
A,17468,13.39,7,4.0,Tree section,C,co-dominant,1
A,17478,18.72,1,1.0,Single tree,C,co-dominant,0
A,17479,16.38,1,1.0,Single tree,B,dominant,1
A,17484,19.32,3,1.0,Single tree,C,co-dominant,2
A,17495,10.97,1,1.0,Single tree,C,co-dominant,1
A,17498,8.26,3,1.0,Single tree,C,co-dominant,2
A,17508,13.46,7,4.0,Tree section,C,co-dominant,2
A,17513,12.57,3,1.0,Single tree,C,co-dominant,1
A,17522,22.82,3,1.0,Single tree,C,co-dominant,0
A,17526,15.07,1,1.0,Single tree,C,co-dominant,1
A,17531,7.5,6,1.0,Single tree,E,roadside,1
A,17540,21.7,3,3.0,Many trees of the same species,C,co-dominant,1
A,17557,14.81,1,1.0,Single tree,C,co-dominant,1
A,17561,14.17,1,1.0,Single tree,C,co-dominant,2
A,17564,15.65,3,1.0,Single tree,C,co-dominant,1
A,17570,14.76,1,1.0,Single tree,C,co-dominant,1
A,17578,17.06,1,1.0,Single tree,C,co-dominant,1
A,17582,23.0,1,1.0,Single tree,B,dominant,1
A,17584,15.16,1,2.0,Large tree with undergrowth,B,dominant,1
A,17585,22.55,2,1.0,Single tree,C,co-dominant,0
A,17592,13.33,5,1.0,Single tree,C,co-dominant,1
A,17596,10.84,1,1.0,Single tree,C,co-dominant,1
A,17599,19.16,1,1.0,Single tree,B,dominant,0
A,17602,22.35,3,1.0,Single tree,C,co-dominant,2
A,17603,20.99,1,2.0,Large tree with undergrowth,A,isolated,2
A,17607,16.23,1,1.0,Single tree,C,co-dominant,1
A,17608,14.8,1,1.0,Single tree,A,isolated,1
A,17609,17.99,7,1.0,Single tree,C,co-dominant,1
A,17610,21.63,3,1.0,Single tree,E,roadside,1
A,17617,8.91,3,1.0,Single tree,A,isolated,1
A,17622,16.93,1,1.0,Single tree,C,co-dominant,0
A,17628,14.37,1,1.0,Single tree,B,dominant,1
A,17632,19.02,1,1.0,Single tree,C,co-dominant,0
A,17637,15.05,1,3.0,Many trees of the same species,C,co-dominant,1
A,17638,19.26,3,1.0,Single tree,B,dominant,0
A,17640,16.32,1,1.0,Single tree,C,co-dominant,1
A,17650,13.57,1,1.0,Single tree,E,roadside,1
A,17654,14.84,1,1.0,Single tree,B,dominant,1
A,17659,7.1,8,1.0,Single tree,E,roadside,2
A,17666,19.78,1,4.0,Tree section,C,co-dominant,1
A,17668,14.16,3,3.0,Many trees of the same species,B,dominant,0
A,17669,11.69,1,3.0,Many trees of the same species,B,dominant,1
A,17670,14.23,1,1.0,Single tree,C,co-dominant,1
A,17680,12.4,5,1.0,Single tree,E,roadside,1
A,17682,18.33,1,1.0,Single tree,B,dominant,1
A,17683,10.88,4,1.0,Single tree,C,co-dominant,2
A,17684,13.39,1,1.0,Single tree,C,co-dominant,1
A,17688,8.98,4,1.0,Single tree,C,co-dominant,1
A,17705,8.29,6,3.1,Many trees of many species,E,roadside,1
A,17711,16.34,4,1.0,Single tree,E,roadside,1
A,17721,10.1,1,3.0,Many trees of the same species,C,co-dominant,2
A,17727,20.68,3,1.0,Single tree,E,roadside,2
A,17736,13.31,1,1.0,Single tree,E,roadside,1
A,17739,19.25,1,1.0,Single tree,B,dominant,1
A,17740,16.54,1,1.0,Single tree,B,dominant,1
A,17758,21.08,3,1.0,Single tree,B,dominant,1
A,17760,14.0,3,1.0,Single tree,C,co-dominant,1
A,17761,17.67,1,1.0,Single tree,C,co-dominant,1
A,17764,10.35,1,4.0,Tree section,A,isolated,1
A,17765,10.33,1,4.0,Tree section,A,isolated,1
A,17779,19.54,1,2.0,Large tree with undergrowth,C,co-dominant,1
A,17785,16.23,3,1.0,Single tree,A,isolated,2
A,17789,18.85,1,2.0,Large tree with undergrowth,E,roadside,1
A,17796,14.77,1,1.0,Single tree,E,roadside,1
A,17797,10.26,4,1.0,Single tree,E,roadside,0
A,17798,9.43,6,1.0,Single tree,E,roadside,2
A,17805,15.34,1,1.0,Single tree,C,co-dominant,0
A,17808,16.53,1,1.0,Single tree,E,roadside,1
A,17809,14.55,1,1.0,Single tree,E,roadside,2
A,17811,16.1,5,3.0,Many trees of the same species,B,dominant,1
A,17816,7.24,8,1.0,Single tree,E,roadside,1
A,17817,20.0,3,3.1,Many trees of many species,E,roadside,1
A,17821,13.82,1,2.0,Large tree with undergrowth,C,co-dominant,1
A,17842,9.31,6,1.0,Single tree,E,roadside,1
A,17843,11.66,1,1.0,Single tree,A,isolated,2
A,17844,16.4,1,1.0,Single tree,C,co-dominant,2
A,17852,21.36,1,1.0,Single tree,C,co-dominant,1
A,17878,21.36,3,3.1,Many trees of many species,E,roadside,1
A,17880,21.74,1,3.1,Many trees of many species,B,dominant,0
A,17882,10.77,1,2.0,Large tree with undergrowth,C,co-dominant,2
A,17885,15.95,1,1.0,Single tree,C,co-dominant,0
A,17890,19.69,1,2.0,Large tree with undergrowth,B,dominant,1
A,17893,16.99,1,3.1,Many trees of many species,C,co-dominant,2
A,17895,9.86,1,1.0,Single tree,C,co-dominant,1
A,17896,8.47,3,1.0,Single tree,B,dominant,1
A,17899,21.51,2,3.1,Many trees of many species,B,dominant,1
A,17910,10.38,4,1.0,Single tree,C,co-dominant,0
A,17913,16.41,1,1.0,Single tree,E,roadside,0
A,17917,12.01,4,1.0,Single tree,C,co-dominant,1
A,17921,14.23,8,1.0,Single tree,C,co-dominant,1
A,17931,10.45,4,1.0,Single tree,E,roadside,1
A,17938,13.63,1,1.0,Single tree,C,co-dominant,1
A,17951,18.89,1,1.0,Single tree,C,co-dominant,2
A,17958,10.74,6,1.0,Single tree,D,smaller tree next to larger tree,2
A,17961,5.53,6,1.0,Single tree,E,roadside,1
A,17964,6.67,8,1.0,Single tree,E,roadside,1
A,17967,14.62,1,1.0,Single tree,C,co-dominant,2
A,17969,19.0,3,1.0,Single tree,C,co-dominant,1
A,17977,7.98,3,1.0,Single tree,C,co-dominant,1
A,17978,7.39,8,1.0,Single tree,E,roadside,2
A,17981,15.83,1,1.0,Single tree,E,roadside,0
A,17987,9.52,6,1.0,Single tree,E,roadside,1
A,17988,15.13,3,1.0,Single tree,B,dominant,0
A,17995,20.76,1,3.1,Many trees of many species,C,co-dominant,1
A,17999,15.04,2,1.0,Single tree,B,dominant,0
A,18007,18.18,3,1.0,Single tree,C,co-dominant,1
A,18017,12.7,1,1.0,Single tree,B,dominant,1
A,18036,17.7,1,3.0,Many trees of the same species,E,roadside,1
A,18039,18.16,3,1.0,Single tree,C,co-dominant,1
A,18040,13.69,1,3.0,Many trees of the same species,C,co-dominant,1
A,18044,13.35,1,1.0,Single tree,C,co-dominant,1
A,18050,14.69,3,1.0,Single tree,C,co-dominant,1
A,18056,14.46,3,1.0,Single tree,B,dominant,1
A,18057,11.66,4,1.0,Single tree,E,roadside,2
A,18059,19.41,1,1.0,Single tree,B,dominant,1
A,18060,19.7,3,1.0,Single tree,C,co-dominant,1
A,18087,17.68,1,1.0,Single tree,E,roadside,1
A,18088,20.55,4,1.0,Single tree,C,co-dominant,0
A,18090,19.66,3,4.0,Tree section,C,co-dominant,2
A,18091,14.92,3,1.0,Single tree,E,roadside,1
A,18098,19.19,3,4.0,Tree section,E,roadside,2
A,18099,18.59,3,4.0,Tree section,E,roadside,1
A,18106,10.51,4,4.0,Tree section,E,roadside,1
A,18107,11.92,1,1.0,Single tree,C,co-dominant,1
A,18119,9.13,1,1.0,Single tree,C,co-dominant,0
A,18121,21.52,3,1.0,Single tree,B,dominant,1
A,18122,18.3,1,1.0,Single tree,C,co-dominant,1
A,18123,18.98,1,2.0,Large tree with undergrowth,B,dominant,2
A,18124,9.24,1,1.0,Single tree,C,co-dominant,1
A,18130,7.49,8,1.0,Single tree,E,roadside,1
A,18145,6.91,8,1.0,Single tree,E,roadside,0
A,18148,16.96,1,1.0,Single tree,E,roadside,1
A,18149,7.24,4,1.0,Single tree,D,smaller tree next to larger tree,1
A,18155,9.26,6,1.0,Single tree,E,roadside,0
A,18160,17.39,1,3.0,Many trees of the same species,E,roadside,1
A,18161,10.58,4,4.0,Tree section,E,roadside,1
A,18166,21.2,1,1.0,Single tree,C,co-dominant,1
A,18168,20.03,3,1.0,Single tree,C,co-dominant,1
A,18189,14.16,2,1.0,Single tree,C,co-dominant,1
A,18196,14.77,1,1.0,Single tree,B,dominant,0
A,18201,19.28,1,2.0,Large tree with undergrowth,C,co-dominant,1
A,18207,12.9,3,1.0,Single tree,A,isolated,1
A,18211,16.5,1,1.0,Single tree,E,roadside,1
A,18213,10.96,4,1.0,Single tree,E,roadside,1
A,18214,13.82,1,1.0,Single tree,C,co-dominant,1
A,18216,22.24,3,4.0,Tree section,B,dominant,1
A,18226,21.05,3,1.0,Single tree,C,co-dominant,0
A,18251,12.96,1,2.0,Large tree with undergrowth,B,dominant,1
A,18252,9.03,1,1.0,Single tree,E,roadside,2
A,18258,16.81,1,1.0,Single tree,E,roadside,0
A,18259,13.26,4,1.0,Single tree,E,roadside,1
A,18261,15.79,3,1.0,Single tree,E,roadside,2
A,18274,17.9,1,2.0,Large tree with undergrowth,C,co-dominant,1
A,18286,16.94,4,1.0,Single tree,A,isolated,1
A,18288,17.62,3,1.0,Single tree,B,dominant,0
A,18301,12.43,1,2.0,Large tree with undergrowth,C,co-dominant,1
A,18303,15.54,1,1.0,Single tree,C,co-dominant,0
A,18313,7.18,8,1.0,Single tree,E,roadside,1
A,18334,21.86,1,1.0,Single tree,B,dominant,2
A,18335,8.77,6,1.0,Single tree,C,co-dominant,1
A,18337,11.72,1,4.0,Tree section,C,co-dominant,2
A,18342,7.18,8,1.0,Single tree,E,roadside,2
A,18345,20.31,3,1.0,Single tree,C,co-dominant,2
A,18352,9.12,4,1.0,Single tree,E,roadside,0
A,18364,15.74,3,1.0,Single tree,E,roadside,2
A,18365,8.95,1,1.0,Single tree,C,co-dominant,1
A,18379,17.47,3,1.0,Single tree,B,dominant,1
A,18383,19.66,3,3.1,Many trees of many species,B,dominant,1
A,18390,20.56,3,1.0,Single tree,B,dominant,2
A,18393,23.24,5,1.0,Single tree,C,co-dominant,0
A,18394,16.52,1,1.0,Single tree,C,co-dominant,1
A,18415,21.96,3,1.0,Single tree,E,roadside,1
A,18425,6.57,1,1.0,Single tree,C,co-dominant,1
A,18427,21.48,1,3.0,Many trees of the same species,C,co-dominant,1
A,18428,9.08,6,1.0,Single tree,B,dominant,1
A,18431,21.23,3,4.0,Tree section,E,roadside,2
A,18442,22.84,3,1.0,Single tree,E,roadside,1
A,18443,22.4,3,1.0,Single tree,E,roadside,0
A,18450,15.68,1,1.0,Single tree,E,roadside,1
A,18453,23.27,5,1.0,Single tree,B,dominant,1
A,18454,15.9,2,1.0,Single tree,E,roadside,2
A,18461,18.83,3,1.0,Single tree,C,co-dominant,2
A,18473,14.6,1,2.0,Large tree with undergrowth,C,co-dominant,0
A,18475,19.91,3,1.0,Single tree,E,roadside,1
A,18482,21.51,1,3.1,Many trees of many species,C,co-dominant,1
A,18485,7.17,8,1.0,Single tree,E,roadside,2
A,18488,8.21,1,1.0,Single tree,B,dominant,1
A,18489,17.37,1,1.0,Single tree,E,roadside,2
A,18495,11.7,1,1.0,Single tree,B,dominant,0
A,18497,8.67,6,1.0,Single tree,E,roadside,2
A,18505,6.76,1,1.0,Single tree,C,co-dominant,2
A,18507,11.45,4,1.0,Single tree,E,roadside,1
A,18508,12.48,4,1.0,Single tree,E,roadside,2
A,18511,22.28,3,1.0,Single tree,E,roadside,0
A,18512,15.4,1,1.0,Single tree,C,co-dominant,0
A,18514,17.0,3,1.0,Single tree,E,roadside,1
A,18532,19.8,1,1.0,Single tree,C,co-dominant,2
A,18533,23.58,1,2.0,Large tree with undergrowth,B,dominant,2
A,18541,16.66,3,1.0,Single tree,E,roadside,1
A,18542,18.67,1,1.0,Single tree,E,roadside,1
A,18546,18.92,3,2.0,Large tree with undergrowth,A,isolated,1
A,18558,22.76,3,2.0,Large tree with undergrowth,B,dominant,0
A,18559,16.16,4,3.0,Many trees of the same species,B,dominant,2
A,18564,7.46,3,1.0,Single tree,A,isolated,1
A,18571,12.78,4,1.0,Single tree,C,co-dominant,1
A,18576,6.81,6,1.0,Single tree,A,isolated,0
A,18581,18.3,1,1.0,Single tree,E,roadside,1
A,18582,19.87,3,1.0,Single tree,C,co-dominant,0
A,18595,20.25,1,3.0,Many trees of the same species,C,co-dominant,2
A,18596,15.62,1,2.0,Large tree with undergrowth,C,co-dominant,1
A,18598,21.58,1,3.1,Many trees of many species,B,dominant,1
A,18599,18.09,1,3.0,Many trees of the same species,A,isolated,1
A,18610,13.81,5,3.0,Many trees of the same species,A,isolated,0
A,18614,12.48,1,2.0,Large tree with undergrowth,B,dominant,1
A,18638,6.62,6,1.0,Single tree,E,roadside,1
A,18640,7.11,8,1.0,Single tree,E,roadside,1
A,18645,21.05,2,3.1,Many trees of many species,C,co-dominant,1
A,18647,20.03,4,1.0,Single tree,E,roadside,1
A,18648,18.26,3,1.0,Single tree,B,dominant,1
A,18663,9.84,4,1.0,Single tree,E,roadside,1
A,18664,6.45,6,1.0,Single tree,E,roadside,2
A,18669,19.7,3,1.0,Single tree,C,co-dominant,0
A,18676,14.95,5,3.1,Many trees of many species,A,isolated,1
A,18680,21.88,1,1.0,Single tree,C,co-dominant,1
A,18686,19.43,3,3.0,Many trees of the same species,C,co-dominant,0
A,18688,17.17,1,3.0,Many trees of the same species,A,isolated,1
A,18692,20.16,1,1.0,Single tree,C,co-dominant,1
A,18705,12.12,1,3.1,Many trees of many species,C,co-dominant,1
A,18708,15.41,1,2.0,Large tree with undergrowth,C,co-dominant,1
A,18717,15.73,1,2.0,Large tree with undergrowth,E,roadside,1
A,18728,14.2,1,2.0,Large tree with undergrowth,E,roadside,1
A,18734,15.3,1,3.1,Many trees of many species,C,co-dominant,0
A,18735,9.67,1,1.0,Single tree,C,co-dominant,0
A,18746,19.91,3,1.0,Single tree,E,roadside,0
A,18755,21.82,1,2.0,Large tree with undergrowth,C,co-dominant,2
A,18757,15.43,3,1.0,Single tree,B,dominant,2
A,18761,20.33,3,1.0,Single tree,B,dominant,1
A,18763,19.81,3,3.0,Many trees of the same species,C,co-dominant,0
A,18765,20.38,3,2.0,Large tree with undergrowth,E,roadside,1
A,18773,8.83,4,1.0,Single tree,E,roadside,1
A,18784,6.68,8,1.0,Single tree,E,roadside,2
A,18796,12.49,1,1.0,Single tree,E,roadside,1
A,18799,16.18,4,3.0,Many trees of the same species,E,roadside,1
A,18808,18.98,1,2.0,Large tree with undergrowth,C,co-dominant,0
A,18809,17.02,5,2.0,Large tree with undergrowth,B,dominant,1
A,18829,15.49,1,2.0,Large tree with undergrowth,E,roadside,1
A,18830,18.18,1,1.0,Single tree,C,co-dominant,1
A,18836,9.39,4,1.0,Single tree,E,roadside,1
A,18837,17.0,6,1.0,Single tree,E,roadside,2
A,18840,17.52,3,1.0,Single tree,B,dominant,1
A,18841,13.33,1,1.0,Single tree,A,isolated,1
A,18849,12.51,1,1.0,Single tree,E,roadside,2
A,18881,21.9,3,3.0,Many trees of the same species,E,roadside,2
A,18886,15.25,1,3.0,Many trees of the same species,E,roadside,0
A,18898,10.46,1,1.0,Single tree,C,co-dominant,1
A,18900,18.69,3,1.0,Single tree,C,co-dominant,1
A,18902,9.25,4,4.0,Tree section,E,roadside,1
A,18903,16.95,1,1.0,Single tree,B,dominant,1
A,18912,9.41,4,4.0,Tree section,E,roadside,1
A,18914,16.86,5,1.0,Single tree,C,co-dominant,0
A,18923,6.92,1,3.1,Many trees of many species,C,co-dominant,0
A,18926,9.89,1,4.0,Tree section,C,co-dominant,1
A,18927,23.23,1,3.0,Many trees of the same species,A,isolated,0
A,18949,16.68,1,1.0,Single tree,C,co-dominant,2
A,18960,10.79,1,2.0,Large tree with undergrowth,B,dominant,1
A,18962,18.82,3,1.0,Single tree,E,roadside,1
A,18968,9.42,4,1.0,Single tree,E,roadside,1
A,18980,10.97,4,1.0,Single tree,E,roadside,1
A,18983,6.79,1,3.1,Many trees of many species,C,co-dominant,2
A,18984,21.43,1,1.0,Single tree,C,co-dominant,1
A,18999,17.07,1,2.0,Large tree with undergrowth,B,dominant,2
A,19013,16.39,2,3.1,Many trees of many species,C,co-dominant,1
A,19021,10.81,4,4.0,Tree section,E,roadside,2
A,19032,21.64,1,1.0,Single tree,B,dominant,2
A,19037,11.3,4,1.0,Single tree,E,roadside,2
A,19041,20.82,3,1.0,Single tree,E,roadside,1
A,19046,9.95,4,1.0,Single tree,E,roadside,1
A,19053,11.43,1,1.0,Single tree,A,isolated,1
A,19062,17.44,3,2.0,Large tree with undergrowth,E,roadside,2
A,19064,8.15,4,3.1,Many trees of many species,C,co-dominant,1
A,19071,17.52,3,1.0,Single tree,E,roadside,1
A,19078,11.59,4,4.0,Tree section,E,roadside,1
A,19087,12.24,1,1.0,Single tree,E,roadside,1
A,19098,19.2,2,3.1,Many trees of many species,E,roadside,0
A,19099,12.39,3,3.1,Many trees of many species,B,dominant,0
A,19107,16.43,4,3.1,Many trees of many species,E,roadside,0
A,19118,16.75,5,1.0,Single tree,B,dominant,1
A,19143,16.55,3,1.0,Single tree,E,roadside,1
A,19164,15.13,1,2.0,Large tree with undergrowth,A,isolated,1
A,19169,10.2,4,1.0,Single tree,E,roadside,1
A,19170,10.23,4,1.0,Single tree,E,roadside,1
A,19173,17.55,1,1.0,Single tree,E,roadside,0
A,19183,16.18,1,3.1,Many trees of many species,E,roadside,2
A,19184,13.56,1,3.0,Many trees of the same species,B,dominant,0
A,19188,7.91,6,1.0,Single tree,C,co-dominant,1
A,19197,14.81,3,1.0,Single tree,E,roadside,1
A,19210,15.93,1,1.0,Single tree,C,co-dominant,2
A,19211,6.57,4,1.0,Single tree,A,isolated,1
A,19234,23.69,2,1.0,Single tree,B,dominant,2
A,19240,14.27,1,3.1,Many trees of many species,C,co-dominant,0
A,19247,19.94,2,2.0,Large tree with undergrowth,C,co-dominant,1
A,19250,7.11,3,3.0,Many trees of the same species,C,co-dominant,1
A,19251,7.41,3,1.0,Single tree,B,dominant,1
A,19259,17.37,1,1.0,Single tree,E,roadside,1
A,19272,5.38,4,1.0,Single tree,A,isolated,1
A,19279,10.95,4,1.0,Single tree,E,roadside,2
A,19281,16.84,3,1.0,Single tree,E,roadside,2
A,19303,16.64,3,1.0,Single tree,E,roadside,2
A,19306,25.16,2,1.0,Single tree,C,co-dominant,1
A,19314,16.73,1,3.0,Many trees of the same species,E,roadside,1
A,19326,9.78,4,1.0,Single tree,E,roadside,1
A,19327,11.18,1,1.0,Single tree,B,dominant,1
A,19341,17.15,1,1.0,Single tree,E,roadside,1
A,19342,15.77,1,1.0,Single tree,E,roadside,1
A,19361,15.19,3,1.0,Single tree,E,roadside,1
A,19387,27.12,2,1.0,Single tree,B,dominant,0
A,19393,15.76,1,2.0,Large tree with undergrowth,C,co-dominant,1
A,19396,12.62,1,1.0,Single tree,A,isolated,1
A,19397,19.9,3,4.0,Tree section,E,roadside,1
A,19406,26.29,2,1.0,Single tree,C,co-dominant,1
A,19407,26.33,2,1.0,Single tree,C,co-dominant,2
A,19432,20.13,3,4.0,Tree section,E,roadside,1
A,19435,18.79,3,1.0,Single tree,E,roadside,1
A,19444,13.74,1,1.0,Single tree,C,co-dominant,2
A,19451,25.38,2,1.0,Single tree,C,co-dominant,0
A,19457,15.52,1,1.0,Single tree,E,roadside,1
A,19464,27.35,2,1.0,Single tree,C,co-dominant,0
A,19471,7.48,6,1.0,Single tree,C,co-dominant,0
A,19495,19.24,3,1.0,Single tree,B,dominant,1
A,19496,17.47,3,3.0,Many trees of the same species,E,roadside,2
A,19505,18.26,1,1.0,Single tree,E,roadside,1
A,19506,19.37,1,1.0,Single tree,C,co-dominant,1
A,19516,9.81,4,4.0,Tree section,E,roadside,1
A,19540,13.7,1,2.0,Large tree with undergrowth,E,roadside,1
A,19552,9.74,4,4.0,Tree section,E,roadside,1
A,19553,18.58,3,1.0,Single tree,C,co-dominant,0
A,19556,12.04,1,2.0,Large tree with undergrowth,A,isolated,0
A,19560,13.79,1,2.0,Large tree with undergrowth,A,isolated,1
A,19564,19.89,2,1.0,Single tree,B,dominant,2
A,19565,17.93,3,1.0,Single tree,C,co-dominant,1
A,19581,28.11,2,1.0,Single tree,C,co-dominant,2
A,19582,27.47,2,1.0,Single tree,B,dominant,1
A,19593,21.41,3,1.0,Single tree,E,roadside,1
A,19596,24.54,2,1.0,Single tree,C,co-dominant,1
A,19599,13.67,1,1.0,Single tree,E,roadside,1
A,19613,13.93,1,1.0,Single tree,E,roadside,2
A,19614,12.2,4,1.0,Single tree,E,roadside,1
A,19615,19.06,1,1.0,Single tree,B,dominant,0
A,19616,17.33,3,1.0,Single tree,E,roadside,1
A,19639,14.08,3,1.0,Single tree,E,roadside,2
A,19641,22.4,3,1.0,Single tree,A,isolated,2
A,19645,22.02,1,1.0,Single tree,C,co-dominant,2
A,19650,12.95,1,1.0,Single tree,E,roadside,2
A,19652,16.49,3,1.0,Single tree,E,roadside,1
A,19656,25.94,2,1.0,Single tree,C,co-dominant,1
A,19659,20.97,5,1.0,Single tree,C,co-dominant,1
A,19660,13.83,1,4.0,Tree section,A,isolated,1
A,19672,14.45,3,4.0,Tree section,E,roadside,1
A,19679,28.99,2,1.0,Single tree,B,dominant,1
A,19685,10.37,4,1.0,Single tree,E,roadside,1
A,19688,9.2,6,3.0,Many trees of the same species,E,roadside,2
A,19693,24.57,2,1.0,Single tree,C,co-dominant,1
A,19694,25.66,2,1.0,Single tree,C,co-dominant,1
A,19722,15.17,1,1.0,Single tree,C,co-dominant,1
A,19723,18.04,1,1.0,Single tree,A,isolated,1
A,19737,22.36,3,3.0,Many trees of the same species,B,dominant,0
A,19744,23.8,5,1.0,Single tree,C,co-dominant,2
A,19745,19.6,1,2.0,Large tree with undergrowth,B,dominant,0
A,19748,20.78,1,1.0,Single tree,C,co-dominant,0
A,19753,28.08,2,1.0,Single tree,C,co-dominant,1
A,19765,26.92,2,1.0,Single tree,C,co-dominant,2
A,19779,27.34,2,1.0,Single tree,C,co-dominant,1
A,19781,18.09,5,1.0,Single tree,C,co-dominant,1
A,19796,20.17,1,1.0,Single tree,A,isolated,0
A,19807,19.9,1,1.0,Single tree,B,dominant,2
A,19808,21.3,1,1.0,Single tree,C,co-dominant,0
A,19809,19.89,1,3.0,Many trees of the same species,A,isolated,2
A,19822,24.92,5,3.0,Many trees of the same species,C,co-dominant,1
A,19825,6.45,6,4.0,Tree section,C,co-dominant,2
A,19831,26.94,2,1.0,Single tree,C,co-dominant,2
A,19834,18.48,5,4.0,Tree section,C,co-dominant,1
A,19847,28.59,2,3.0,Many trees of the same species,C,co-dominant,1
A,19850,18.95,5,1.0,Single tree,C,co-dominant,0
A,19857,19.1,5,2.0,Large tree with undergrowth,B,dominant,1
A,19862,17.98,1,4.0,Tree section,C,co-dominant,2
A,19878,24.03,5,3.1,Many trees of many species,C,co-dominant,2
A,19879,21.86,5,3.0,Many trees of the same species,C,co-dominant,1
A,19883,6.73,6,1.0,Single tree,A,isolated,0
A,19890,27.96,2,1.0,Single tree,C,co-dominant,1
A,19894,19.02,3,1.0,Single tree,E,roadside,2
A,19899,29.91,2,1.0,Single tree,B,dominant,1
A,19904,13.44,4,4.0,Tree section,E,roadside,1
A,19905,12.93,1,1.0,Single tree,C,co-dominant,1
A,19921,20.0,1,3.1,Many trees of many species,B,dominant,1
A,19927,13.89,1,1.0,Single tree,C,co-dominant,0
A,19937,19.03,5,1.0,Single tree,C,co-dominant,0
A,19942,16.32,1,3.1,Many trees of many species,E,roadside,1
A,19943,16.48,1,1.0,Single tree,C,co-dominant,1
A,19947,17.48,2,1.0,Single tree,C,co-dominant,1
A,19954,25.78,2,1.0,Single tree,C,co-dominant,1
A,19959,21.51,1,2.0,Large tree with undergrowth,C,co-dominant,1
A,19969,19.11,5,1.0,Single tree,C,co-dominant,1
A,19973,13.51,1,1.0,Single tree,B,dominant,2
A,19983,18.13,5,1.0,Single tree,C,co-dominant,1
A,19986,15.89,3,1.0,Single tree,E,roadside,1
A,19987,13.08,4,4.0,Tree section,E,roadside,2
A,20014,22.47,3,3.0,Many trees of the same species,B,dominant,2
A,20018,21.58,5,3.1,Many trees of many species,C,co-dominant,2
A,20021,22.15,2,1.0,Single tree,B,dominant,0
A,20031,23.25,5,3.0,Many trees of the same species,C,co-dominant,2
A,20032,12.09,1,1.0,Single tree,C,co-dominant,1
A,20036,28.11,2,1.0,Single tree,C,co-dominant,0
A,20038,12.92,1,1.0,Single tree,C,co-dominant,2
A,20058,8.4,9,3.0,Many trees of the same species,C,co-dominant,1
A,20068,13.41,1,1.0,Single tree,C,co-dominant,0
A,20073,18.46,1,1.0,Single tree,B,dominant,1
A,20074,17.66,1,4.0,Tree section,C,co-dominant,1
A,20080,19.81,5,3.1,Many trees of many species,C,co-dominant,2
A,20083,21.01,3,1.0,Single tree,E,roadside,1
A,20095,14.77,1,1.0,Single tree,A,isolated,1
A,20103,11.86,1,1.0,Single tree,E,roadside,1
A,20111,26.97,2,1.0,Single tree,C,co-dominant,1
A,20112,20.02,5,1.0,Single tree,C,co-dominant,1
A,20125,28.43,2,1.0,Single tree,B,dominant,1
A,20127,18.89,5,2.0,Large tree with undergrowth,C,co-dominant,0
A,20133,23.31,5,3.0,Many trees of the same species,B,dominant,1
A,20137,20.34,5,1.0,Single tree,C,co-dominant,1
A,20155,21.82,3,3.1,Many trees of many species,C,co-dominant,1
A,20162,22.76,3,1.0,Single tree,E,roadside,1
A,20164,22.49,5,1.0,Single tree,C,co-dominant,1
A,20167,15.81,1,2.0,Large tree with undergrowth,C,co-dominant,0
A,20170,23.49,3,1.0,Single tree,D,smaller tree next to larger tree,2
A,20171,25.24,2,1.0,Single tree,C,co-dominant,1
A,20172,19.44,1,2.0,Large tree with undergrowth,C,co-dominant,0
A,20173,24.68,3,3.1,Many trees of many species,A,isolated,1
A,20185,13.68,5,1.0,Single tree,B,dominant,1
A,20205,20.22,5,1.0,Single tree,C,co-dominant,2
A,20223,14.19,4,1.0,Single tree,E,roadside,1
A,20224,18.83,2,1.0,Single tree,E,roadside,1
A,20230,25.5,2,2.0,Large tree with undergrowth,C,co-dominant,0
A,20232,13.04,5,3.1,Many trees of many species,C,co-dominant,2
A,20234,7.96,4,3.0,Many trees of the same species,E,roadside,1
A,20235,14.04,1,1.0,Single tree,E,roadside,1
A,20239,26.64,2,1.0,Single tree,C,co-dominant,2
A,20240,21.01,5,1.0,Single tree,C,co-dominant,1
A,20245,12.31,9,3.0,Many trees of the same species,C,co-dominant,0
A,20250,19.44,5,3.1,Many trees of many species,C,co-dominant,1
A,20266,29.36,2,3.0,Many trees of the same species,B,dominant,0
A,20267,18.7,5,2.0,Large tree with undergrowth,C,co-dominant,2
A,20270,13.2,1,1.0,Single tree,E,roadside,1
A,20276,6.8,8,1.0,Single tree,E,roadside,1
A,20282,12.6,4,1.0,Single tree,E,roadside,1
A,20290,26.09,3,1.0,Single tree,C,co-dominant,2
A,20291,27.46,2,1.0,Single tree,B,dominant,2
A,20303,21.29,5,1.0,Single tree,C,co-dominant,1
A,20310,16.92,1,1.0,Single tree,C,co-dominant,2
A,20311,10.87,1,1.0,Single tree,E,roadside,1
A,20328,19.05,3,1.0,Single tree,D,smaller tree next to larger tree,1
A,20329,27.28,3,2.0,Large tree with undergrowth,B,dominant,0
A,20330,10.33,1,1.0,Single tree,E,roadside,2
A,20338,19.6,1,1.0,Single tree,C,co-dominant,2
A,20342,9.91,4,1.0,Single tree,E,roadside,1
A,20349,11.23,5,1.0,Single tree,C,co-dominant,2
A,20354,12.06,1,3.0,Many trees of the same species,E,roadside,1
A,20362,19.89,1,1.0,Single tree,C,co-dominant,1
A,20368,18.42,3,1.0,Single tree,A,isolated,2
A,20373,23.79,3,4.0,Tree section,C,co-dominant,1
A,20374,20.98,5,2.0,Large tree with undergrowth,B,dominant,2
A,20382,12.06,1,1.0,Single tree,E,roadside,1
A,20383,18.23,3,3.0,Many trees of the same species,A,isolated,1
A,20385,14.14,1,1.0,Single tree,B,dominant,0
A,20397,10.06,1,1.0,Single tree,E,roadside,1
A,20406,26.84,2,1.0,Single tree,C,co-dominant,2
A,20407,19.33,5,1.0,Single tree,C,co-dominant,1
A,20412,23.93,3,1.0,Single tree,E,roadside,1
A,20417,14.06,3,1.0,Single tree,C,co-dominant,1
A,20421,14.56,4,1.0,Single tree,E,roadside,0
A,20434,22.1,2,1.0,Single tree,B,dominant,1
A,20435,20.56,5,1.0,Single tree,C,co-dominant,2
A,20436,12.3,5,1.0,Single tree,C,co-dominant,0
A,20442,20.72,3,4.0,Tree section,A,isolated,1
A,20443,20.31,3,4.0,Tree section,A,isolated,1
A,20460,10.16,1,3.0,Many trees of the same species,C,co-dominant,0
A,20461,13.46,1,1.0,Single tree,C,co-dominant,1
A,20480,17.25,2,2.0,Large tree with undergrowth,C,co-dominant,1
A,20481,19.01,5,3.1,Many trees of many species,C,co-dominant,2
A,20492,7.2,8,1.0,Single tree,E,roadside,2
A,20496,15.28,3,4.0,Tree section,A,isolated,1
A,20505,11.27,6,1.0,Single tree,C,co-dominant,1
A,20507,17.45,3,1.0,Single tree,E,roadside,1
A,20508,19.19,3,1.0,Single tree,E,roadside,1
A,20510,23.95,1,1.0,Single tree,E,roadside,0
A,20513,18.84,3,2.0,Large tree with undergrowth,A,isolated,2
A,20517,20.68,5,1.0,Single tree,B,dominant,1
A,20523,17.79,7,1.0,Single tree,E,roadside,0
A,20530,12.26,6,1.0,Single tree,D,smaller tree next to larger tree,1
A,20535,14.87,4,4.0,Tree section,E,roadside,2
A,20549,11.9,8,1.0,Single tree,C,co-dominant,1
A,20551,16.75,1,1.0,Single tree,C,co-dominant,1
A,20552,9.98,9,1.0,Single tree,B,dominant,1
A,20556,26.48,3,1.0,Single tree,C,co-dominant,1
A,20557,27.04,2,1.0,Single tree,C,co-dominant,2
A,20558,15.43,1,3.1,Many trees of many species,C,co-dominant,2
A,20563,18.15,1,1.0,Single tree,C,co-dominant,1
A,20565,14.82,3,4.0,Tree section,A,isolated,1
A,20567,16.95,5,2.0,Large tree with undergrowth,C,co-dominant,1
A,20578,25.44,2,3.0,Many trees of the same species,C,co-dominant,1
A,20579,22.72,3,2.0,Large tree with undergrowth,C,co-dominant,2
A,20581,14.66,5,1.0,Single tree,C,co-dominant,1
A,20584,20.99,4,1.0,Single tree,E,roadside,1
A,20591,27.58,3,3.1,Many trees of many species,B,dominant,2
A,20592,23.91,2,3.0,Many trees of the same species,B,dominant,0
A,20593,19.78,5,1.0,Single tree,C,co-dominant,0
A,20599,14.39,4,4.0,Tree section,E,roadside,1
A,20603,20.53,1,3.1,Many trees of many species,E,roadside,1
A,20604,20.39,3,1.0,Single tree,E,roadside,1
A,20605,17.19,1,1.0,Single tree,B,dominant,1
A,20611,27.27,2,1.0,Single tree,B,dominant,2
A,20612,14.32,2,1.0,Single tree,C,co-dominant,1
A,20622,21.98,3,1.0,Single tree,E,roadside,0
A,20623,15.96,4,2.0,Large tree with undergrowth,C,co-dominant,1
A,20632,16.69,1,3.1,Many trees of many species,C,co-dominant,0
A,20635,14.3,8,1.0,Single tree,C,co-dominant,0
A,20638,22.92,3,3.1,Many trees of many species,E,roadside,1
A,20643,20.83,2,3.1,Many trees of many species,C,co-dominant,0
A,20649,23.02,1,1.0,Single tree,E,roadside,1
A,20653,8.91,9,3.0,Many trees of the same species,C,co-dominant,1
A,20656,23.63,2,1.0,Single tree,B,dominant,0
A,20661,20.5,3,1.0,Single tree,E,roadside,1
A,20664,23.08,1,1.0,Single tree,E,roadside,1
A,20673,26.4,2,1.0,Single tree,B,dominant,1
A,20674,16.63,5,3.1,Many trees of many species,C,co-dominant,2
A,20681,15.06,1,1.0,Single tree,C,co-dominant,1
A,20684,23.1,3,1.0,Single tree,C,co-dominant,1
A,20690,10.26,4,1.0,Single tree,A,isolated,1
A,20691,12.95,4,1.0,Single tree,E,roadside,1
A,20693,17.4,1,1.0,Single tree,C,co-dominant,2
A,20703,23.09,3,2.0,Large tree with undergrowth,B,dominant,2
A,20707,16.17,1,2.0,Large tree with undergrowth,C,co-dominant,2
A,20709,27.09,2,1.0,Single tree,C,co-dominant,2
A,20720,13.5,2,1.0,Single tree,A,isolated,2
A,20723,15.03,5,1.0,Single tree,C,co-dominant,1
A,20724,6.61,8,1.0,Single tree,E,roadside,1
A,20728,11.46,8,1.0,Single tree,C,co-dominant,1
A,20729,19.84,1,1.0,Single tree,E,roadside,1
A,20741,11.19,4,3.1,Many trees of many species,E,roadside,1
A,20746,20.89,1,3.1,Many trees of many species,B,dominant,1
A,20747,17.44,1,1.0,Single tree,C,co-dominant,1
A,20751,22.55,2,1.0,Single tree,C,co-dominant,1
A,20764,21.54,2,1.0,Single tree,C,co-dominant,0
A,20765,23.75,3,2.0,Large tree with undergrowth,C,co-dominant,2
A,20769,20.75,1,1.0,Single tree,C,co-dominant,1
A,20772,12.66,2,1.0,Single tree,C,co-dominant,1
A,20773,17.82,3,1.0,Single tree,B,dominant,1
A,20775,12.47,3,1.0,Single tree,A,isolated,1
A,20780,25.35,2,1.0,Single tree,C,co-dominant,1
A,20781,26.05,2,1.0,Single tree,C,co-dominant,0
A,20783,15.4,5,3.1,Many trees of many species,C,co-dominant,2
A,20795,24.69,2,2.0,Large tree with undergrowth,C,co-dominant,2
A,20796,12.83,8,1.0,Single tree,C,co-dominant,1
A,20797,15.21,3,1.0,Single tree,E,roadside,1
A,20801,24.64,2,1.0,Single tree,C,co-dominant,1
A,20803,18.61,5,2.0,Large tree with undergrowth,C,co-dominant,0
A,20807,11.57,4,1.0,Single tree,E,roadside,0
A,20808,11.68,4,1.0,Single tree,E,roadside,2
A,20810,12.39,1,4.0,Tree section,C,co-dominant,1
A,20812,15.76,1,1.0,Single tree,C,co-dominant,1
A,20820,23.91,1,2.0,Large tree with undergrowth,C,co-dominant,0
A,20821,21.23,2,2.0,Large tree with undergrowth,C,co-dominant,1
A,20833,23.32,3,1.0,Single tree,B,dominant,1
A,20836,25.81,1,3.0,Many trees of the same species,B,dominant,2
A,20837,24.07,2,1.0,Single tree,C,co-dominant,1
A,20838,26.1,2,1.0,Single tree,C,co-dominant,1
A,20839,13.74,5,3.1,Many trees of many species,C,co-dominant,2
A,20840,14.9,5,1.0,Single tree,C,co-dominant,1
A,20844,13.44,1,3.0,Many trees of the same species,C,co-dominant,1
A,20845,21.08,3,1.0,Single tree,E,roadside,2
A,20852,25.42,3,3.0,Many trees of the same species,B,dominant,1
A,20859,8.63,6,1.0,Single tree,E,roadside,2
A,20877,17.67,5,1.0,Single tree,C,co-dominant,1
A,20883,12.97,4,4.0,Tree section,E,roadside,1
A,20892,25.51,2,2.0,Large tree with undergrowth,B,dominant,1
A,20893,27.7,2,1.0,Single tree,C,co-dominant,1
A,20896,25.27,2,1.0,Single tree,C,co-dominant,0
A,20897,23.05,2,2.0,Large tree with undergrowth,C,co-dominant,2
A,20903,12.71,4,4.0,Tree section,E,roadside,1
A,20905,12.79,5,1.0,Single tree,C,co-dominant,1
A,20910,23.84,2,1.0,Single tree,C,co-dominant,0
A,20919,17.43,1,1.0,Single tree,C,co-dominant,2
A,20922,23.45,3,1.0,Single tree,B,dominant,1
A,20923,17.53,3,1.0,Single tree,C,co-dominant,0
A,20930,17.52,3,1.0,Single tree,E,roadside,1
A,20931,8.41,5,1.0,Single tree,C,co-dominant,0
A,20943,18.77,3,2.0,Large tree with undergrowth,B,dominant,1
A,20944,17.07,1,1.0,Single tree,C,co-dominant,0
A,20951,20.4,1,1.0,Single tree,D,smaller tree next to larger tree,2
A,20952,19.23,2,1.0,Single tree,D,smaller tree next to larger tree,2
A,20953,16.95,3,1.0,Single tree,C,co-dominant,0
A,20959,16.3,3,1.0,Single tree,B,dominant,2
A,20967,7.04,8,1.0,Single tree,E,roadside,1
A,20973,13.11,4,4.0,Tree section,E,roadside,1
A,20974,13.25,5,2.0,Large tree with undergrowth,A,isolated,1
A,20976,17.57,3,2.0,Large tree with undergrowth,C,co-dominant,1
A,20984,18.77,3,1.0,Single tree,D,smaller tree next to larger tree,1
A,20985,25.14,2,1.0,Single tree,C,co-dominant,1
A,20986,25.92,2,2.0,Large tree with undergrowth,B,dominant,1
A,20995,15.96,1,2.0,Large tree with undergrowth,C,co-dominant,1
A,21001,20.8,3,1.0,Single tree,C,co-dominant,1
A,21002,25.27,2,1.0,Single tree,C,co-dominant,1
A,21004,10.62,6,1.0,Single tree,D,smaller tree next to larger tree,2
A,21005,16.99,5,3.1,Many trees of many species,C,co-dominant,1
A,21014,12.33,5,3.0,Many trees of the same species,C,co-dominant,1
A,21028,6.73,6,1.0,Single tree,C,co-dominant,1
A,21029,22.21,3,1.0,Single tree,E,roadside,0
A,21031,16.76,2,1.0,Single tree,B,dominant,0
A,21036,26.18,2,3.0,Many trees of the same species,B,dominant,0
A,21041,9.46,1,1.0,Single tree,E,roadside,1
A,21048,12.45,5,2.0,Large tree with undergrowth,D,smaller tree next to larger tree,1
A,21049,13.59,5,1.0,Single tree,C,co-dominant,1
A,21058,14.11,1,2.0,Large tree with undergrowth,E,roadside,2
A,21059,14.82,8,1.0,Single tree,E,roadside,2
A,21060,14.48,8,1.0,Single tree,E,roadside,0
A,21062,21.32,2,1.0,Single tree,B,dominant,1
A,21065,15.76,1,2.0,Large tree with undergrowth,C,co-dominant,1
A,21069,13.63,3,1.0,Single tree,E,roadside,1
A,21085,21.71,1,1.0,Single tree,C,co-dominant,2
A,21086,12.86,2,1.0,Single tree,D,smaller tree next to larger tree,2
A,21088,17.75,5,1.0,Single tree,B,dominant,1
A,21093,11.15,4,1.0,Single tree,E,roadside,0
A,21096,11.46,3,1.0,Single tree,C,co-dominant,1
A,21097,7.03,4,1.0,Single tree,D,smaller tree next to larger tree,1
A,21103,26.1,2,1.0,Single tree,C,co-dominant,0
A,21104,12.19,2,1.0,Single tree,D,smaller tree next to larger tree,2
A,21108,20.42,3,3.1,Many trees of many species,B,dominant,2
A,21112,21.7,3,4.0,Tree section,E,roadside,1
A,21113,18.72,3,1.0,Single tree,E,roadside,1
A,21115,22.55,3,1.0,Single tree,A,isolated,0
A,21122,22.38,3,4.0,Tree section,E,roadside,2
A,21127,22.45,1,1.0,Single tree,B,dominant,1
A,21135,17.9,3,1.0,Single tree,B,dominant,2
A,21136,14.09,1,3.0,Many trees of the same species,B,dominant,0
A,21137,26.08,2,1.0,Single tree,B,dominant,1
A,21139,15.03,1,3.1,Many trees of many species,C,co-dominant,1
A,21140,21.02,2,1.0,Single tree,C,co-dominant,1
A,21141,23.29,2,2.0,Large tree with undergrowth,C,co-dominant,1
A,21142,6.9,8,1.0,Single tree,E,roadside,1
A,21147,10.49,1,1.0,Single tree,E,roadside,1
A,21158,13.57,8,1.0,Single tree,E,roadside,1
A,21168,12.89,3,4.0,Tree section,C,co-dominant,1
A,21186,16.08,5,2.0,Large tree with undergrowth,D,smaller tree next to larger tree,1
A,21187,13.1,3,4.0,Tree section,C,co-dominant,2
A,21189,25.18,3,3.1,Many trees of many species,B,dominant,1
A,21200,13.39,8,1.0,Single tree,E,roadside,2
A,21206,23.65,2,1.0,Single tree,C,co-dominant,0
A,21223,9.72,6,1.0,Single tree,B,dominant,2
A,21224,9.09,1,4.0,Tree section,E,roadside,1
A,21227,26.29,2,1.0,Single tree,B,dominant,1
A,21229,15.25,3,4.0,Tree section,C,co-dominant,2
A,21230,10.5,9,3.1,Many trees of many species,C,co-dominant,1
A,21231,6.4,8,1.0,Single tree,E,roadside,1
A,21238,11.81,4,1.0,Single tree,E,roadside,2
A,21240,15.05,1,2.0,Large tree with undergrowth,C,co-dominant,2
A,21241,15.61,3,1.0,Single tree,E,roadside,2
A,21254,13.19,1,1.0,Single tree,C,co-dominant,1
A,21258,22.55,2,2.0,Large tree with undergrowth,B,dominant,1
A,21274,12.06,6,1.0,Single tree,C,co-dominant,1
A,21280,13.14,8,1.0,Single tree,E,roadside,2
A,21283,16.26,3,2.0,Large tree with undergrowth,C,co-dominant,2
A,21290,19.95,2,3.0,Many trees of the same species,C,co-dominant,1
A,21293,18.98,1,3.1,Many trees of many species,E,roadside,1
A,21294,9.66,6,1.0,Single tree,C,co-dominant,2
A,21295,14.5,1,1.0,Single tree,E,roadside,1
A,21301,20.98,5,3.1,Many trees of many species,C,co-dominant,0
A,21311,15.14,3,1.0,Single tree,E,roadside,2
A,21312,11.83,1,1.0,Single tree,C,co-dominant,0
A,21332,25.74,1,1.0,Single tree,C,co-dominant,2
A,21334,16.03,5,1.0,Single tree,C,co-dominant,1
A,21341,12.65,1,1.0,Single tree,C,co-dominant,2
A,21349,20.88,2,1.0,Single tree,C,co-dominant,1
A,21358,7.54,1,3.1,Many trees of many species,A,isolated,1
A,21362,10.92,6,1.0,Single tree,C,co-dominant,1
A,21372,5.98,1,1.0,Single tree,A,isolated,1
A,21375,18.98,9,1.0,Single tree,C,co-dominant,1
A,21381,6.76,5,3.1,Many trees of many species,C,co-dominant,1
A,21390,17.94,1,1.0,Single tree,C,co-dominant,1
A,21391,19.32,2,1.0,Single tree,D,smaller tree next to larger tree,1
A,21394,13.81,1,2.0,Large tree with undergrowth,B,dominant,1
A,21395,13.59,1,1.0,Single tree,E,roadside,2
A,21401,16.34,2,1.0,Single tree,C,co-dominant,0
A,21402,23.59,1,1.0,Single tree,C,co-dominant,2
A,21403,16.56,5,1.0,Single tree,C,co-dominant,1
A,21420,7.91,4,1.0,Single tree,E,roadside,1
A,21424,14.92,2,1.0,Single tree,D,smaller tree next to larger tree,0
A,21431,15.97,1,3.1,Many trees of many species,A,isolated,1
A,21433,19.54,2,1.0,Single tree,C,co-dominant,1
A,21443,13.8,8,1.0,Single tree,E,roadside,0
A,21444,9.26,1,1.0,Single tree,C,co-dominant,1
A,21447,18.89,9,1.0,Single tree,C,co-dominant,1
A,21449,16.52,2,3.0,Many trees of the same species,C,co-dominant,1
A,21450,22.9,2,1.0,Single tree,C,co-dominant,1
A,21451,12.85,3,1.0,Single tree,B,dominant,1
A,21453,19.66,5,2.0,Large tree with undergrowth,C,co-dominant,1
A,21467,6.53,8,1.0,Single tree,E,roadside,2
A,21473,16.44,1,1.0,Single tree,C,co-dominant,2
A,21476,19.69,2,1.0,Single tree,C,co-dominant,2
A,21477,20.86,2,2.0,Large tree with undergrowth,C,co-dominant,0
A,21478,23.52,3,1.0,Single tree,B,dominant,0
A,21482,15.94,1,1.0,Single tree,E,roadside,1
A,21497,12.99,4,3.0,Many trees of the same species,E,roadside,2
A,21498,11.76,8,3.0,Many trees of the same species,E,roadside,1
A,21500,16.6,1,1.0,Single tree,B,dominant,2
A,21506,24.68,2,1.0,Single tree,B,dominant,1
A,21516,24.06,3,2.0,Large tree with undergrowth,C,co-dominant,1
A,21519,16.9,5,3.0,Many trees of the same species,C,co-dominant,1
A,21539,8.03,7,1.0,Single tree,B,dominant,1
A,21544,18.53,1,1.0,Single tree,C,co-dominant,2
A,21545,21.02,2,3.0,Many trees of the same species,C,co-dominant,1
A,21546,15.8,5,1.0,Single tree,C,co-dominant,1
A,21547,12.2,5,1.0,Single tree,A,isolated,1
A,21560,22.6,2,1.0,Single tree,C,co-dominant,1
A,21561,12.27,3,1.0,Single tree,C,co-dominant,1
A,21569,14.85,1,2.0,Large tree with undergrowth,A,isolated,0
A,21571,13.67,2,4.0,Tree section,C,co-dominant,1
A,21585,14.02,8,1.0,Single tree,E,roadside,0
A,21589,17.05,1,1.0,Single tree,C,co-dominant,0
A,21597,15.55,1,2.0,Large tree with undergrowth,B,dominant,1
A,21600,8.54,1,3.0,Many trees of the same species,C,co-dominant,1
A,21605,21.83,2,1.0,Single tree,C,co-dominant,1
A,21606,23.08,2,3.1,Many trees of many species,C,co-dominant,2
A,21609,20.41,5,2.0,Large tree with undergrowth,C,co-dominant,0
A,21621,16.62,1,3.1,Many trees of many species,B,dominant,0
A,21623,12.61,1,1.0,Single tree,C,co-dominant,2
A,21629,24.39,2,1.0,Single tree,B,dominant,1
A,21630,23.13,3,1.0,Single tree,C,co-dominant,0
A,21633,18.02,5,1.0,Single tree,C,co-dominant,1
A,21641,13.66,1,2.0,Large tree with undergrowth,C,co-dominant,1
A,21652,7.65,4,4.0,Tree section,E,roadside,1
A,21657,15.41,2,1.0,Single tree,C,co-dominant,2
A,21661,25.64,2,3.0,Many trees of the same species,B,dominant,2
A,21677,17.84,3,3.1,Many trees of many species,E,roadside,1
A,21688,13.56,5,3.0,Many trees of the same species,C,co-dominant,2
A,21693,9.96,4,1.0,Single tree,E,roadside,1
A,21694,13.13,1,1.0,Single tree,C,co-dominant,1
A,21695,9.94,1,1.0,Single tree,B,dominant,0
A,21716,18.93,2,2.0,Large tree with undergrowth,C,co-dominant,0
A,21717,22.78,2,1.0,Single tree,C,co-dominant,1
A,21718,5.58,8,1.0,Single tree,E,roadside,1
A,21724,23.02,2,1.0,Single tree,C,co-dominant,1
A,21741,7.19,6,1.0,Single tree,A,isolated,0
A,21747,21.73,5,1.0,Single tree,B,dominant,1
A,21755,9.57,1,3.0,Many trees of the same species,C,co-dominant,1
A,21760,23.28,2,3.0,Many trees of the same species,B,dominant,1
A,21761,21.49,2,1.0,Single tree,C,co-dominant,1
A,21765,10.5,4,4.0,Tree section,E,roadside,0
A,21772,20.51,2,1.0,Single tree,C,co-dominant,1
A,21780,14.95,8,1.0,Single tree,E,roadside,1
A,21790,17.25,1,3.0,Many trees of the same species,B,dominant,2
A,21791,15.89,2,1.0,Single tree,C,co-dominant,0
A,21792,23.32,2,1.0,Single tree,B,dominant,2
A,21793,20.71,2,3.0,Many trees of the same species,C,co-dominant,1
A,21794,11.35,3,1.0,Single tree,C,co-dominant,1
A,21805,19.24,1,3.1,Many trees of many species,E,roadside,1
A,21808,17.31,9,3.0,Many trees of the same species,C,co-dominant,1
A,21821,11.11,4,1.0,Single tree,E,roadside,1
A,21822,11.67,4,1.0,Single tree,E,roadside,2
A,21823,10.99,4,4.0,Tree section,E,roadside,2
A,21831,20.87,5,2.0,Large tree with undergrowth,C,co-dominant,1
A,21838,15.51,1,1.0,Single tree,E,roadside,1
A,21841,17.54,3,1.0,Single tree,E,roadside,0
A,21845,16.39,9,3.0,Many trees of the same species,C,co-dominant,1
A,21846,17.21,9,3.0,Many trees of the same species,C,co-dominant,1
A,21848,21.0,2,1.0,Single tree,C,co-dominant,1
A,21864,24.03,2,2.0,Large tree with undergrowth,C,co-dominant,1
A,21874,15.98,1,2.0,Large tree with undergrowth,A,isolated,1
A,21875,16.51,3,1.0,Single tree,E,roadside,1
A,21876,16.38,1,1.0,Single tree,E,roadside,2
A,21877,19.65,3,1.0,Single tree,C,co-dominant,1
A,21889,10.78,4,4.0,Tree section,E,roadside,1
A,21894,21.25,3,1.0,Single tree,C,co-dominant,1
A,21899,17.14,3,1.0,Single tree,E,roadside,1
A,21912,15.76,1,2.0,Large tree with undergrowth,E,roadside,1
A,21924,10.95,4,1.0,Single tree,C,co-dominant,1
A,21926,14.63,1,2.0,Large tree with undergrowth,C,co-dominant,1
A,21927,16.04,1,1.0,Single tree,E,roadside,2
A,21933,9.94,3,1.0,Single tree,C,co-dominant,1
A,21943,7.81,1,1.0,Single tree,C,co-dominant,1
A,21956,12.89,4,1.0,Single tree,B,dominant,1
A,21959,14.12,8,1.0,Single tree,E,roadside,0
A,21961,19.41,1,3.0,Many trees of the same species,E,roadside,1
A,21962,18.74,9,4.0,Tree section,B,dominant,2
A,21966,19.35,2,1.0,Single tree,C,co-dominant,1
A,21977,21.54,1,1.0,Single tree,C,co-dominant,0
A,21978,22.06,1,2.0,Large tree with undergrowth,B,dominant,1
A,21992,8.28,1,1.0,Single tree,B,dominant,0
A,21997,22.49,2,3.0,Many trees of the same species,C,co-dominant,1
A,21998,24.44,2,3.0,Many trees of the same species,B,dominant,1
A,22001,14.25,5,1.0,Single tree,D,smaller tree next to larger tree,2
A,22007,12.68,4,1.0,Single tree,C,co-dominant,0
A,22008,10.34,4,1.0,Single tree,E,roadside,1
A,22016,15.78,1,1.0,Single tree,C,co-dominant,2
A,22017,18.05,3,1.0,Single tree,C,co-dominant,0
A,22029,6.96,4,1.0,Single tree,C,co-dominant,2
A,22031,22.88,2,3.0,Many trees of the same species,C,co-dominant,1
A,22032,22.37,2,1.0,Single tree,A,isolated,2
A,22033,14.07,3,1.0,Single tree,C,co-dominant,1
A,22040,13.08,1,3.0,Many trees of the same species,E,roadside,2
A,22042,22.9,1,2.0,Large tree with undergrowth,B,dominant,2
A,22064,9.85,3,1.0,Single tree,C,co-dominant,1
A,22071,13.49,4,4.0,Tree section,E,roadside,1
A,22073,17.11,1,2.0,Large tree with undergrowth,B,dominant,1
A,22077,21.99,5,3.0,Many trees of the same species,C,co-dominant,1
A,22081,23.79,2,1.0,Single tree,B,dominant,1
A,22088,27.19,2,1.0,Single tree,C,co-dominant,1
A,22090,21.67,2,1.0,Single tree,C,co-dominant,1
A,22098,10.74,4,4.0,Tree section,C,co-dominant,1
A,22103,18.88,2,1.0,Single tree,C,co-dominant,2
A,22104,26.12,2,3.1,Many trees of many species,B,dominant,1
A,22107,15.87,1,1.0,Single tree,E,roadside,1
A,22117,10.46,6,1.0,Single tree,C,co-dominant,1
A,22118,10.47,1,1.0,Single tree,C,co-dominant,1
A,22119,15.33,8,1.0,Single tree,E,roadside,1
A,22125,20.64,2,1.0,Single tree,C,co-dominant,1
A,22126,24.04,2,1.0,Single tree,C,co-dominant,1
A,22140,22.38,3,1.0,Single tree,B,dominant,0
A,22145,6.67,6,1.0,Single tree,C,co-dominant,2
A,22156,24.24,2,1.0,Single tree,B,dominant,2
A,22160,10.43,4,1.0,Single tree,E,roadside,2
A,22172,10.6,1,1.0,Single tree,C,co-dominant,1
A,22179,15.19,2,1.0,Single tree,C,co-dominant,1
A,22181,14.59,3,3.1,Many trees of many species,C,co-dominant,1
A,22185,15.27,4,1.0,Single tree,E,roadside,1
A,22187,11.31,3,2.0,Large tree with undergrowth,D,smaller tree next to larger tree,1
A,22193,25.3,2,1.0,Single tree,B,dominant,2
A,22194,20.0,3,1.0,Single tree,C,co-dominant,1
A,22201,17.37,1,1.0,Single tree,B,dominant,1
A,22207,21.13,2,2.0,Large tree with undergrowth,C,co-dominant,1
A,22218,17.76,9,1.0,Single tree,C,co-dominant,0
A,22223,18.83,2,3.0,Many trees of the same species,C,co-dominant,0
A,22225,23.62,2,1.0,Single tree,B,dominant,2
A,22232,8.95,4,1.0,Single tree,B,dominant,1
A,22233,11.04,4,1.0,Single tree,E,roadside,0
A,22237,20.98,1,1.0,Single tree,E,roadside,2
A,22239,23.55,1,3.0,Many trees of the same species,B,dominant,1
A,22244,22.34,2,3.0,Many trees of the same species,B,dominant,1
A,22245,21.1,2,1.0,Single tree,C,co-dominant,1
A,22246,24.23,2,2.0,Large tree with undergrowth,B,dominant,2
A,22250,14.64,1,1.0,Single tree,C,co-dominant,1
A,22264,7.19,2,1.0,Single tree,C,co-dominant,1
A,22268,21.69,2,1.0,Single tree,C,co-dominant,1
A,22279,23.27,2,3.0,Many trees of the same species,C,co-dominant,1
A,22284,21.01,3,1.0,Single tree,E,roadside,1
A,22298,11.45,6,1.0,Single tree,B,dominant,0
A,22305,21.54,2,3.0,Many trees of the same species,C,co-dominant,0
A,22312,19.82,2,1.0,Single tree,C,co-dominant,1
A,22313,20.33,2,1.0,Single tree,C,co-dominant,1
A,22320,12.94,4,1.0,Single tree,E,roadside,1
A,22321,20.19,2,1.0,Single tree,C,co-dominant,1
A,22324,13.58,1,1.0,Single tree,C,co-dominant,1
A,22329,23.52,2,1.0,Single tree,C,co-dominant,0
A,22331,20.47,1,2.0,Large tree with undergrowth,C,co-dominant,1
A,22343,20.94,2,3.0,Many trees of the same species,C,co-dominant,2
A,22344,21.7,1,3.0,Many trees of the same species,C,co-dominant,1
A,22347,11.05,6,1.0,Single tree,C,co-dominant,1
A,22348,11.67,4,1.0,Single tree,E,roadside,2
A,22351,14.96,1,1.0,Single tree,B,dominant,2
A,22358,22.07,2,1.0,Single tree,C,co-dominant,1
A,22364,22.19,1,2.0,Large tree with undergrowth,C,co-dominant,1
A,22367,21.21,2,3.0,Many trees of the same species,C,co-dominant,0
A,22376,21.47,3,1.0,Single tree,B,dominant,2
A,22384,14.54,9,3.0,Many trees of the same species,C,co-dominant,1
A,22389,18.72,3,1.0,Single tree,C,co-dominant,2
A,22395,14.94,1,1.0,Single tree,C,co-dominant,2
A,22398,16.4,2,1.0,Single tree,D,smaller tree next to larger tree,2
A,22404,20.42,3,1.0,Single tree,E,roadside,1
A,22405,10.35,1,2.0,Large tree with undergrowth,B,dominant,1
A,22407,13.71,1,2.0,Large tree with undergrowth,C,co-dominant,1
A,22414,19.63,2,1.0,Single tree,C,co-dominant,1
A,22415,19.68,5,3.1,Many trees of many species,C,co-dominant,1
A,22418,5.77,6,1.0,Single tree,E,roadside,1
A,22422,15.41,3,1.0,Single tree,A,isolated,1
A,22443,5.9,6,1.0,Single tree,E,roadside,2
A,22453,21.68,2,3.0,Many trees of the same species,C,co-dominant,1
A,22459,7.1,6,1.0,Single tree,D,smaller tree next to larger tree,0
A,22464,15.05,9,1.0,Single tree,C,co-dominant,1
A,22484,16.44,2,1.0,Single tree,C,co-dominant,1
A,22485,17.87,5,2.0,Large tree with undergrowth,C,co-dominant,0
A,22492,8.8,1,1.0,Single tree,C,co-dominant,1
A,22494,20.85,2,1.0,Single tree,E,roadside,2
A,22499,16.95,5,3.1,Many trees of many species,C,co-dominant,0
A,22505,14.1,5,1.0,Single tree,C,co-dominant,1
A,22506,11.79,5,1.0,Single tree,C,co-dominant,1
A,22516,25.8,2,1.0,Single tree,C,co-dominant,1
A,22520,18.54,3,1.0,Single tree,C,co-dominant,1
A,22526,19.38,3,1.0,Single tree,E,roadside,1
A,22542,19.77,2,3.1,Many trees of many species,E,roadside,1
A,22543,15.98,1,2.0,Large tree with undergrowth,B,dominant,1
A,22544,14.73,9,1.0,Single tree,C,co-dominant,0
A,22553,11.46,5,4.0,Tree section,C,co-dominant,1
A,22569,18.07,3,1.0,Single tree,B,dominant,0
A,22577,14.98,8,1.0,Single tree,E,roadside,2
A,22582,14.8,1,3.0,Many trees of the same species,C,co-dominant,1
A,22585,14.81,9,1.0,Single tree,C,co-dominant,1
A,22600,19.41,3,1.0,Single tree,E,roadside,2
A,22602,20.61,1,2.0,Large tree with undergrowth,E,roadside,1
A,22613,7.55,4,1.0,Single tree,B,dominant,0
A,22615,10.75,3,3.1,Many trees of many species,C,co-dominant,1
A,22617,18.13,3,1.0,Single tree,C,co-dominant,1
A,22628,17.53,3,1.0,Single tree,E,roadside,1
A,22633,16.16,2,1.0,Single tree,C,co-dominant,1
A,22642,12.3,1,1.0,Single tree,C,co-dominant,0
A,22644,18.16,1,2.0,Large tree with undergrowth,B,dominant,2
A,22666,16.86,1,1.0,Single tree,E,roadside,2
A,22667,9.29,4,2.0,Large tree with undergrowth,C,co-dominant,2
A,22668,11.62,2,1.0,Single tree,D,smaller tree next to larger tree,1
A,22679,21.72,1,2.0,Large tree with undergrowth,E,roadside,1
A,22722,9.81,1,3.1,Many trees of many species,C,co-dominant,1
A,22723,18.34,3,1.0,Single tree,E,roadside,2
A,22732,18.22,1,2.0,Large tree with undergrowth,B,dominant,1
A,22735,9.16,1,1.0,Single tree,A,isolated,1
A,22751,12.56,1,1.0,Single tree,B,dominant,1
A,22752,18.1,1,1.0,Single tree,C,co-dominant,1
A,22758,10.24,4,1.0,Single tree,C,co-dominant,1
A,22761,22.46,3,1.0,Single tree,E,roadside,1
A,22767,6.47,5,1.0,Single tree,C,co-dominant,0
A,22770,6.85,1,1.0,Single tree,A,isolated,1
A,22772,9.15,2,3.0,Many trees of the same species,E,roadside,1
A,22788,17.58,1,3.0,Many trees of the same species,E,roadside,1
A,22789,13.17,2,1.0,Single tree,E,roadside,2
A,22796,20.23,2,1.0,Single tree,E,roadside,1
A,22797,16.87,1,2.0,Large tree with undergrowth,C,co-dominant,0
A,22809,21.03,2,3.1,Many trees of many species,C,co-dominant,1
A,22814,19.38,2,3.1,Many trees of many species,E,roadside,2
A,22823,13.93,3,1.0,Single tree,E,roadside,2
A,22827,22.24,2,1.0,Single tree,C,co-dominant,0
A,22828,14.45,5,1.0,Single tree,C,co-dominant,1
A,22833,5.92,6,1.0,Single tree,E,roadside,1
A,22844,7.96,4,1.0,Single tree,E,roadside,1
A,22845,22.12,1,2.0,Large tree with undergrowth,A,isolated,1
A,22846,15.42,3,1.0,Single tree,E,roadside,1
A,22847,9.87,3,1.0,Single tree,E,roadside,1
A,22848,14.15,3,1.0,Single tree,E,roadside,1
A,22849,15.17,3,1.0,Single tree,E,roadside,1
A,22850,11.74,3,1.0,Single tree,E,roadside,1
A,22861,8.68,6,1.0,Single tree,C,co-dominant,1
A,22862,17.05,1,4.0,Tree section,C,co-dominant,0
A,22864,14.68,3,1.0,Single tree,E,roadside,1
A,22865,14.44,3,3.0,Many trees of the same species,E,roadside,1
A,22866,13.07,3,1.0,Single tree,E,roadside,1
A,22880,10.36,4,1.0,Single tree,B,dominant,1
A,22881,17.37,3,1.0,Single tree,B,dominant,2
A,22882,15.97,3,1.0,Single tree,E,roadside,1
A,22883,16.11,3,1.0,Single tree,E,roadside,2
A,22885,15.61,3,1.0,Single tree,E,roadside,1
A,22889,28.47,2,1.0,Single tree,C,co-dominant,1
A,22904,9.19,1,1.0,Single tree,B,dominant,1
A,22908,11.5,3,2.0,Large tree with undergrowth,E,roadside,1
A,22915,10.55,3,1.0,Single tree,E,roadside,2
A,22923,15.82,3,1.0,Single tree,E,roadside,1
A,22924,16.78,3,1.0,Single tree,E,roadside,0
A,22925,11.59,9,1.0,Single tree,C,co-dominant,1
A,22937,12.34,1,1.0,Single tree,B,dominant,2
A,22939,10.66,1,1.0,Single tree,C,co-dominant,2
A,22941,14.9,3,3.1,Many trees of many species,C,co-dominant,0
A,22942,17.95,3,1.0,Single tree,E,roadside,1
A,22943,20.81,3,1.0,Single tree,E,roadside,2
A,22944,17.8,3,1.0,Single tree,E,roadside,1
A,22954,8.1,6,1.0,Single tree,C,co-dominant,2
A,22957,19.57,3,1.0,Single tree,E,roadside,1
A,22969,20.16,3,2.0,Large tree with undergrowth,E,roadside,1
A,22970,16.07,3,1.0,Single tree,B,dominant,1
A,22977,12.58,5,1.0,Single tree,C,co-dominant,1
A,22982,8.86,2,1.0,Single tree,B,dominant,0
A,22983,9.6,4,1.0,Single tree,C,co-dominant,1
A,22985,11.69,1,1.0,Single tree,C,co-dominant,1
A,22986,9.01,1,3.0,Many trees of the same species,C,co-dominant,2
A,22987,20.69,3,1.0,Single tree,E,roadside,1
A,22996,12.76,8,1.0,Single tree,E,roadside,2
A,22999,21.63,3,1.0,Single tree,E,roadside,2
A,23010,24.33,3,2.0,Large tree with undergrowth,B,dominant,2
A,23029,10.02,1,3.0,Many trees of the same species,C,co-dominant,1
A,23053,11.03,4,1.0,Single tree,B,dominant,0
A,23054,16.15,1,1.0,Single tree,C,co-dominant,1
A,23055,9.94,9,1.0,Single tree,C,co-dominant,0
A,23068,15.29,1,1.0,Single tree,C,co-dominant,2
A,23070,18.71,3,3.0,Many trees of the same species,E,roadside,1
A,23079,12.39,1,1.0,Single tree,C,co-dominant,1
A,23089,14.73,1,1.0,Single tree,C,co-dominant,1
A,23094,18.67,1,2.0,Large tree with undergrowth,C,co-dominant,1
A,23103,8.66,6,1.0,Single tree,C,co-dominant,0
A,23108,11.82,1,2.0,Large tree with undergrowth,C,co-dominant,1
A,23109,16.66,1,3.1,Many trees of many species,B,dominant,2
A,23111,12.62,1,1.0,Single tree,E,roadside,1
A,23112,19.04,1,1.0,Single tree,B,dominant,0
A,23132,20.09,3,2.0,Large tree with undergrowth,B,dominant,0
A,23138,9.34,1,3.0,Many trees of the same species,B,dominant,1
A,23144,20.37,1,1.0,Single tree,C,co-dominant,1
A,23147,17.91,2,1.0,Single tree,C,co-dominant,1
A,23150,12.59,3,2.0,Large tree with undergrowth,E,roadside,1
A,23153,16.31,1,1.0,Single tree,C,co-dominant,1
A,23200,10.68,4,1.0,Single tree,C,co-dominant,1
A,23201,10.9,1,1.0,Single tree,C,co-dominant,2
A,23205,18.58,1,1.0,Single tree,C,co-dominant,1
A,23222,8.39,6,1.0,Single tree,E,roadside,0
A,23239,21.62,3,3.0,Many trees of the same species,C,co-dominant,1
A,23240,16.64,9,1.0,Single tree,C,co-dominant,1
A,23245,11.61,2,4.0,Tree section,C,co-dominant,1
A,23250,17.8,5,1.0,Single tree,C,co-dominant,1
A,23251,16.6,1,1.0,Single tree,B,dominant,1
A,23252,21.66,3,1.0,Single tree,B,dominant,1
A,23270,19.49,1,2.0,Large tree with undergrowth,C,co-dominant,0
A,23271,8.51,1,1.0,Single tree,C,co-dominant,1
A,23286,24.14,2,3.0,Many trees of the same species,E,roadside,1
A,23288,6.79,2,3.0,Many trees of the same species,C,co-dominant,1
A,23294,11.89,1,1.0,Single tree,B,dominant,1
A,23295,16.57,1,1.0,Single tree,B,dominant,0
A,23305,15.06,2,1.0,Single tree,B,dominant,1
A,23320,14.81,1,1.0,Single tree,C,co-dominant,1
A,23324,11.04,1,1.0,Single tree,C,co-dominant,1
A,23325,16.32,2,1.0,Single tree,C,co-dominant,1
A,23332,20.5,1,2.0,Large tree with undergrowth,C,co-dominant,1
A,23342,8.67,1,1.0,Single tree,C,co-dominant,1
A,23360,8.79,7,1.0,Single tree,E,roadside,1
A,23377,7.56,4,1.0,Single tree,C,co-dominant,0
A,23378,13.79,4,1.0,Single tree,E,roadside,2
A,23383,22.3,1,1.0,Single tree,C,co-dominant,1
A,23392,22.7,2,1.0,Single tree,E,roadside,2
A,23393,9.0,2,1.0,Single tree,C,co-dominant,0
A,23397,18.6,1,1.0,Single tree,C,co-dominant,2
A,23413,14.95,5,1.0,Single tree,C,co-dominant,1
A,23420,9.19,1,1.0,Single tree,C,co-dominant,1
A,23423,15.94,1,2.0,Large tree with undergrowth,B,dominant,2
A,23425,22.83,3,1.0,Single tree,B,dominant,1
A,23430,19.82,2,3.0,Many trees of the same species,C,co-dominant,1
A,23433,20.87,1,1.0,Single tree,B,dominant,1
A,23454,20.48,1,2.0,Large tree with undergrowth,B,dominant,1
A,23465,11.11,1,1.0,Single tree,B,dominant,1
A,23481,21.33,3,1.0,Single tree,C,co-dominant,2
A,23482,12.97,4,4.0,Tree section,E,roadside,1
A,23483,11.99,1,3.0,Many trees of the same species,B,dominant,0
A,23487,18.74,2,1.0,Single tree,C,co-dominant,1
A,23492,15.1,5,1.0,Single tree,C,co-dominant,2
A,23500,9.82,1,2.0,Large tree with undergrowth,C,co-dominant,1
A,23507,19.0,1,2.0,Large tree with undergrowth,C,co-dominant,2
A,23509,16.14,1,3.1,Many trees of many species,B,dominant,1
A,23521,21.73,2,1.0,Single tree,C,co-dominant,1
A,23522,22.03,1,1.0,Single tree,C,co-dominant,1
A,23532,12.02,8,1.0,Single tree,E,roadside,1
A,23534,7.16,1,1.0,Single tree,C,co-dominant,0
A,23536,19.08,2,1.0,Single tree,C,co-dominant,2
A,23568,12.08,4,4.0,Tree section,E,roadside,1
A,23577,10.71,1,1.0,Single tree,B,dominant,2
A,23582,8.42,6,1.0,Single tree,C,co-dominant,1
A,23583,25.34,3,1.0,Single tree,B,dominant,1
A,23597,17.56,2,1.0,Single tree,C,co-dominant,2
A,23645,12.01,1,1.0,Single tree,B,dominant,1
A,23658,21.21,2,2.0,Large tree with undergrowth,B,dominant,1
A,23661,21.91,3,4.0,Tree section,C,co-dominant,1
A,23672,11.24,8,1.0,Single tree,E,roadside,1
A,23689,10.2,4,1.0,Single tree,E,roadside,1
A,23709,9.98,1,1.0,Single tree,C,co-dominant,2
A,23714,11.41,1,2.0,Large tree with undergrowth,C,co-dominant,1
A,23731,23.13,3,1.0,Single tree,C,co-dominant,1
A,23750,9.89,4,1.0,Single tree,E,roadside,2
A,23752,8.64,1,1.0,Single tree,C,co-dominant,1
A,23761,25.65,2,1.0,Single tree,B,dominant,1
A,23765,10.6,5,2.0,Large tree with undergrowth,B,dominant,2
A,23766,8.93,5,1.0,Single tree,C,co-dominant,1
A,23769,22.57,3,1.0,Single tree,C,co-dominant,0
A,23788,20.64,1,1.0,Single tree,C,co-dominant,1
A,23789,24.15,3,1.0,Single tree,C,co-dominant,1
A,23799,10.91,1,1.0,Single tree,B,dominant,1
A,23804,11.92,1,3.0,Many trees of the same species,B,dominant,2
A,23814,8.83,1,1.0,Single tree,B,dominant,1
A,23830,22.9,3,1.0,Single tree,C,co-dominant,1
A,23831,9.6,4,1.0,Single tree,E,roadside,2
A,23832,10.95,1,2.0,Large tree with undergrowth,C,co-dominant,1
A,23836,18.27,1,2.0,Large tree with undergrowth,A,isolated,1
A,23837,17.1,4,1.0,Single tree,C,co-dominant,1
A,23849,23.46,3,2.0,Large tree with undergrowth,B,dominant,1
A,23856,18.05,9,3.1,Many trees of many species,C,co-dominant,0
A,23869,15.03,9,1.0,Single tree,C,co-dominant,1
A,23875,11.71,5,1.0,Single tree,D,smaller tree next to larger tree,1
A,23882,20.46,1,2.0,Large tree with undergrowth,C,co-dominant,1
A,23889,23.99,2,1.0,Single tree,B,dominant,1
A,23895,7.83,5,2.0,Large tree with undergrowth,C,co-dominant,1
A,23896,8.32,5,1.0,Single tree,C,co-dominant,1
A,23900,9.33,7,1.0,Single tree,E,roadside,1
A,23935,10.27,1,2.0,Large tree with undergrowth,A,isolated,1
A,23946,7.65,1,1.0,Single tree,D,smaller tree next to larger tree,0
A,23954,22.62,9,3.0,Many trees of the same species,B,dominant,2
A,23991,22.09,2,1.0,Single tree,E,roadside,2
A,23997,10.48,3,3.0,Many trees of the same species,C,co-dominant,1
A,24005,21.04,1,2.0,Large tree with undergrowth,C,co-dominant,1
A,24008,21.79,9,3.0,Many trees of the same species,C,co-dominant,2
A,24018,16.47,1,2.0,Large tree with undergrowth,B,dominant,1
A,24020,10.96,1,3.0,Many trees of the same species,D,smaller tree next to larger tree,1
A,24022,8.4,4,1.0,Single tree,E,roadside,1
A,24070,21.9,2,3.1,Many trees of many species,C,co-dominant,1
A,24075,13.21,1,1.0,Single tree,B,dominant,1
A,24077,13.56,7,1.0,Single tree,B,dominant,2
A,24078,22.65,3,1.0,Single tree,C,co-dominant,1
A,24095,11.05,7,1.0,Single tree,C,co-dominant,1
A,24104,21.57,2,1.0,Single tree,C,co-dominant,1
A,24120,16.36,3,2.0,Large tree with undergrowth,C,co-dominant,1
A,24124,22.3,3,3.1,Many trees of many species,B,dominant,1
A,24135,10.58,6,3.1,Many trees of many species,C,co-dominant,0
A,24140,11.07,8,1.0,Single tree,E,roadside,1
A,24143,22.19,9,3.0,Many trees of the same species,B,dominant,1
A,24148,18.74,2,3.0,Many trees of the same species,E,roadside,2
A,24149,19.14,3,1.0,Single tree,B,dominant,1
A,24152,20.21,2,1.0,Single tree,C,co-dominant,2
A,24158,18.17,1,1.0,Single tree,C,co-dominant,1
A,24170,9.4,7,4.0,Tree section,E,roadside,0
A,24188,9.86,4,1.0,Single tree,E,roadside,1
A,24191,18.78,4,2.0,Large tree with undergrowth,C,co-dominant,1
A,24203,15.3,9,1.0,Single tree,C,co-dominant,1
A,24208,22.11,2,1.0,Single tree,C,co-dominant,2
A,24209,15.23,3,1.0,Single tree,C,co-dominant,1
A,24211,7.64,5,1.0,Single tree,D,smaller tree next to larger tree,1
A,24212,11.92,1,1.0,Single tree,C,co-dominant,1
A,24222,11.74,1,3.0,Many trees of the same species,C,co-dominant,0
A,24227,9.96,1,1.0,Single tree,B,dominant,1
A,24229,23.35,1,2.0,Large tree with undergrowth,B,dominant,0
A,24243,11.23,7,4.0,Tree section,E,roadside,1
A,24267,14.08,3,1.0,Single tree,E,roadside,1
A,24270,11.87,1,3.1,Many trees of many species,C,co-dominant,2
A,24271,15.23,1,1.0,Single tree,C,co-dominant,1
A,24279,21.68,2,1.0,Single tree,C,co-dominant,1
A,24286,20.41,2,1.0,Single tree,B,dominant,1
A,24293,19.57,1,2.0,Large tree with undergrowth,C,co-dominant,0
A,24295,19.13,3,1.0,Single tree,C,co-dominant,0
A,24303,19.17,1,1.0,Single tree,C,co-dominant,2
A,24317,18.72,2,3.0,Many trees of the same species,E,roadside,1
A,24344,18.9,1,1.0,Single tree,C,co-dominant,2
A,24348,10.41,4,1.0,Single tree,E,roadside,1
A,24386,13.83,5,1.0,Single tree,C,co-dominant,0
A,24393,20.38,3,1.0,Single tree,C,co-dominant,0
A,24402,17.54,5,3.1,Many trees of many species,B,dominant,1
A,24404,13.22,3,1.0,Single tree,E,roadside,2
A,24407,22.67,3,1.0,Single tree,B,dominant,1
A,24408,15.32,4,1.0,Single tree,B,dominant,1
A,24411,18.43,9,3.0,Many trees of the same species,C,co-dominant,0
A,24417,12.28,1,1.0,Single tree,C,co-dominant,1
A,24467,9.21,8,1.0,Single tree,B,dominant,1
A,24473,22.33,2,1.0,Single tree,C,co-dominant,1
A,24480,18.71,1,2.0,Large tree with undergrowth,B,dominant,1
A,24484,23.93,3,1.0,Single tree,B,dominant,1
A,24488,10.06,1,2.0,Large tree with undergrowth,B,dominant,2
A,24489,7.96,1,1.0,Single tree,C,co-dominant,1
A,24490,13.68,4,1.0,Single tree,D,smaller tree next to larger tree,1
A,24505,15.95,1,2.0,Large tree with undergrowth,E,roadside,0
A,24506,18.93,1,2.0,Large tree with undergrowth,B,dominant,1
A,24528,11.62,4,4.0,Tree section,C,co-dominant,2
A,24533,7.39,5,1.0,Single tree,C,co-dominant,2
A,24542,10.59,4,1.0,Single tree,E,roadside,2
A,24555,16.85,3,1.0,Single tree,E,roadside,2
A,24564,22.57,2,1.0,Single tree,C,co-dominant,1
A,24574,23.24,3,1.0,Single tree,C,co-dominant,2
A,24579,17.59,9,2.0,Large tree with undergrowth,A,isolated,1
A,24583,12.88,2,3.0,Many trees of the same species,E,roadside,1
A,24591,23.58,3,1.0,Single tree,C,co-dominant,1
A,24594,24.02,4,1.0,Single tree,B,dominant,0
A,24595,24.41,3,3.0,Many trees of the same species,B,dominant,2
A,24602,13.39,1,2.0,Large tree with undergrowth,C,co-dominant,1
A,24607,8.85,1,2.0,Large tree with undergrowth,C,co-dominant,0
A,24628,7.47,6,1.0,Single tree,C,co-dominant,2
A,24659,6.83,6,1.0,Single tree,C,co-dominant,1
A,24662,16.63,1,1.0,Single tree,A,isolated,1
A,24663,12.72,1,2.0,Large tree with undergrowth,C,co-dominant,1
A,24718,17.66,3,1.0,Single tree,C,co-dominant,1
A,24733,9.91,4,1.0,Single tree,C,co-dominant,1
A,24752,24.8,3,1.0,Single tree,B,dominant,1
A,24768,16.36,3,1.0,Single tree,E,roadside,1
A,24774,12.07,1,1.0,Single tree,C,co-dominant,2
A,24785,11.19,6,1.0,Single tree,C,co-dominant,1
A,24787,7.56,1,1.0,Single tree,C,co-dominant,1
A,24798,21.25,2,1.0,Single tree,C,co-dominant,1
A,24801,14.33,1,1.0,Single tree,E,roadside,1
A,24802,12.5,1,2.0,Large tree with undergrowth,A,isolated,1
A,24808,8.34,4,1.0,Single tree,E,roadside,1
A,24810,23.88,1,1.0,Single tree,B,dominant,1
A,24814,17.16,9,1.0,Single tree,C,co-dominant,2
A,24816,11.21,1,1.0,Single tree,C,co-dominant,1
A,24823,9.85,6,3.1,Many trees of many species,C,co-dominant,1
A,24839,7.61,6,3.1,Many trees of many species,C,co-dominant,1
A,24864,9.59,6,1.0,Single tree,C,co-dominant,1
A,24865,9.18,6,1.0,Single tree,C,co-dominant,2
A,24868,18.02,9,3.0,Many trees of the same species,B,dominant,1
A,24875,14.91,3,1.0,Single tree,E,roadside,1
A,24878,23.47,3,1.0,Single tree,C,co-dominant,1
A,24879,23.92,1,2.0,Large tree with undergrowth,B,dominant,0
A,24880,23.09,1,1.0,Single tree,C,co-dominant,0
A,24894,18.91,3,1.0,Single tree,B,dominant,1
A,24895,9.97,4,1.0,Single tree,E,roadside,2
A,24898,16.78,4,1.0,Single tree,C,co-dominant,1
A,24912,16.18,3,1.0,Single tree,C,co-dominant,1
A,24915,22.83,3,1.0,Single tree,C,co-dominant,0
A,24918,13.13,1,1.0,Single tree,B,dominant,0
A,24922,24.25,2,1.0,Single tree,B,dominant,0
A,24928,6.36,6,1.0,Single tree,D,smaller tree next to larger tree,2
A,24932,16.91,3,1.0,Single tree,E,roadside,1
A,24948,21.4,1,1.0,Single tree,C,co-dominant,1
A,24949,17.44,9,1.0,Single tree,C,co-dominant,1
A,24955,19.99,1,2.0,Large tree with undergrowth,C,co-dominant,2
A,24971,7.67,6,2.0,Large tree with undergrowth,C,co-dominant,1
A,24977,21.97,3,2.0,Large tree with undergrowth,C,co-dominant,1
A,24979,19.76,3,1.0,Single tree,A,isolated,2
A,24991,19.55,9,3.1,Many trees of many species,C,co-dominant,0
A,25001,17.1,3,1.0,Single tree,C,co-dominant,1
A,25003,24.96,2,1.0,Single tree,C,co-dominant,2
A,25011,14.33,3,1.0,Single tree,E,roadside,0
A,25013,14.19,1,2.0,Large tree with undergrowth,B,dominant,0
A,25035,13.58,1,2.0,Large tree with undergrowth,C,co-dominant,2
A,25048,10.0,4,1.0,Single tree,E,roadside,2
A,25063,14.63,3,1.0,Single tree,E,roadside,1
A,25078,13.43,1,1.0,Single tree,D,smaller tree next to larger tree,1
A,25093,16.62,3,1.0,Single tree,E,roadside,1
A,25095,8.48,4,1.0,Single tree,E,roadside,2
A,25099,22.89,1,3.0,Many trees of the same species,A,isolated,1
A,25109,11.6,5,3.1,Many trees of many species,C,co-dominant,1
A,25116,11.9,1,1.0,Single tree,C,co-dominant,1
A,25130,10.73,1,1.0,Single tree,C,co-dominant,1
A,25134,10.13,1,1.0,Single tree,C,co-dominant,2
A,25135,14.11,1,1.0,Single tree,B,dominant,1
A,25143,22.33,1,2.0,Large tree with undergrowth,B,dominant,1
A,25145,12.62,4,1.0,Single tree,E,roadside,1
A,25146,6.13,6,1.0,Single tree,B,dominant,1
A,25147,18.14,3,1.0,Single tree,B,dominant,0
A,25153,20.76,2,2.0,Large tree with undergrowth,C,co-dominant,2
A,25157,14.1,1,1.0,Single tree,C,co-dominant,1
A,25159,19.92,9,1.0,Single tree,C,co-dominant,1
A,25165,18.04,1,2.0,Large tree with undergrowth,A,isolated,1
A,25185,23.25,9,3.0,Many trees of the same species,B,dominant,1
A,25188,10.76,1,2.0,Large tree with undergrowth,C,co-dominant,2
A,25193,17.49,1,1.0,Single tree,C,co-dominant,0
A,25194,13.86,1,1.0,Single tree,C,co-dominant,2
A,25195,12.69,1,2.0,Large tree with undergrowth,C,co-dominant,0
A,25196,21.21,9,1.0,Single tree,C,co-dominant,1
A,25198,11.8,4,1.0,Single tree,E,roadside,2
A,25203,15.39,3,3.1,Many trees of many species,E,roadside,1
A,25204,12.48,1,1.0,Single tree,D,smaller tree next to larger tree,1
A,25206,12.82,1,2.0,Large tree with undergrowth,C,co-dominant,1
A,25222,12.97,1,1.0,Single tree,D,smaller tree next to larger tree,2
A,25225,19.74,2,1.0,Single tree,C,co-dominant,2
A,25238,13.85,1,2.0,Large tree with undergrowth,B,dominant,0
A,25260,19.69,2,1.0,Single tree,C,co-dominant,1
A,25261,12.89,1,1.0,Single tree,C,co-dominant,1
A,25262,11.74,3,3.1,Many trees of many species,B,dominant,0
A,25267,11.42,1,1.0,Single tree,E,roadside,1
A,25272,12.78,1,2.0,Large tree with undergrowth,C,co-dominant,0
A,25273,19.47,3,1.0,Single tree,A,isolated,2
A,25283,13.74,1,1.0,Single tree,C,co-dominant,2
A,25287,11.77,1,1.0,Single tree,C,co-dominant,1
A,25297,12.0,5,2.0,Large tree with undergrowth,C,co-dominant,2
A,25300,13.24,1,1.0,Single tree,C,co-dominant,1
A,25301,12.04,1,1.0,Single tree,C,co-dominant,0
A,25304,22.59,9,1.0,Single tree,C,co-dominant,1
A,25320,20.25,1,3.0,Many trees of the same species,C,co-dominant,1
A,25321,18.61,2,3.0,Many trees of the same species,B,dominant,2
A,25322,15.32,4,1.0,Single tree,C,co-dominant,1
A,25330,14.09,1,1.0,Single tree,D,smaller tree next to larger tree,1
A,25332,18.11,1,1.0,Single tree,C,co-dominant,1
A,25334,16.21,1,2.0,Large tree with undergrowth,C,co-dominant,2
A,25346,30.41,2,1.0,Single tree,B,dominant,1
A,25355,24.81,1,2.0,Large tree with undergrowth,B,dominant,2
A,25356,24.07,4,3.0,Many trees of the same species,B,dominant,0
A,25362,21.79,2,1.0,Single tree,B,dominant,2
A,25364,17.4,5,3.0,Many trees of the same species,C,co-dominant,0
A,25367,19.93,3,1.0,Single tree,C,co-dominant,0
A,25372,7.85,4,1.0,Single tree,E,roadside,1
A,25400,10.08,1,1.0,Single tree,C,co-dominant,1
A,25401,10.34,1,3.0,Many trees of the same species,B,dominant,1
A,25406,20.35,2,1.0,Single tree,C,co-dominant,0
A,25407,10.52,1,1.0,Single tree,C,co-dominant,0
A,25408,17.39,3,1.0,Single tree,C,co-dominant,0
A,25415,20.39,2,1.0,Single tree,B,dominant,1
A,25423,20.13,3,1.0,Single tree,B,dominant,1
A,25428,16.18,4,3.0,Many trees of the same species,A,isolated,2
A,25434,20.31,3,3.1,Many trees of many species,C,co-dominant,0
A,25451,18.76,3,2.0,Large tree with undergrowth,B,dominant,1
A,25456,21.9,3,3.0,Many trees of the same species,B,dominant,2
A,25461,19.6,3,1.0,Single tree,C,co-dominant,2
A,25464,23.75,2,3.0,Many trees of the same species,C,co-dominant,1
A,25465,11.0,1,1.0,Single tree,C,co-dominant,1
A,25485,10.29,1,1.0,Single tree,D,smaller tree next to larger tree,0
A,25499,17.65,1,1.0,Single tree,E,roadside,1
A,25500,11.95,1,1.0,Single tree,C,co-dominant,1
A,25509,6.82,4,1.0,Single tree,E,roadside,1
A,25523,17.71,1,1.0,Single tree,C,co-dominant,1
A,25524,19.83,1,3.0,Many trees of the same species,C,co-dominant,1
A,25530,10.95,4,3.1,Many trees of many species,C,co-dominant,0
A,25535,22.07,3,1.0,Single tree,B,dominant,0
A,25567,14.04,1,2.0,Large tree with undergrowth,B,dominant,1
A,25569,11.41,6,1.0,Single tree,C,co-dominant,1
A,25577,10.99,1,1.0,Single tree,E,roadside,1
A,25578,21.52,3,1.0,Single tree,C,co-dominant,1
A,25589,25.1,3,1.0,Single tree,B,dominant,0
A,25600,11.18,1,1.0,Single tree,E,roadside,2
A,25611,11.49,3,1.0,Single tree,C,co-dominant,1
A,25614,7.16,4,1.0,Single tree,E,roadside,1
A,25618,15.49,3,1.0,Single tree,C,co-dominant,1
A,25620,20.66,3,1.0,Single tree,C,co-dominant,2
A,25632,18.69,5,1.0,Single tree,C,co-dominant,1
A,25633,21.51,3,1.0,Single tree,B,dominant,1
A,25634,13.11,1,2.0,Large tree with undergrowth,C,co-dominant,0
A,25635,19.34,1,1.0,Single tree,B,dominant,1
A,25649,13.4,7,1.0,Single tree,C,co-dominant,2
A,25676,18.2,4,3.0,Many trees of the same species,C,co-dominant,1
A,25689,12.26,1,1.0,Single tree,E,roadside,1
A,25691,18.58,1,1.0,Single tree,B,dominant,0
A,25692,18.27,1,1.0,Single tree,C,co-dominant,1
A,25693,16.6,1,1.0,Single tree,C,co-dominant,1
A,25696,28.63,4,1.0,Single tree,C,co-dominant,0
A,25703,11.94,6,3.1,Many trees of many species,C,co-dominant,1
A,25710,10.98,1,1.0,Single tree,E,roadside,1
A,25723,11.99,5,1.0,Single tree,C,co-dominant,1
A,25726,14.53,1,1.0,Single tree,C,co-dominant,1
A,25736,14.09,5,3.0,Many trees of the same species,C,co-dominant,1
A,25738,6.69,4,1.0,Single tree,E,roadside,1
A,25741,10.86,1,1.0,Single tree,E,roadside,2
A,25764,10.69,5,2.0,Large tree with undergrowth,C,co-dominant,1
A,25765,14.82,3,1.0,Single tree,C,co-dominant,0
A,25766,15.31,1,3.1,Many trees of many species,C,co-dominant,0
A,25771,17.01,1,1.0,Single tree,B,dominant,1
A,25790,18.85,5,1.0,Single tree,C,co-dominant,1
A,25792,21.71,5,1.0,Single tree,C,co-dominant,2
A,25793,17.04,5,1.0,Single tree,C,co-dominant,1
A,25799,14.48,6,1.0,Single tree,B,dominant,1
A,25804,12.99,4,1.0,Single tree,C,co-dominant,1
A,25825,18.97,5,3.0,Many trees of the same species,B,dominant,1
A,25826,19.42,1,1.0,Single tree,C,co-dominant,2
A,25840,11.47,1,3.0,Many trees of the same species,E,roadside,2
A,25844,22.99,4,1.0,Single tree,B,dominant,0
A,25852,12.77,8,1.0,Single tree,E,roadside,1
A,25854,12.56,1,1.0,Single tree,E,roadside,1
A,25865,20.59,1,2.0,Large tree with undergrowth,C,co-dominant,0
A,25867,20.25,1,2.0,Large tree with undergrowth,C,co-dominant,1
A,25868,18.75,4,1.0,Single tree,A,isolated,2
A,25880,13.72,1,3.0,Many trees of the same species,E,roadside,2
A,25881,9.29,1,1.0,Single tree,E,roadside,1
A,25882,16.53,5,1.0,Single tree,C,co-dominant,1
A,25889,13.19,6,4.0,Tree section,C,co-dominant,1
A,25890,11.11,1,1.0,Single tree,C,co-dominant,1
A,25897,20.63,5,1.0,Single tree,C,co-dominant,1
A,25899,8.99,4,1.0,Single tree,E,roadside,0
A,25902,6.16,6,1.0,Single tree,E,roadside,1
A,25903,21.06,1,1.0,Single tree,C,co-dominant,2
A,25912,8.52,6,1.0,Single tree,C,co-dominant,2
A,25913,14.72,3,2.0,Large tree with undergrowth,C,co-dominant,1
A,25916,11.49,1,1.0,Single tree,C,co-dominant,1
A,25925,14.69,1,3.0,Many trees of the same species,C,co-dominant,0
A,25930,21.08,1,3.0,Many trees of the same species,B,dominant,1
A,25931,15.94,1,2.0,Large tree with undergrowth,C,co-dominant,1
A,25939,6.06,6,1.0,Single tree,E,roadside,1
A,25946,14.35,5,1.0,Single tree,C,co-dominant,0
A,25949,15.76,1,1.0,Single tree,C,co-dominant,2
A,25952,20.12,4,1.0,Single tree,C,co-dominant,1
A,25962,13.49,1,2.0,Large tree with undergrowth,C,co-dominant,1
A,25970,19.57,4,2.0,Large tree with undergrowth,C,co-dominant,2
A,25974,17.26,4,1.0,Single tree,A,isolated,2
A,25981,10.19,4,1.0,Single tree,E,roadside,1
A,25986,16.93,4,1.0,Single tree,C,co-dominant,1
A,25992,9.18,1,1.0,Single tree,C,co-dominant,1
A,26012,9.82,8,3.0,Many trees of the same species,E,roadside,1
A,26015,20.78,5,1.0,Single tree,B,dominant,2
A,26022,9.51,4,1.0,Single tree,E,roadside,2
A,26049,12.8,5,1.0,Single tree,C,co-dominant,2
A,26057,22.34,1,1.0,Single tree,C,co-dominant,1
A,26058,20.42,1,1.0,Single tree,B,dominant,2
A,26067,9.16,6,1.0,Single tree,E,roadside,0
A,26072,19.57,5,3.0,Many trees of the same species,C,co-dominant,2
A,26094,21.51,1,1.0,Single tree,E,roadside,0
A,26117,18.99,1,2.0,Large tree with undergrowth,C,co-dominant,1
A,26129,6.72,6,4.0,Tree section,E,roadside,1
A,26141,25.13,3,2.0,Large tree with undergrowth,B,dominant,2
A,26153,7.4,1,1.0,Single tree,D,smaller tree next to larger tree,0
A,26161,10.71,4,4.0,Tree section,E,roadside,1
A,26162,7.02,6,4.0,Tree section,E,roadside,1
A,26163,10.12,3,1.0,Single tree,A,isolated,1
A,26164,18.62,1,1.0,Single tree,C,co-dominant,1
A,26173,11.65,5,1.0,Single tree,B,dominant,1
A,26174,9.01,4,1.0,Single tree,E,roadside,2
A,26189,7.68,1,1.0,Single tree,C,co-dominant,1
A,26199,8.97,8,4.0,Tree section,E,roadside,1
A,26200,11.95,8,1.0,Single tree,E,roadside,1
A,26214,20.27,2,1.0,Single tree,C,co-dominant,1
A,26223,10.37,8,4.0,Tree section,E,roadside,0
A,26231,8.9,5,3.1,Many trees of many species,C,co-dominant,2
A,26233,10.88,4,1.0,Single tree,E,roadside,1
A,26235,7.86,1,3.0,Many trees of the same species,C,co-dominant,1
A,26248,22.01,1,1.0,Single tree,C,co-dominant,0
A,26256,10.43,4,1.0,Single tree,E,roadside,1
A,26260,10.67,8,1.0,Single tree,E,roadside,1
A,26261,20.07,1,3.0,Many trees of the same species,C,co-dominant,2
A,26268,20.39,3,2.0,Large tree with undergrowth,C,co-dominant,1
A,26278,11.25,4,4.0,Tree section,E,roadside,1
A,26279,13.87,1,3.0,Many trees of the same species,E,roadside,1
A,26281,8.89,1,1.0,Single tree,E,roadside,1
A,26302,11.45,1,1.0,Single tree,E,roadside,1
A,26312,22.22,1,1.0,Single tree,B,dominant,2
A,26313,23.36,2,3.1,Many trees of many species,B,dominant,1
A,26316,23.85,3,2.0,Large tree with undergrowth,B,dominant,1
A,26324,21.25,1,3.1,Many trees of many species,B,dominant,2
A,26332,12.08,8,1.0,Single tree,E,roadside,1
A,26333,15.72,3,3.0,Many trees of the same species,E,roadside,2
A,26347,16.37,3,1.0,Single tree,B,dominant,2
A,26349,21.37,5,2.0,Large tree with undergrowth,C,co-dominant,1
A,26352,11.17,1,1.0,Single tree,D,smaller tree next to larger tree,0
A,26369,22.05,1,1.0,Single tree,A,isolated,0
A,26374,12.53,8,1.0,Single tree,E,roadside,1
A,26383,11.11,3,3.1,Many trees of many species,C,co-dominant,0
A,26399,18.74,5,3.1,Many trees of many species,C,co-dominant,1
A,26410,11.76,8,1.0,Single tree,E,roadside,2
A,26412,17.33,3,1.0,Single tree,C,co-dominant,1
A,26421,18.71,1,1.0,Single tree,B,dominant,1
A,26423,9.34,3,1.0,Single tree,C,co-dominant,0
A,26424,20.73,1,3.0,Many trees of the same species,C,co-dominant,1
A,26430,22.01,5,3.1,Many trees of many species,C,co-dominant,0
A,26433,14.86,1,1.0,Single tree,C,co-dominant,1
A,26440,11.13,3,2.0,Large tree with undergrowth,C,co-dominant,1
A,26442,15.31,2,1.0,Single tree,C,co-dominant,1
A,26452,17.92,3,2.0,Large tree with undergrowth,C,co-dominant,2
A,26485,21.82,3,1.0,Single tree,C,co-dominant,1
A,26487,16.64,3,1.0,Single tree,E,roadside,1
A,26489,10.05,4,1.0,Single tree,E,roadside,0
A,26491,12.26,1,2.0,Large tree with undergrowth,C,co-dominant,1
A,26494,12.56,1,2.0,Large tree with undergrowth,C,co-dominant,1
A,26495,15.0,1,1.0,Single tree,C,co-dominant,1
A,26499,22.63,3,3.1,Many trees of many species,B,dominant,1
A,26500,22.57,3,1.0,Single tree,C,co-dominant,0
A,26510,9.12,5,1.0,Single tree,D,smaller tree next to larger tree,0
A,26511,10.29,5,3.1,Many trees of many species,D,smaller tree next to larger tree,1
A,26512,10.45,2,1.0,Single tree,D,smaller tree next to larger tree,2
A,26516,17.46,3,1.0,Single tree,C,co-dominant,2
A,26525,20.36,5,1.0,Single tree,A,isolated,1
A,26536,22.04,5,3.0,Many trees of the same species,C,co-dominant,1
A,26542,11.27,8,4.0,Tree section,E,roadside,1
A,26545,10.1,4,1.0,Single tree,E,roadside,1
A,26549,12.01,1,1.0,Single tree,B,dominant,0
A,26554,11.15,8,4.0,Tree section,E,roadside,2
A,26556,15.93,1,2.0,Large tree with undergrowth,C,co-dominant,0
A,26559,21.69,3,1.0,Single tree,C,co-dominant,0
A,26560,18.79,3,1.0,Single tree,E,roadside,1
A,26573,7.7,1,1.0,Single tree,C,co-dominant,1
A,26574,9.62,3,1.0,Single tree,D,smaller tree next to larger tree,2
A,26578,19.62,3,2.0,Large tree with undergrowth,E,roadside,2
A,26597,17.68,2,1.0,Single tree,C,co-dominant,1
A,26599,21.66,3,1.0,Single tree,B,dominant,1
A,26615,17.66,5,1.0,Single tree,B,dominant,1
A,26616,9.03,5,3.1,Many trees of many species,C,co-dominant,0
A,26630,15.82,1,3.0,Many trees of the same species,C,co-dominant,1
A,26632,20.65,3,2.0,Large tree with undergrowth,C,co-dominant,1
A,26642,11.12,8,1.0,Single tree,E,roadside,1
A,26646,21.8,3,1.0,Single tree,B,dominant,1
A,26647,21.51,3,1.0,Single tree,C,co-dominant,1
A,26654,8.57,1,1.0,Single tree,D,smaller tree next to larger tree,1
A,26674,16.98,2,1.0,Single tree,C,co-dominant,0
A,26681,10.25,1,1.0,Single tree,C,co-dominant,1
A,26685,15.93,2,1.0,Single tree,E,roadside,0
A,26689,21.39,3,2.0,Large tree with undergrowth,C,co-dominant,1
A,26705,15.63,1,1.0,Single tree,C,co-dominant,1
A,26715,13.76,3,3.1,Many trees of many species,C,co-dominant,2
A,26719,20.01,3,2.0,Large tree with undergrowth,E,roadside,1
A,26724,12.96,8,1.0,Single tree,C,co-dominant,1
A,26725,16.19,1,1.0,Single tree,B,dominant,1
A,26735,8.82,5,1.0,Single tree,C,co-dominant,1
A,26758,8.97,5,4.0,Tree section,C,co-dominant,1
A,26775,14.12,3,4.0,Tree section,E,roadside,2
A,26783,10.3,1,4.0,Tree section,B,dominant,2
A,26786,10.36,1,4.0,Tree section,C,co-dominant,1
A,26789,14.34,1,4.0,Tree section,C,co-dominant,2
A,26855,21.82,3,4.0,Tree section,B,dominant,1
B,1,11.94,1,4.0,Tree section,B,dominant,0
B,2,11.47,1,4.0,Tree section,B,dominant,2
B,3,11.22,1,4.0,Tree section,C,co-dominant,1
B,4,10.56,1,3.0,Many trees of the same species,C,co-dominant,1
B,7,14.38,1,3.0,Many trees of the same species,C,co-dominant,1
B,40,14.5,1,4.0,Tree section,C,co-dominant,1
B,42,11.53,1,4.0,Tree section,B,dominant,0
B,45,15.07,2,4.0,Tree section,E,roadside,0
B,80,21.19,3,4.0,Tree section,C,co-dominant,0
B,125,9.97,1,1.0,Single tree,C,co-dominant,0
B,131,21.1,1,1.0,Single tree,C,co-dominant,1
B,138,19.95,3,1.0,Single tree,E,roadside,1
B,139,22.74,3,1.0,Single tree,E,roadside,2
B,162,21.72,7,1.0,Single tree,B,dominant,1
B,164,8.99,1,1.0,Single tree,C,co-dominant,2
B,168,12.05,8,1.0,Single tree,E,roadside,2
B,170,17.77,3,1.0,Single tree,C,co-dominant,1
B,171,11.37,4,1.0,Single tree,B,dominant,1
B,192,20.34,1,1.0,Single tree,C,co-dominant,1
B,193,17.18,3,1.0,Single tree,C,co-dominant,0
B,194,17.16,3,1.0,Single tree,C,co-dominant,1
B,195,14.59,2,1.0,Single tree,E,roadside,0
B,202,20.79,1,3.0,Many trees of the same species,A,isolated,1
B,215,10.24,1,2.0,Large tree with undergrowth,D,smaller tree next to larger tree,1
B,216,12.05,3,1.0,Single tree,C,co-dominant,1
B,226,14.91,7,1.0,Single tree,B,dominant,2
B,231,9.44,1,2.0,Large tree with undergrowth,C,co-dominant,0
B,244,19.73,3,1.0,Single tree,E,roadside,1
B,245,21.17,3,1.0,Single tree,E,roadside,0
B,265,19.71,1,1.0,Single tree,C,co-dominant,2
B,283,18.93,2,1.0,Single tree,C,co-dominant,1
B,294,22.1,1,2.0,Large tree with undergrowth,B,dominant,1
B,299,19.51,3,1.0,Single tree,E,roadside,1
B,300,11.25,1,3.1,Many trees of many species,C,co-dominant,0
B,303,25.3,5,3.0,Many trees of the same species,A,isolated,1
B,321,7.62,6,1.0,Single tree,E,roadside,1
B,356,12.44,1,3.0,Many trees of the same species,B,dominant,0
B,373,11.66,1,1.0,Single tree,C,co-dominant,1
B,383,17.94,3,1.0,Single tree,C,co-dominant,1
B,394,11.78,1,2.0,Large tree with undergrowth,C,co-dominant,1
B,403,13.34,1,1.0,Single tree,A,isolated,1
B,406,18.07,1,1.0,Single tree,C,co-dominant,1
B,409,18.95,3,4.0,Tree section,E,roadside,2
B,426,14.46,1,1.0,Single tree,C,co-dominant,0
B,433,8.78,6,1.0,Single tree,C,co-dominant,0
B,435,12.11,3,3.0,Many trees of the same species,D,smaller tree next to larger tree,2
B,454,26.34,5,1.0,Single tree,B,dominant,1
B,455,12.02,1,1.0,Single tree,C,co-dominant,2
B,456,19.98,1,1.0,Single tree,C,co-dominant,1
B,459,19.61,3,4.0,Tree section,E,roadside,1
B,476,19.28,3,3.0,Many trees of the same species,B,dominant,1
B,486,21.45,2,1.0,Single tree,C,co-dominant,2
B,505,24.69,5,2.0,Large tree with undergrowth,C,co-dominant,0
B,506,26.96,5,3.1,Many trees of many species,C,co-dominant,1
B,540,21.0,2,1.0,Single tree,C,co-dominant,1
B,547,7.76,6,1.0,Single tree,C,co-dominant,1
B,548,10.26,6,1.0,Single tree,B,dominant,1
B,549,21.87,2,1.0,Single tree,B,dominant,1
B,572,23.92,1,2.0,Large tree with undergrowth,B,dominant,1
B,576,20.9,2,1.0,Single tree,B,dominant,0
B,639,28.15,2,1.0,Single tree,B,dominant,1
B,641,7.95,1,1.0,Single tree,C,co-dominant,1
B,663,22.53,1,1.0,Single tree,C,co-dominant,1
B,664,21.7,3,3.0,Many trees of the same species,C,co-dominant,1
B,690,18.16,2,3.0,Many trees of the same species,C,co-dominant,2
B,717,23.69,1,1.0,Single tree,C,co-dominant,1
B,726,9.56,1,1.0,Single tree,A,isolated,1
B,747,11.26,4,1.0,Single tree,C,co-dominant,0
B,788,26.3,2,1.0,Single tree,B,dominant,1
B,803,12.4,1,1.0,Single tree,C,co-dominant,1
B,806,13.81,4,1.0,Single tree,C,co-dominant,2
B,848,12.86,1,4.0,Tree section,C,co-dominant,1
B,850,22.4,1,1.0,Single tree,C,co-dominant,2
B,859,25.29,5,2.0,Large tree with undergrowth,B,dominant,1
B,889,21.89,3,1.0,Single tree,C,co-dominant,1
B,899,23.33,5,1.0,Single tree,C,co-dominant,1
B,919,14.55,1,1.0,Single tree,B,dominant,1
B,920,23.17,2,1.0,Single tree,C,co-dominant,1
B,933,11.62,1,1.0,Single tree,C,co-dominant,1
B,973,23.28,1,2.0,Large tree with undergrowth,A,isolated,0
B,986,17.95,2,1.0,Single tree,C,co-dominant,2
B,987,24.53,2,1.0,Single tree,B,dominant,0
B,998,23.88,1,1.0,Single tree,C,co-dominant,1
B,1039,24.7,1,2.0,Large tree with undergrowth,C,co-dominant,1
B,1049,20.93,1,3.0,Many trees of the same species,E,roadside,2
B,1078,23.3,5,1.0,Single tree,B,dominant,2
B,1097,15.15,3,1.0,Single tree,E,roadside,2
B,1106,23.5,1,1.0,Single tree,C,co-dominant,1
B,1113,25.08,3,1.0,Single tree,A,isolated,0
B,1164,17.17,3,1.0,Single tree,B,dominant,2
B,1170,15.55,5,1.0,Single tree,C,co-dominant,1
B,1174,21.11,5,2.0,Large tree with undergrowth,C,co-dominant,2
B,1180,21.1,2,3.0,Many trees of the same species,C,co-dominant,1
B,1230,23.76,3,2.0,Large tree with undergrowth,B,dominant,1
B,1233,14.51,2,1.0,Single tree,D,smaller tree next to larger tree,2
B,1245,12.55,3,1.0,Single tree,C,co-dominant,1
B,1252,10.04,5,1.0,Single tree,C,co-dominant,0
B,1298,11.74,5,1.0,Single tree,B,dominant,1
B,1327,13.6,3,4.0,Tree section,B,dominant,1
B,1328,12.08,1,1.0,Single tree,E,roadside,1
B,1342,13.57,3,1.0,Single tree,C,co-dominant,1
B,1344,22.77,1,2.0,Large tree with undergrowth,B,dominant,1
B,1356,17.81,2,1.0,Single tree,C,co-dominant,1
B,1370,21.84,5,1.0,Single tree,C,co-dominant,1
B,1381,21.27,1,1.0,Single tree,E,roadside,2
B,1386,21.07,1,2.0,Large tree with undergrowth,B,dominant,1
B,1399,19.78,2,3.0,Many trees of the same species,C,co-dominant,1
B,1408,13.03,1,2.0,Large tree with undergrowth,E,roadside,2
B,1415,21.47,1,1.0,Single tree,E,roadside,2
B,1454,11.99,5,3.0,Many trees of the same species,E,roadside,2
B,1463,9.14,2,1.0,Single tree,C,co-dominant,1
B,1469,14.76,5,3.0,Many trees of the same species,E,roadside,1
B,1470,20.09,1,2.0,Large tree with undergrowth,B,dominant,1
B,1477,22.4,1,2.0,Large tree with undergrowth,B,dominant,1
B,1500,15.46,5,3.0,Many trees of the same species,E,roadside,1
B,1506,18.59,1,1.0,Single tree,E,roadside,0
B,1511,18.51,3,2.0,Large tree with undergrowth,B,dominant,1
B,1521,12.71,1,3.0,Many trees of the same species,C,co-dominant,1
B,1557,15.83,1,1.0,Single tree,C,co-dominant,1
B,1571,13.34,1,1.0,Single tree,B,dominant,2
B,1593,13.11,1,1.0,Single tree,B,dominant,2
B,1594,17.29,3,2.0,Large tree with undergrowth,C,co-dominant,1
B,1605,19.54,1,2.0,Large tree with undergrowth,C,co-dominant,1
B,1608,21.67,1,2.0,Large tree with undergrowth,C,co-dominant,1
B,1620,13.27,1,1.0,Single tree,C,co-dominant,1
B,1646,11.54,1,1.0,Single tree,C,co-dominant,1
B,1656,14.65,1,1.0,Single tree,C,co-dominant,1
B,1668,16.54,1,1.0,Single tree,A,isolated,1
B,1671,11.64,1,1.0,Single tree,C,co-dominant,1
B,1672,12.42,7,1.0,Single tree,E,roadside,1
B,1673,6.22,1,1.0,Single tree,D,smaller tree next to larger tree,0
B,1688,11.67,1,3.0,Many trees of the same species,C,co-dominant,1
B,1717,13.01,1,3.0,Many trees of the same species,B,dominant,1
B,1738,18.64,1,2.0,Large tree with undergrowth,B,dominant,1
B,1743,7.29,1,1.0,Single tree,C,co-dominant,0
B,1744,7.89,3,1.0,Single tree,C,co-dominant,1
B,1746,15.26,2,1.0,Single tree,C,co-dominant,1
B,1753,7.89,5,1.0,Single tree,C,co-dominant,2
B,1754,8.76,3,1.0,Single tree,C,co-dominant,1
B,1785,16.22,3,1.0,Single tree,C,co-dominant,1
B,1797,9.29,1,3.0,Many trees of the same species,B,dominant,0
B,1798,12.11,1,1.0,Single tree,B,dominant,0
B,1821,11.92,5,1.0,Single tree,C,co-dominant,1
B,1827,17.86,3,4.0,Tree section,E,roadside,1
B,1832,7.59,5,1.0,Single tree,C,co-dominant,1
B,1833,8.09,1,1.0,Single tree,C,co-dominant,1
B,1843,15.47,1,2.0,Large tree with undergrowth,C,co-dominant,2
B,1849,16.38,1,1.0,Single tree,C,co-dominant,2
B,1852,15.96,2,1.0,Single tree,C,co-dominant,1
B,1866,9.95,7,2.0,Large tree with undergrowth,E,roadside,1
B,1880,11.22,3,1.0,Single tree,E,roadside,1
B,1898,18.42,3,4.0,Tree section,E,roadside,1
B,1913,19.7,1,3.1,Many trees of many species,E,roadside,2
B,1935,14.57,1,1.0,Single tree,A,isolated,1
B,1936,13.69,1,1.0,Single tree,C,co-dominant,0
B,1949,16.44,2,1.0,Single tree,B,dominant,1
B,1961,11.67,2,1.0,Single tree,C,co-dominant,1
B,1981,18.66,3,1.0,Single tree,E,roadside,1
B,1990,17.98,3,1.0,Single tree,E,roadside,1
B,1999,16.0,3,4.0,Tree section,C,co-dominant,0
B,2001,10.47,1,1.0,Single tree,C,co-dominant,1
B,2014,21.75,1,1.0,Single tree,C,co-dominant,1
B,2025,22.01,1,1.0,Single tree,B,dominant,1
B,2071,7.25,1,1.0,Single tree,B,dominant,2
B,2072,11.44,1,1.0,Single tree,B,dominant,1
B,2073,21.97,3,1.0,Single tree,C,co-dominant,1
B,2074,23.45,1,2.0,Large tree with undergrowth,C,co-dominant,1
B,2084,22.7,1,2.0,Large tree with undergrowth,B,dominant,1
B,2085,16.82,2,1.0,Single tree,B,dominant,1
B,2121,20.07,3,1.0,Single tree,C,co-dominant,2
B,2144,22.0,3,2.0,Large tree with undergrowth,B,dominant,1
B,2164,12.85,1,3.0,Many trees of the same species,C,co-dominant,1
B,2168,6.52,4,1.0,Single tree,E,roadside,2
B,2177,11.87,1,1.0,Single tree,A,isolated,1
B,2179,14.22,1,2.0,Large tree with undergrowth,E,roadside,1
B,2187,6.39,3,4.0,Tree section,A,isolated,1
B,2191,15.14,3,1.0,Single tree,C,co-dominant,1
B,2192,23.87,1,2.0,Large tree with undergrowth,C,co-dominant,2
B,2211,19.58,2,2.0,Large tree with undergrowth,B,dominant,2
B,2239,17.04,3,2.0,Large tree with undergrowth,C,co-dominant,1
B,2296,10.67,2,1.0,Single tree,C,co-dominant,1
B,2306,22.41,2,1.0,Single tree,C,co-dominant,1
B,2316,25.07,1,2.0,Large tree with undergrowth,B,dominant,1
B,2355,7.45,6,1.0,Single tree,C,co-dominant,2
B,2356,10.99,7,1.0,Single tree,E,roadside,1
B,2371,18.56,3,1.0,Single tree,B,dominant,1
B,2372,21.42,1,1.0,Single tree,C,co-dominant,0
B,2386,14.97,1,1.0,Single tree,C,co-dominant,1
B,2388,24.17,3,1.0,Single tree,B,dominant,1
B,2389,13.76,3,1.0,Single tree,B,dominant,2
B,2402,21.95,2,1.0,Single tree,B,dominant,1
B,2415,18.21,2,1.0,Single tree,C,co-dominant,2
B,2418,9.75,3,1.0,Single tree,C,co-dominant,0
B,2419,11.46,3,1.0,Single tree,C,co-dominant,2
B,2433,16.33,1,2.0,Large tree with undergrowth,A,isolated,0
B,2434,15.13,1,2.0,Large tree with undergrowth,B,dominant,2
B,2444,20.18,1,1.0,Single tree,A,isolated,1
B,2456,9.66,1,1.0,Single tree,C,co-dominant,1
B,2491,5.02,7,4.0,Tree section,E,roadside,1
B,2519,15.15,1,1.0,Single tree,E,roadside,0
B,2523,20.52,1,1.0,Single tree,C,co-dominant,0
B,2555,23.56,1,1.0,Single tree,C,co-dominant,0
B,2591,20.48,2,1.0,Single tree,B,dominant,1
B,2602,12.39,5,3.0,Many trees of the same species,B,dominant,1
B,2620,6.56,6,1.0,Single tree,D,smaller tree next to larger tree,1
B,2627,22.87,2,1.0,Single tree,B,dominant,1
B,2631,17.08,1,1.0,Single tree,C,co-dominant,1
B,2632,19.24,1,1.0,Single tree,B,dominant,1
B,2635,21.22,1,1.0,Single tree,A,isolated,1
B,2639,22.9,1,1.0,Single tree,B,dominant,1
B,2649,22.86,1,1.0,Single tree,B,dominant,1
B,2705,12.06,1,1.0,Single tree,B,dominant,0
B,2724,13.47,2,1.0,Single tree,C,co-dominant,0
B,2755,10.36,1,1.0,Single tree,E,roadside,2
B,2791,10.5,1,1.0,Single tree,C,co-dominant,2
B,2820,13.88,2,1.0,Single tree,C,co-dominant,0
B,2832,7.09,5,1.0,Single tree,C,co-dominant,1
B,2848,8.0,1,3.1,Many trees of many species,C,co-dominant,0
B,2852,24.04,2,1.0,Single tree,C,co-dominant,2
B,2854,20.52,3,1.0,Single tree,A,isolated,0
B,2860,22.49,2,1.0,Single tree,B,dominant,2
B,2879,14.94,1,2.0,Large tree with undergrowth,B,dominant,1
B,2882,6.28,6,1.0,Single tree,E,roadside,1
B,2905,18.56,5,1.0,Single tree,C,co-dominant,2
B,2911,15.86,1,1.0,Single tree,B,dominant,2
B,2927,22.61,2,1.0,Single tree,B,dominant,2
B,2931,6.98,5,1.0,Single tree,C,co-dominant,1
B,2945,18.25,5,1.0,Single tree,C,co-dominant,0
B,2946,11.01,2,1.0,Single tree,C,co-dominant,1
B,2960,10.67,1,1.0,Single tree,B,dominant,1
B,2963,8.56,5,2.0,Large tree with undergrowth,D,smaller tree next to larger tree,1
B,2964,7.59,5,1.0,Single tree,C,co-dominant,1
B,2980,22.03,1,1.0,Single tree,A,isolated,0
B,2993,18.45,3,1.0,Single tree,B,dominant,1
B,2995,8.3,5,1.0,Single tree,D,smaller tree next to larger tree,2
B,3006,21.51,2,4.0,Tree section,C,co-dominant,1
B,3018,16.47,3,2.0,Large tree with undergrowth,E,roadside,2
B,3024,18.73,1,4.0,Tree section,C,co-dominant,1
B,3034,20.93,3,1.0,Single tree,B,dominant,1
B,3035,20.67,2,1.0,Single tree,C,co-dominant,1
B,3050,13.42,1,1.0,Single tree,C,co-dominant,1
B,3068,14.65,3,1.0,Single tree,C,co-dominant,2
B,3073,14.08,5,3.0,Many trees of the same species,C,co-dominant,0
B,3095,21.12,5,1.0,Single tree,C,co-dominant,1
B,3100,21.08,3,2.0,Large tree with undergrowth,A,isolated,1
B,3113,22.38,1,2.0,Large tree with undergrowth,B,dominant,1
B,3125,8.73,1,1.0,Single tree,C,co-dominant,1
B,3129,9.66,7,1.0,Single tree,E,roadside,0
B,3137,7.88,5,1.0,Single tree,D,smaller tree next to larger tree,1
B,3143,24.13,3,3.1,Many trees of many species,B,dominant,1
B,3170,14.69,3,1.0,Single tree,C,co-dominant,0
B,3184,16.02,3,1.0,Single tree,A,isolated,1
B,3195,20.92,2,3.0,Many trees of the same species,C,co-dominant,1
B,3199,23.73,3,1.0,Single tree,C,co-dominant,0
B,3215,18.22,1,2.0,Large tree with undergrowth,B,dominant,1
B,3231,15.17,1,1.0,Single tree,E,roadside,1
B,3239,15.29,5,3.0,Many trees of the same species,C,co-dominant,1
B,3241,16.2,2,4.0,Tree section,C,co-dominant,1
B,3266,7.42,7,1.0,Single tree,E,roadside,2
B,3277,18.73,3,4.0,Tree section,C,co-dominant,1
B,3287,14.75,5,1.0,Single tree,C,co-dominant,1
B,3307,16.44,5,3.1,Many trees of many species,C,co-dominant,2
B,3323,20.07,3,2.0,Large tree with undergrowth,C,co-dominant,1
B,3353,10.71,1,1.0,Single tree,B,dominant,1
B,3356,15.25,3,1.0,Single tree,C,co-dominant,2
B,3361,20.03,1,2.0,Large tree with undergrowth,C,co-dominant,1
B,3362,17.15,1,1.0,Single tree,A,isolated,1
B,3385,25.57,3,1.0,Single tree,B,dominant,1
B,3390,24.32,2,1.0,Single tree,C,co-dominant,1
B,3408,13.21,3,1.0,Single tree,B,dominant,1
B,3428,19.63,1,2.0,Large tree with undergrowth,B,dominant,1
B,3429,14.99,3,1.0,Single tree,C,co-dominant,0
B,3446,21.65,1,1.0,Single tree,C,co-dominant,1
B,3454,17.89,3,1.0,Single tree,B,dominant,1
B,3465,20.02,2,1.0,Single tree,C,co-dominant,1
B,3489,16.75,5,1.0,Single tree,C,co-dominant,0
B,3490,17.45,5,3.0,Many trees of the same species,C,co-dominant,0
B,3498,13.2,3,4.0,Tree section,C,co-dominant,1
B,3508,21.58,1,1.0,Single tree,C,co-dominant,1
B,3513,17.74,2,1.0,Single tree,D,smaller tree next to larger tree,2
B,3517,20.39,1,3.0,Many trees of the same species,C,co-dominant,1
B,3518,17.4,3,2.0,Large tree with undergrowth,C,co-dominant,1
B,3543,22.79,1,1.0,Single tree,A,isolated,1
B,3545,21.93,2,1.0,Single tree,B,dominant,2
B,3561,18.02,5,4.0,Tree section,B,dominant,0
B,3606,12.11,5,1.0,Single tree,C,co-dominant,1
B,3622,17.61,5,3.0,Many trees of the same species,C,co-dominant,1
B,3654,15.46,1,2.0,Large tree with undergrowth,B,dominant,0
B,3655,13.5,5,4.0,Tree section,C,co-dominant,1
B,3667,19.78,1,3.1,Many trees of many species,C,co-dominant,1
B,3671,16.43,1,2.0,Large tree with undergrowth,C,co-dominant,0
B,3689,23.81,2,1.0,Single tree,C,co-dominant,0
B,3698,22.86,1,1.0,Single tree,B,dominant,2
B,3723,22.16,5,1.0,Single tree,A,isolated,0
B,3727,22.85,1,3.1,Many trees of many species,C,co-dominant,1
B,3767,8.65,4,1.0,Single tree,E,roadside,0
B,3801,17.88,5,1.0,Single tree,B,dominant,1
B,3814,10.99,5,3.1,Many trees of many species,C,co-dominant,2
B,3827,19.08,1,2.0,Large tree with undergrowth,A,isolated,1
B,3875,22.36,3,2.0,Large tree with undergrowth,C,co-dominant,1
B,3883,7.77,4,1.0,Single tree,E,roadside,1
B,3942,7.69,1,1.0,Single tree,B,dominant,1
B,3959,24.19,2,1.0,Single tree,C,co-dominant,1
B,3963,23.45,1,1.0,Single tree,B,dominant,1
B,3973,18.38,1,2.0,Large tree with undergrowth,B,dominant,1
B,3974,17.61,1,2.0,Large tree with undergrowth,B,dominant,1
B,3984,13.7,3,1.0,Single tree,B,dominant,0
B,3988,21.0,2,1.0,Single tree,C,co-dominant,0
B,4020,7.78,1,1.0,Single tree,C,co-dominant,0
B,4026,10.27,8,1.0,Single tree,E,roadside,1
B,4059,21.85,2,1.0,Single tree,B,dominant,1
B,4071,23.06,1,2.0,Large tree with undergrowth,B,dominant,1
B,4073,8.35,1,4.0,Tree section,D,smaller tree next to larger tree,1
B,4077,8.23,4,4.0,Tree section,E,roadside,1
B,4088,11.71,3,1.0,Single tree,C,co-dominant,1
B,4096,19.32,1,2.0,Large tree with undergrowth,C,co-dominant,2
B,4114,7.18,7,1.0,Single tree,E,roadside,1
B,4124,11.93,3,3.0,Many trees of the same species,B,dominant,1
B,4127,10.09,8,1.0,Single tree,E,roadside,1
B,4156,8.68,3,1.0,Single tree,D,smaller tree next to larger tree,1
B,4158,19.32,2,1.0,Single tree,C,co-dominant,1
B,4166,19.39,1,1.0,Single tree,B,dominant,1
B,4174,14.29,9,1.0,Single tree,C,co-dominant,2
B,4201,24.31,3,3.0,Many trees of the same species,C,co-dominant,1
B,4207,20.69,1,1.0,Single tree,A,isolated,2
B,4213,24.67,2,1.0,Single tree,C,co-dominant,1
B,4218,19.35,1,2.0,Large tree with undergrowth,B,dominant,1
B,4241,22.63,1,1.0,Single tree,C,co-dominant,2
B,4252,6.48,7,4.0,Tree section,E,roadside,1
B,4281,11.13,8,1.0,Single tree,E,roadside,1
B,4289,16.25,1,1.0,Single tree,C,co-dominant,1
B,4310,25.67,2,4.0,Tree section,B,dominant,0
B,4312,22.5,3,1.0,Single tree,C,co-dominant,2
B,4313,25.16,3,1.0,Single tree,C,co-dominant,0
B,4340,22.99,1,2.0,Large tree with undergrowth,B,dominant,1
B,4364,12.23,3,1.0,Single tree,C,co-dominant,1
B,4371,20.77,2,1.0,Single tree,C,co-dominant,1
B,4385,17.19,1,3.0,Many trees of the same species,C,co-dominant,1
B,4391,25.67,2,1.0,Single tree,B,dominant,1
B,4436,20.07,2,1.0,Single tree,B,dominant,1
B,4437,20.06,1,1.0,Single tree,B,dominant,1
B,4461,22.46,2,1.0,Single tree,C,co-dominant,1
B,4474,19.64,3,4.0,Tree section,C,co-dominant,1
B,4475,22.44,3,1.0,Single tree,B,dominant,1
B,4479,15.24,3,1.0,Single tree,C,co-dominant,1
B,4493,27.15,2,1.0,Single tree,B,dominant,1
B,4500,20.63,1,2.0,Large tree with undergrowth,C,co-dominant,0
B,4514,15.05,3,1.0,Single tree,B,dominant,0
B,4519,21.95,3,4.0,Tree section,C,co-dominant,1
B,4530,22.87,3,1.0,Single tree,C,co-dominant,1
B,4540,24.4,3,2.0,Large tree with undergrowth,B,dominant,2
B,4541,19.42,2,1.0,Single tree,C,co-dominant,1
B,4546,19.98,3,1.0,Single tree,B,dominant,1
B,4552,22.32,1,1.0,Single tree,A,isolated,1
B,4558,25.67,3,3.0,Many trees of the same species,A,isolated,1
B,4559,20.68,2,1.0,Single tree,C,co-dominant,1
B,4586,25.56,5,1.0,Single tree,B,dominant,1
B,4625,23.84,3,3.1,Many trees of many species,B,dominant,1
B,4626,23.9,5,3.1,Many trees of many species,B,dominant,1
B,4671,22.46,5,2.0,Large tree with undergrowth,C,co-dominant,1
B,4684,21.45,3,1.0,Single tree,C,co-dominant,0
B,4720,19.92,3,3.1,Many trees of many species,B,dominant,2
B,4734,22.3,3,1.0,Single tree,C,co-dominant,2
B,4735,21.22,2,4.0,Tree section,C,co-dominant,2
B,4749,6.75,1,1.0,Single tree,C,co-dominant,1
B,4750,23.53,2,3.0,Many trees of the same species,C,co-dominant,1
B,4758,31.49,2,1.0,Single tree,B,dominant,0
B,4775,20.23,3,1.0,Single tree,B,dominant,2
B,4792,17.01,3,1.0,Single tree,C,co-dominant,1
B,4793,19.72,2,1.0,Single tree,C,co-dominant,0
B,4804,19.59,3,2.0,Large tree with undergrowth,C,co-dominant,1
B,4839,18.93,3,1.0,Single tree,C,co-dominant,1
B,4849,25.64,3,1.0,Single tree,B,dominant,2
B,4865,23.13,3,1.0,Single tree,C,co-dominant,2
B,4866,22.91,3,2.0,Large tree with undergrowth,B,dominant,1
B,4887,15.13,5,4.0,Tree section,C,co-dominant,1
B,4899,30.26,1,1.0,Single tree,C,co-dominant,1
B,4911,22.61,5,4.0,Tree section,C,co-dominant,2
B,4922,12.2,3,1.0,Single tree,B,dominant,2
B,4923,27.22,3,3.1,Many trees of many species,B,dominant,1
B,4924,16.53,3,3.1,Many trees of many species,C,co-dominant,1
B,4947,24.48,2,3.1,Many trees of many species,B,dominant,1
B,4962,23.77,5,1.0,Single tree,B,dominant,0
B,4973,19.62,5,4.0,Tree section,C,co-dominant,1
B,4974,10.95,3,1.0,Single tree,C,co-dominant,1
B,4999,10.36,3,3.0,Many trees of the same species,C,co-dominant,1
B,5001,25.35,3,1.0,Single tree,B,dominant,1
B,5004,22.98,3,3.1,Many trees of many species,C,co-dominant,1
B,5008,16.91,5,4.0,Tree section,C,co-dominant,1
B,5010,11.99,8,1.0,Single tree,B,dominant,0
B,5033,23.33,5,4.0,Tree section,C,co-dominant,1
B,5051,17.21,5,4.0,Tree section,C,co-dominant,1
B,5053,10.47,3,1.0,Single tree,C,co-dominant,0
B,5054,24.77,3,1.0,Single tree,C,co-dominant,1
B,5061,22.2,3,1.0,Single tree,A,isolated,2
B,5067,20.59,5,1.0,Single tree,B,dominant,0
B,5068,29.83,2,1.0,Single tree,B,dominant,1
B,5087,9.73,8,1.0,Single tree,C,co-dominant,1
B,5100,15.6,3,4.0,Tree section,E,roadside,2
B,5107,24.29,3,1.0,Single tree,C,co-dominant,0
B,5109,11.88,8,1.0,Single tree,C,co-dominant,1
B,5120,24.7,3,2.0,Large tree with undergrowth,A,isolated,1
B,5135,25.39,2,1.0,Single tree,B,dominant,1
B,5164,15.5,3,4.0,Tree section,D,smaller tree next to larger tree,2
B,5172,24.35,2,1.0,Single tree,B,dominant,1
B,5174,16.26,3,1.0,Single tree,E,roadside,0
B,5189,12.53,8,1.0,Single tree,B,dominant,1
B,5194,23.03,3,1.0,Single tree,C,co-dominant,0
B,5214,19.62,5,4.0,Tree section,C,co-dominant,1
B,5216,22.34,3,1.0,Single tree,C,co-dominant,1
B,5217,27.06,2,1.0,Single tree,C,co-dominant,1
B,5269,15.99,1,1.0,Single tree,A,isolated,0
B,5278,10.87,3,1.0,Single tree,C,co-dominant,1
B,5279,20.37,1,2.0,Large tree with undergrowth,C,co-dominant,1
B,5280,23.04,3,3.0,Many trees of the same species,C,co-dominant,1
B,5290,11.13,3,1.0,Single tree,C,co-dominant,2
B,5309,13.88,3,1.0,Single tree,B,dominant,1
B,5320,23.99,3,1.0,Single tree,C,co-dominant,1
B,5327,21.63,3,3.0,Many trees of the same species,C,co-dominant,1
B,5352,21.56,1,2.0,Large tree with undergrowth,C,co-dominant,1
B,5362,20.63,5,1.0,Single tree,C,co-dominant,1
B,5363,12.21,3,1.0,Single tree,B,dominant,1
B,5372,24.77,1,3.1,Many trees of many species,B,dominant,1
B,5373,20.33,3,1.0,Single tree,C,co-dominant,2
B,5388,10.95,3,1.0,Single tree,C,co-dominant,1
B,5397,6.73,1,1.0,Single tree,A,isolated,1
B,5398,23.86,2,1.0,Single tree,B,dominant,1
B,5409,25.06,3,1.0,Single tree,C,co-dominant,1
B,5420,24.18,2,1.0,Single tree,B,dominant,1
B,5434,25.97,5,3.1,Many trees of many species,B,dominant,1
B,5440,20.65,1,4.0,Tree section,E,roadside,1
B,5446,23.6,3,1.0,Single tree,C,co-dominant,1
B,5447,26.51,2,1.0,Single tree,B,dominant,2
B,5463,17.41,2,1.0,Single tree,C,co-dominant,0
B,5519,9.53,1,1.0,Single tree,C,co-dominant,1
B,5520,23.73,2,1.0,Single tree,C,co-dominant,2
B,5530,18.85,1,4.0,Tree section,C,co-dominant,1
B,5542,21.18,1,4.0,Tree section,C,co-dominant,1
B,5543,9.14,1,1.0,Single tree,C,co-dominant,1
B,5557,21.63,5,3.0,Many trees of the same species,B,dominant,1
B,5595,8.19,3,2.0,Large tree with undergrowth,A,isolated,0
B,5600,26.09,2,3.1,Many trees of many species,C,co-dominant,0
B,5604,20.6,5,1.0,Single tree,C,co-dominant,1
B,5615,14.2,3,4.0,Tree section,C,co-dominant,2
B,5616,27.67,2,1.0,Single tree,B,dominant,1
B,5620,16.17,1,1.0,Single tree,E,roadside,1
B,5632,16.47,3,3.1,Many trees of many species,C,co-dominant,1
B,5657,19.23,1,1.0,Single tree,C,co-dominant,0
B,5674,6.29,8,1.0,Single tree,E,roadside,1
B,5676,26.36,2,1.0,Single tree,B,dominant,1
B,5688,11.4,1,3.1,Many trees of many species,B,dominant,2
B,5690,12.97,3,4.0,Tree section,D,smaller tree next to larger tree,1
B,5691,11.15,3,1.0,Single tree,D,smaller tree next to larger tree,1
B,5692,14.29,3,4.0,Tree section,B,dominant,0
B,5694,13.19,5,3.0,Many trees of the same species,A,isolated,1
B,5711,18.49,2,1.0,Single tree,C,co-dominant,1
B,5738,17.29,3,3.1,Many trees of many species,B,dominant,0
B,5764,10.3,1,2.0,Large tree with undergrowth,C,co-dominant,1
B,5767,16.73,5,3.1,Many trees of many species,A,isolated,1
B,5778,11.73,3,4.0,Tree section,C,co-dominant,0
B,5779,10.03,3,1.0,Single tree,C,co-dominant,2
B,5785,23.17,2,1.0,Single tree,C,co-dominant,2
B,5793,21.04,3,2.0,Large tree with undergrowth,C,co-dominant,1
B,5811,12.71,3,4.0,Tree section,C,co-dominant,1
B,5812,12.65,3,1.0,Single tree,C,co-dominant,1
B,5828,10.54,3,1.0,Single tree,C,co-dominant,1
B,5836,9.84,1,3.1,Many trees of many species,C,co-dominant,1
B,5837,13.17,3,4.0,Tree section,C,co-dominant,1
B,5840,20.26,1,1.0,Single tree,C,co-dominant,1
B,5856,21.8,5,4.0,Tree section,C,co-dominant,1
B,5863,9.81,3,1.0,Single tree,C,co-dominant,1
B,5888,14.86,3,4.0,Tree section,B,dominant,1
B,5890,20.14,3,2.0,Large tree with undergrowth,B,dominant,1
B,5908,7.14,8,1.0,Single tree,E,roadside,0
B,5911,19.53,3,4.0,Tree section,C,co-dominant,1
B,5944,9.79,3,1.0,Single tree,C,co-dominant,0
B,5960,15.58,1,1.0,Single tree,B,dominant,1
B,5966,21.82,5,3.1,Many trees of many species,B,dominant,0
B,5986,12.54,1,2.0,Large tree with undergrowth,B,dominant,2
B,5990,17.07,3,1.0,Single tree,C,co-dominant,2
B,5992,14.72,2,1.0,Single tree,C,co-dominant,1
B,6014,9.4,1,4.0,Tree section,D,smaller tree next to larger tree,1
B,6027,8.51,1,1.0,Single tree,D,smaller tree next to larger tree,1
B,6029,15.99,5,2.0,Large tree with undergrowth,C,co-dominant,1
B,6045,8.14,1,1.0,Single tree,C,co-dominant,0
B,6047,18.4,2,1.0,Single tree,B,dominant,2
B,6059,25.09,2,1.0,Single tree,C,co-dominant,1
B,6102,14.31,1,1.0,Single tree,C,co-dominant,1
B,6125,12.71,1,1.0,Single tree,C,co-dominant,1
B,6126,7.95,1,1.0,Single tree,C,co-dominant,2
B,6139,9.12,1,1.0,Single tree,C,co-dominant,1
B,6152,16.24,5,2.0,Large tree with undergrowth,B,dominant,2
B,6157,12.82,1,1.0,Single tree,C,co-dominant,1
B,6161,25.86,2,1.0,Single tree,C,co-dominant,1
B,6170,11.84,1,1.0,Single tree,C,co-dominant,1
B,6175,15.46,1,3.0,Many trees of the same species,C,co-dominant,2
B,6185,6.42,1,1.0,Single tree,C,co-dominant,1
B,6186,7.45,1,1.0,Single tree,C,co-dominant,1
B,6199,27.04,2,1.0,Single tree,C,co-dominant,2
B,6217,15.14,1,3.0,Many trees of the same species,C,co-dominant,0
B,6235,12.18,8,1.0,Single tree,C,co-dominant,1
B,6241,10.28,1,3.0,Many trees of the same species,C,co-dominant,2
B,6242,11.52,1,3.0,Many trees of the same species,B,dominant,1
B,6266,22.78,2,1.0,Single tree,C,co-dominant,1
B,6283,11.54,1,1.0,Single tree,C,co-dominant,0
B,6285,18.07,3,3.0,Many trees of the same species,E,roadside,1
B,6286,6.88,8,1.0,Single tree,E,roadside,1
B,6289,9.48,5,1.0,Single tree,D,smaller tree next to larger tree,1
B,6333,18.44,3,2.0,Large tree with undergrowth,E,roadside,0
B,6363,22.48,9,3.1,Many trees of many species,B,dominant,1
B,6371,7.04,1,1.0,Single tree,C,co-dominant,1
B,6375,6.98,1,1.0,Single tree,C,co-dominant,1
B,6376,8.13,1,1.0,Single tree,B,dominant,2
B,6379,24.05,2,1.0,Single tree,B,dominant,1
B,6380,23.67,1,3.1,Many trees of many species,C,co-dominant,1
B,6400,7.36,1,1.0,Single tree,C,co-dominant,1
B,6414,7.48,1,1.0,Single tree,C,co-dominant,1
B,6418,16.82,1,1.0,Single tree,C,co-dominant,1
B,6431,7.82,1,1.0,Single tree,C,co-dominant,2
B,6436,8.25,8,1.0,Single tree,E,roadside,1
B,6440,15.2,1,1.0,Single tree,C,co-dominant,1
B,6464,7.48,1,1.0,Single tree,C,co-dominant,0
B,6469,22.22,2,1.0,Single tree,C,co-dominant,0
B,6484,7.34,1,1.0,Single tree,C,co-dominant,0
B,6486,16.88,3,1.0,Single tree,E,roadside,1
B,6507,6.84,1,1.0,Single tree,C,co-dominant,2
B,6508,8.61,8,1.0,Single tree,E,roadside,2
B,6512,7.13,6,1.0,Single tree,C,co-dominant,1
B,6532,18.92,3,1.0,Single tree,E,roadside,1
B,6541,8.43,3,4.0,Tree section,A,isolated,1
B,6567,17.35,2,1.0,Single tree,C,co-dominant,1
B,6597,10.75,1,1.0,Single tree,B,dominant,1
B,6608,7.84,8,1.0,Single tree,E,roadside,1
B,6611,7.85,1,1.0,Single tree,C,co-dominant,1
B,6615,23.19,1,1.0,Single tree,B,dominant,1
B,6630,21.76,1,3.1,Many trees of many species,C,co-dominant,1
B,6655,6.93,1,1.0,Single tree,C,co-dominant,1
B,6669,11.37,1,1.0,Single tree,B,dominant,1
B,6673,15.69,1,1.0,Single tree,E,roadside,0
B,6679,15.38,1,1.0,Single tree,C,co-dominant,2
B,6683,14.85,4,2.0,Large tree with undergrowth,C,co-dominant,1
B,6696,8.3,1,3.1,Many trees of many species,C,co-dominant,0
B,6714,11.63,1,1.0,Single tree,C,co-dominant,2
B,6729,16.2,3,3.1,Many trees of many species,C,co-dominant,2
B,6734,7.86,1,1.0,Single tree,B,dominant,1
B,6742,8.8,1,3.1,Many trees of many species,C,co-dominant,1
B,6743,8.07,6,3.1,Many trees of many species,C,co-dominant,0
B,6747,13.57,9,1.0,Single tree,C,co-dominant,0
B,6754,13.15,3,4.0,Tree section,C,co-dominant,1
B,6765,12.6,1,2.0,Large tree with undergrowth,C,co-dominant,1
B,6766,14.98,3,3.1,Many trees of many species,C,co-dominant,1
B,6771,14.89,1,1.0,Single tree,E,roadside,1
B,6780,7.29,8,1.0,Single tree,E,roadside,1
B,6786,22.07,2,1.0,Single tree,B,dominant,1
B,6789,8.86,5,1.0,Single tree,C,co-dominant,2
B,6790,11.81,1,2.0,Large tree with undergrowth,C,co-dominant,1
B,6793,22.26,1,1.0,Single tree,B,dominant,1
B,6794,25.81,3,1.0,Single tree,C,co-dominant,1
B,6849,10.32,3,1.0,Single tree,C,co-dominant,1
B,6855,7.94,8,1.0,Single tree,E,roadside,1
B,6870,12.73,9,1.0,Single tree,C,co-dominant,1
B,6925,12.59,9,3.0,Many trees of the same species,B,dominant,1
B,6939,11.64,1,3.1,Many trees of many species,C,co-dominant,2
B,6941,7.65,8,1.0,Single tree,E,roadside,0
B,6967,8.12,1,1.0,Single tree,C,co-dominant,0
B,6972,9.85,9,1.0,Single tree,C,co-dominant,1
B,7018,15.03,1,1.0,Single tree,E,roadside,1
B,7056,16.78,5,1.0,Single tree,C,co-dominant,1
B,7058,12.09,9,3.1,Many trees of many species,C,co-dominant,1
B,7066,7.59,1,1.0,Single tree,C,co-dominant,2
B,7069,8.86,3,1.0,Single tree,C,co-dominant,0
B,7074,20.01,2,1.0,Single tree,C,co-dominant,2
B,7075,22.62,2,1.0,Single tree,C,co-dominant,2
B,7095,7.64,8,1.0,Single tree,E,roadside,1
B,7101,10.43,1,1.0,Single tree,C,co-dominant,1
B,7103,7.58,3,1.0,Single tree,C,co-dominant,1
B,7111,20.41,3,3.0,Many trees of the same species,A,isolated,1
B,7116,24.08,3,1.0,Single tree,C,co-dominant,1
B,7156,8.07,1,1.0,Single tree,C,co-dominant,0
B,7163,22.62,2,1.0,Single tree,B,dominant,1
B,7174,28.9,2,1.0,Single tree,B,dominant,2
B,7176,12.75,4,1.0,Single tree,B,dominant,1
B,7182,10.83,1,3.1,Many trees of many species,B,dominant,1
B,7185,8.55,8,1.0,Single tree,E,roadside,1
B,7190,24.92,2,1.0,Single tree,B,dominant,1
B,7201,10.87,3,1.0,Single tree,B,dominant,2
B,7250,21.56,2,1.0,Single tree,C,co-dominant,1
B,7252,9.3,1,1.0,Single tree,C,co-dominant,1
B,7253,11.97,1,1.0,Single tree,C,co-dominant,1
B,7271,8.65,5,1.0,Single tree,C,co-dominant,2
B,7278,12.29,4,1.0,Single tree,C,co-dominant,1
B,7301,12.3,1,1.0,Single tree,C,co-dominant,0
B,7318,11.49,1,3.0,Many trees of the same species,C,co-dominant,1
B,7337,25.85,3,1.0,Single tree,B,dominant,0
B,7364,13.94,1,1.0,Single tree,E,roadside,1
B,7376,13.86,1,2.0,Large tree with undergrowth,C,co-dominant,1
B,7378,14.74,1,1.0,Single tree,B,dominant,1
B,7379,11.88,1,3.0,Many trees of the same species,C,co-dominant,0
B,7413,11.92,1,1.0,Single tree,C,co-dominant,1
B,7414,13.01,1,1.0,Single tree,C,co-dominant,1
B,7443,13.51,1,4.0,Tree section,C,co-dominant,2
B,7466,14.22,1,1.0,Single tree,B,dominant,0
B,7472,6.52,8,1.0,Single tree,E,roadside,0
B,7484,11.31,1,1.0,Single tree,C,co-dominant,1
B,7501,13.93,1,1.0,Single tree,C,co-dominant,1
B,7505,13.35,3,1.0,Single tree,C,co-dominant,2
B,7510,19.43,1,1.0,Single tree,C,co-dominant,1
B,7516,10.54,1,3.0,Many trees of the same species,C,co-dominant,1
B,7517,11.63,1,1.0,Single tree,C,co-dominant,1
B,7535,7.61,1,2.0,Large tree with undergrowth,B,dominant,0
B,7537,13.71,1,3.1,Many trees of many species,C,co-dominant,2
B,7554,11.57,4,1.0,Single tree,B,dominant,2
B,7564,14.33,1,3.1,Many trees of many species,B,dominant,1
B,7594,15.32,1,3.1,Many trees of many species,B,dominant,2
B,7617,19.62,3,1.0,Single tree,E,roadside,2
B,7625,12.51,1,3.1,Many trees of many species,C,co-dominant,1
B,7629,8.35,8,1.0,Single tree,E,roadside,1
B,7660,19.91,3,1.0,Single tree,C,co-dominant,1
B,7677,8.35,8,1.0,Single tree,E,roadside,1
B,7680,13.62,4,4.0,Tree section,C,co-dominant,1
B,7685,9.42,3,1.0,Single tree,B,dominant,2
B,7686,10.01,1,1.0,Single tree,C,co-dominant,2
B,7689,18.74,1,1.0,Single tree,C,co-dominant,1
B,7695,23.17,3,1.0,Single tree,C,co-dominant,1
B,7698,19.31,1,1.0,Single tree,C,co-dominant,1
B,7699,22.55,3,1.0,Single tree,C,co-dominant,1
B,7719,22.55,1,1.0,Single tree,B,dominant,1
B,7723,13.11,1,1.0,Single tree,C,co-dominant,1
B,7727,20.68,9,3.1,Many trees of many species,B,dominant,1
B,7728,6.96,8,1.0,Single tree,E,roadside,1
B,7735,20.41,3,1.0,Single tree,B,dominant,1
B,7737,21.22,1,2.0,Large tree with undergrowth,B,dominant,0
B,7745,10.36,1,1.0,Single tree,B,dominant,1
B,7753,16.62,3,4.0,Tree section,E,roadside,1
B,7788,16.92,1,1.0,Single tree,C,co-dominant,2
B,7789,20.98,1,2.0,Large tree with undergrowth,C,co-dominant,1
B,7796,24.33,2,3.0,Many trees of the same species,B,dominant,1
B,7798,22.02,3,3.0,Many trees of the same species,C,co-dominant,1
B,7803,10.97,1,1.0,Single tree,C,co-dominant,1
B,7809,17.71,1,1.0,Single tree,C,co-dominant,1
B,7815,8.3,1,1.0,Single tree,C,co-dominant,0
B,7816,11.52,1,1.0,Single tree,C,co-dominant,1
B,7823,26.54,3,3.0,Many trees of the same species,B,dominant,0
B,7830,18.01,1,1.0,Single tree,B,dominant,0
B,7838,8.51,1,1.0,Single tree,B,dominant,2
B,7851,19.3,1,3.1,Many trees of many species,C,co-dominant,0
B,7859,16.3,9,1.0,Single tree,C,co-dominant,0
B,7875,20.25,1,3.1,Many trees of many species,B,dominant,0
B,7876,17.47,1,1.0,Single tree,B,dominant,1
B,7877,16.63,1,1.0,Single tree,C,co-dominant,2
B,7896,25.62,5,1.0,Single tree,C,co-dominant,2
B,7901,9.0,1,1.0,Single tree,B,dominant,1
B,7905,10.75,1,1.0,Single tree,C,co-dominant,1
B,7917,25.63,5,1.0,Single tree,C,co-dominant,1
B,7932,19.24,4,1.0,Single tree,D,smaller tree next to larger tree,1
B,7933,16.36,1,1.0,Single tree,C,co-dominant,0
B,7937,10.2,1,3.0,Many trees of the same species,C,co-dominant,1
B,7954,7.38,8,1.0,Single tree,E,roadside,0
B,7967,19.06,1,2.0,Large tree with undergrowth,C,co-dominant,1
B,7982,14.79,1,1.0,Single tree,C,co-dominant,2
B,7983,16.62,1,1.0,Single tree,C,co-dominant,1
B,7984,15.82,1,1.0,Single tree,C,co-dominant,2
B,7985,26.12,3,1.0,Single tree,C,co-dominant,1
B,7994,19.54,3,3.1,Many trees of many species,E,roadside,1
B,7996,15.97,1,1.0,Single tree,C,co-dominant,2
B,7997,16.7,1,3.0,Many trees of the same species,C,co-dominant,2
B,7998,15.03,1,1.0,Single tree,C,co-dominant,1
B,8013,17.89,1,1.0,Single tree,A,isolated,1
B,8025,11.92,4,1.0,Single tree,A,isolated,1
B,8026,19.59,5,1.0,Single tree,B,dominant,0
B,8032,10.19,3,1.0,Single tree,C,co-dominant,2
B,8035,14.65,3,1.0,Single tree,A,isolated,1
B,8036,17.29,1,1.0,Single tree,B,dominant,2
B,8041,10.65,1,1.0,Single tree,C,co-dominant,1
B,8052,25.73,5,1.0,Single tree,C,co-dominant,1
B,8053,17.1,1,3.0,Many trees of the same species,B,dominant,1
B,8059,12.32,1,3.1,Many trees of many species,B,dominant,0
B,8062,16.33,1,1.0,Single tree,C,co-dominant,2
B,8068,10.03,1,1.0,Single tree,C,co-dominant,0
B,8099,17.91,3,1.0,Single tree,E,roadside,1
B,8122,17.95,1,1.0,Single tree,B,dominant,1
B,8123,16.81,1,1.0,Single tree,B,dominant,1
B,8126,11.88,1,2.0,Large tree with undergrowth,C,co-dominant,1
B,8127,10.44,1,1.0,Single tree,C,co-dominant,1
B,8145,11.46,1,1.0,Single tree,C,co-dominant,1
B,8146,12.16,1,1.0,Single tree,C,co-dominant,2
B,8151,16.72,3,1.0,Single tree,E,roadside,1
B,8152,26.47,3,3.0,Many trees of the same species,B,dominant,1
B,8155,15.13,1,3.0,Many trees of the same species,B,dominant,1
B,8156,9.05,1,1.0,Single tree,C,co-dominant,1
B,8174,10.77,1,1.0,Single tree,C,co-dominant,1
B,8181,19.8,2,1.0,Single tree,C,co-dominant,1
B,8190,12.15,1,3.0,Many trees of the same species,C,co-dominant,0
B,8192,17.05,9,3.0,Many trees of the same species,C,co-dominant,1
B,8197,7.96,8,1.0,Single tree,E,roadside,0
B,8200,20.58,1,2.0,Large tree with undergrowth,B,dominant,2
B,8201,22.76,3,3.0,Many trees of the same species,B,dominant,1
B,8207,9.95,1,3.0,Many trees of the same species,C,co-dominant,0
B,8240,10.98,2,1.0,Single tree,C,co-dominant,2
B,8241,10.14,1,1.0,Single tree,B,dominant,1
B,8248,15.8,1,1.0,Single tree,E,roadside,0
B,8250,24.78,1,2.0,Large tree with undergrowth,B,dominant,1
B,8260,14.08,1,1.0,Single tree,B,dominant,0
B,8261,11.87,1,1.0,Single tree,C,co-dominant,1
B,8269,22.94,1,1.0,Single tree,C,co-dominant,0
B,8278,8.68,1,1.0,Single tree,C,co-dominant,1
B,8287,11.85,1,1.0,Single tree,C,co-dominant,1
B,8294,23.99,1,1.0,Single tree,B,dominant,1
B,8306,7.77,7,1.0,Single tree,B,dominant,1
B,8344,13.13,1,2.0,Large tree with undergrowth,C,co-dominant,1
B,8351,23.89,1,1.0,Single tree,C,co-dominant,1
B,8361,20.93,1,1.0,Single tree,C,co-dominant,1
B,8366,12.41,1,1.0,Single tree,C,co-dominant,1
B,8369,7.92,8,1.0,Single tree,E,roadside,1
B,8381,12.59,1,1.0,Single tree,B,dominant,1
B,8395,6.53,8,1.0,Single tree,E,roadside,1
B,8398,15.08,1,1.0,Single tree,E,roadside,2
B,8402,21.79,1,3.0,Many trees of the same species,C,co-dominant,1
B,8408,9.34,1,1.0,Single tree,C,co-dominant,1
B,8433,13.88,1,1.0,Single tree,B,dominant,1
B,8459,6.48,9,4.0,Tree section,D,smaller tree next to larger tree,2
B,8467,14.82,3,1.0,Single tree,B,dominant,1
B,8469,14.35,1,1.0,Single tree,C,co-dominant,0
B,8476,13.33,1,1.0,Single tree,C,co-dominant,1
B,8500,6.9,7,1.0,Single tree,B,dominant,0
B,8517,26.94,3,1.0,Single tree,B,dominant,1
B,8529,12.89,1,2.0,Large tree with undergrowth,C,co-dominant,2
B,8539,11.65,1,3.1,Many trees of many species,C,co-dominant,1
B,8543,14.88,1,1.0,Single tree,C,co-dominant,1
B,8545,18.96,1,1.0,Single tree,A,isolated,1
B,8546,18.58,1,1.0,Single tree,C,co-dominant,1
B,8558,19.75,3,1.0,Single tree,B,dominant,1
B,8560,25.22,3,3.1,Many trees of many species,B,dominant,0
B,8561,16.45,1,1.0,Single tree,C,co-dominant,1
B,8567,19.32,3,3.0,Many trees of the same species,C,co-dominant,1
B,8571,23.34,3,1.0,Single tree,C,co-dominant,2
B,8573,22.56,3,3.1,Many trees of many species,B,dominant,1
B,8580,17.66,3,1.0,Single tree,C,co-dominant,1
B,8592,8.16,7,1.0,Single tree,C,co-dominant,1
B,8593,7.79,9,1.0,Single tree,C,co-dominant,1
B,8594,22.84,2,1.0,Single tree,B,dominant,1
B,8626,6.29,8,1.0,Single tree,E,roadside,1
B,8629,19.75,3,1.0,Single tree,B,dominant,1
B,8641,7.41,8,1.0,Single tree,E,roadside,2
B,8647,21.27,3,1.0,Single tree,B,dominant,1
B,8652,13.03,1,1.0,Single tree,E,roadside,1
B,8658,19.47,1,1.0,Single tree,B,dominant,1
B,8659,20.37,1,1.0,Single tree,A,isolated,1
B,8668,17.86,1,3.0,Many trees of the same species,B,dominant,1
B,8670,28.26,3,1.0,Single tree,B,dominant,1
B,8671,23.7,3,1.0,Single tree,B,dominant,1
B,8672,20.2,1,1.0,Single tree,E,roadside,1
B,8682,25.3,3,1.0,Single tree,B,dominant,1
B,8683,24.08,3,1.0,Single tree,C,co-dominant,2
B,8706,22.21,1,3.0,Many trees of the same species,C,co-dominant,1
B,8722,7.58,8,1.0,Single tree,E,roadside,1
B,8723,18.82,1,1.0,Single tree,E,roadside,1
B,8745,14.69,1,1.0,Single tree,E,roadside,1
B,8746,13.44,1,1.0,Single tree,E,roadside,1
B,8750,22.93,1,1.0,Single tree,C,co-dominant,2
B,8760,19.49,3,1.0,Single tree,C,co-dominant,1
B,8770,23.95,1,1.0,Single tree,C,co-dominant,1
B,8782,7.27,8,1.0,Single tree,E,roadside,1
B,8804,18.37,3,1.0,Single tree,C,co-dominant,1
B,8811,16.6,1,1.0,Single tree,E,roadside,2
B,8831,20.85,1,1.0,Single tree,E,roadside,1
B,8841,17.37,3,1.0,Single tree,C,co-dominant,1
B,8845,24.07,1,1.0,Single tree,B,dominant,1
B,8846,16.69,1,1.0,Single tree,E,roadside,2
B,8853,18.42,1,2.0,Large tree with undergrowth,B,dominant,1
B,8866,9.59,1,3.1,Many trees of many species,D,smaller tree next to larger tree,1
B,8870,13.77,1,1.0,Single tree,E,roadside,1
B,8879,16.96,3,1.0,Single tree,C,co-dominant,2
B,8899,18.53,1,2.0,Large tree with undergrowth,E,roadside,1
B,8929,14.54,3,1.0,Single tree,E,roadside,1
B,8941,19.23,2,1.0,Single tree,E,roadside,1
B,8968,7.49,4,1.0,Single tree,A,isolated,1
B,8982,8.85,4,1.0,Single tree,C,co-dominant,0
B,9014,20.28,3,1.0,Single tree,E,roadside,1
B,9015,18.25,2,1.0,Single tree,E,roadside,1
B,9018,23.11,1,1.0,Single tree,C,co-dominant,1
B,9020,21.17,1,1.0,Single tree,E,roadside,1
B,9027,18.77,1,2.0,Large tree with undergrowth,C,co-dominant,1
B,9053,6.91,2,1.0,Single tree,E,roadside,1
B,9054,6.61,2,1.0,Single tree,E,roadside,1
B,9076,18.5,5,2.0,Large tree with undergrowth,C,co-dominant,1
B,9078,22.56,1,4.0,Tree section,C,co-dominant,1
B,9092,15.72,1,1.0,Single tree,B,dominant,1
B,9107,20.65,3,1.0,Single tree,E,roadside,1
B,9108,8.39,8,1.0,Single tree,E,roadside,2
B,9113,18.62,3,1.0,Single tree,B,dominant,1
B,9114,18.93,5,1.0,Single tree,B,dominant,0
B,9125,6.62,8,1.0,Single tree,E,roadside,2
B,9159,20.1,1,1.0,Single tree,E,roadside,2
B,9171,7.77,4,1.0,Single tree,E,roadside,1
B,9184,18.96,1,2.0,Large tree with undergrowth,B,dominant,2
B,9187,17.19,5,1.0,Single tree,C,co-dominant,1
B,9209,11.34,4,1.0,Single tree,E,roadside,0
B,9214,20.93,1,1.0,Single tree,E,roadside,1
B,9229,6.7,8,1.0,Single tree,E,roadside,1
B,9273,17.4,1,1.0,Single tree,C,co-dominant,1
B,9275,21.59,1,1.0,Single tree,C,co-dominant,1
B,9300,17.9,3,1.0,Single tree,B,dominant,2
B,9301,10.34,4,1.0,Single tree,E,roadside,1
B,9309,21.08,3,1.0,Single tree,E,roadside,1
B,9324,10.03,4,1.0,Single tree,E,roadside,1
B,9328,21.42,3,1.0,Single tree,E,roadside,1
B,9346,6.84,8,1.0,Single tree,E,roadside,1
B,9376,20.28,1,1.0,Single tree,E,roadside,0
B,9405,8.33,8,1.0,Single tree,E,roadside,1
B,9408,17.84,1,1.0,Single tree,C,co-dominant,1
B,9451,17.47,1,1.0,Single tree,C,co-dominant,1
B,9453,19.93,3,1.0,Single tree,E,roadside,0
B,9467,24.31,3,3.0,Many trees of the same species,B,dominant,1
B,9525,18.28,1,1.0,Single tree,C,co-dominant,1
B,9536,16.09,3,4.0,Tree section,C,co-dominant,0
B,9586,18.34,1,3.1,Many trees of many species,E,roadside,1
B,9596,16.65,4,4.0,Tree section,C,co-dominant,0
B,9597,22.31,1,2.0,Large tree with undergrowth,B,dominant,1
B,9600,15.38,5,1.0,Single tree,B,dominant,2
B,9610,9.48,5,2.0,Large tree with undergrowth,C,co-dominant,2
B,9611,20.99,1,3.1,Many trees of many species,B,dominant,0
B,9612,16.78,5,1.0,Single tree,C,co-dominant,1
B,9616,8.47,4,1.0,Single tree,E,roadside,1
B,9666,18.92,5,2.0,Large tree with undergrowth,C,co-dominant,1
B,9669,14.76,1,1.0,Single tree,C,co-dominant,1
B,9687,14.66,1,1.0,Single tree,C,co-dominant,1
B,9719,18.85,3,3.1,Many trees of many species,C,co-dominant,1
B,9725,18.04,1,1.0,Single tree,E,roadside,1
B,9738,16.71,1,1.0,Single tree,C,co-dominant,1
B,9754,13.26,1,4.0,Tree section,C,co-dominant,1
B,9756,13.28,1,1.0,Single tree,C,co-dominant,1
B,9778,10.82,1,1.0,Single tree,C,co-dominant,2
B,9816,15.11,1,1.0,Single tree,B,dominant,1
B,9832,16.9,1,1.0,Single tree,C,co-dominant,2
B,9858,17.22,1,2.0,Large tree with undergrowth,B,dominant,1
B,9862,17.38,1,1.0,Single tree,E,roadside,1
B,9877,13.26,1,1.0,Single tree,C,co-dominant,0
B,9878,12.51,1,1.0,Single tree,C,co-dominant,2
B,9879,15.04,1,1.0,Single tree,C,co-dominant,1
B,9880,9.64,4,4.0,Tree section,C,co-dominant,1
B,9927,16.71,1,1.0,Single tree,B,dominant,1
B,9929,10.11,4,1.0,Single tree,C,co-dominant,1
B,9933,23.15,3,1.0,Single tree,B,dominant,0
B,9948,13.73,5,1.0,Single tree,C,co-dominant,2
B,9964,14.2,1,2.0,Large tree with undergrowth,B,dominant,1
B,9965,8.7,4,4.0,Tree section,C,co-dominant,1
B,9980,12.7,5,1.0,Single tree,C,co-dominant,1
B,9989,14.39,1,2.0,Large tree with undergrowth,B,dominant,1
B,9990,10.21,4,1.0,Single tree,B,dominant,2
B,10025,17.54,1,1.0,Single tree,E,roadside,2
B,10037,12.42,1,2.0,Large tree with undergrowth,C,co-dominant,0
B,10038,9.65,1,3.0,Many trees of the same species,C,co-dominant,1
B,10057,14.67,1,3.1,Many trees of many species,C,co-dominant,0
B,10059,17.52,5,1.0,Single tree,C,co-dominant,1
B,10092,17.09,1,1.0,Single tree,C,co-dominant,1
B,10106,11.97,1,1.0,Single tree,C,co-dominant,1
B,10108,9.64,4,4.0,Tree section,C,co-dominant,0
B,10109,12.43,4,4.0,Tree section,C,co-dominant,1
B,10112,15.53,1,1.0,Single tree,E,roadside,2
B,10125,12.35,1,4.0,Tree section,C,co-dominant,1
B,10127,11.27,4,1.0,Single tree,C,co-dominant,0
B,10145,16.72,3,1.0,Single tree,C,co-dominant,1
B,10146,11.79,4,1.0,Single tree,B,dominant,0
B,10165,12.46,4,4.0,Tree section,C,co-dominant,1
B,10178,22.43,1,3.0,Many trees of the same species,B,dominant,1
B,10179,9.38,4,1.0,Single tree,C,co-dominant,0
B,10199,10.11,4,1.0,Single tree,C,co-dominant,0
B,10200,13.27,4,1.0,Single tree,B,dominant,1
B,10202,19.05,1,1.0,Single tree,C,co-dominant,1
B,10211,9.42,1,1.0,Single tree,C,co-dominant,1
B,10212,10.5,1,1.0,Single tree,C,co-dominant,1
B,10224,9.86,1,1.0,Single tree,A,isolated,1
B,10226,20.14,3,4.0,Tree section,B,dominant,1
B,10227,17.81,1,1.0,Single tree,C,co-dominant,1
B,10228,11.26,1,1.0,Single tree,C,co-dominant,1
B,10229,11.35,4,1.0,Single tree,C,co-dominant,1
B,10271,14.07,1,1.0,Single tree,C,co-dominant,1
B,10303,11.76,1,1.0,Single tree,C,co-dominant,2
B,10304,14.36,1,3.0,Many trees of the same species,B,dominant,0
B,10306,21.27,1,3.0,Many trees of the same species,E,roadside,2
B,10318,7.24,7,1.0,Single tree,A,isolated,2
B,10319,19.3,3,1.0,Single tree,C,co-dominant,1
B,10320,14.62,1,1.0,Single tree,B,dominant,1
B,10340,6.8,3,4.0,Tree section,B,dominant,1
B,10343,8.4,4,1.0,Single tree,C,co-dominant,1
B,10364,8.82,4,4.0,Tree section,C,co-dominant,2
B,10391,13.3,1,1.0,Single tree,C,co-dominant,1
B,10392,15.07,2,1.0,Single tree,C,co-dominant,1
B,10405,9.9,1,2.0,Large tree with undergrowth,C,co-dominant,1
B,10418,12.79,1,1.0,Single tree,B,dominant,1
B,10422,21.5,1,3.0,Many trees of the same species,E,roadside,1
B,10430,6.02,3,1.0,Single tree,C,co-dominant,2
B,10432,12.0,1,2.0,Large tree with undergrowth,C,co-dominant,2
B,10434,11.94,1,3.0,Many trees of the same species,C,co-dominant,1
B,10438,19.13,1,1.0,Single tree,E,roadside,1
B,10456,19.2,3,1.0,Single tree,E,roadside,1
B,10482,11.55,1,1.0,Single tree,A,isolated,0
B,10496,18.82,3,4.0,Tree section,C,co-dominant,1
B,10513,16.5,3,1.0,Single tree,C,co-dominant,1
B,10530,13.17,1,1.0,Single tree,C,co-dominant,0
B,10543,13.51,5,2.0,Large tree with undergrowth,C,co-dominant,2
B,10561,18.32,1,3.0,Many trees of the same species,E,roadside,1
B,10570,19.14,3,4.0,Tree section,C,co-dominant,1
B,10590,9.45,1,1.0,Single tree,C,co-dominant,1
B,10604,15.48,1,1.0,Single tree,A,isolated,1
B,10607,22.31,1,1.0,Single tree,E,roadside,2
B,10621,17.48,3,1.0,Single tree,C,co-dominant,1
B,10653,7.01,7,1.0,Single tree,C,co-dominant,1
B,10654,18.7,3,3.1,Many trees of many species,C,co-dominant,0
B,10656,14.32,1,1.0,Single tree,C,co-dominant,2
B,10685,16.33,3,4.0,Tree section,C,co-dominant,2
B,10696,13.45,1,1.0,Single tree,C,co-dominant,1
B,10700,19.71,1,1.0,Single tree,E,roadside,1
B,10734,14.1,3,1.0,Single tree,C,co-dominant,0
B,10743,19.34,3,1.0,Single tree,B,dominant,1
B,10758,17.78,3,1.0,Single tree,A,isolated,1
B,10764,17.79,1,1.0,Single tree,E,roadside,0
B,10775,21.42,3,1.0,Single tree,C,co-dominant,2
B,10786,15.71,1,1.0,Single tree,C,co-dominant,1
B,10788,18.39,3,1.0,Single tree,C,co-dominant,1
B,10799,14.68,1,1.0,Single tree,C,co-dominant,1
B,10808,17.2,1,1.0,Single tree,A,isolated,0
B,10811,14.45,3,1.0,Single tree,B,dominant,1
B,10813,23.22,3,1.0,Single tree,C,co-dominant,2
B,10841,11.24,1,1.0,Single tree,B,dominant,0
B,10843,15.32,1,2.0,Large tree with undergrowth,C,co-dominant,1
B,10846,16.74,1,3.0,Many trees of the same species,E,roadside,1
B,10857,13.87,2,1.0,Single tree,C,co-dominant,1
B,10862,17.96,1,1.0,Single tree,E,roadside,1
B,10863,18.08,1,1.0,Single tree,E,roadside,2
B,10872,13.76,1,1.0,Single tree,C,co-dominant,1
B,10881,17.69,1,1.0,Single tree,A,isolated,0
B,10885,15.3,1,2.0,Large tree with undergrowth,C,co-dominant,1
B,10897,17.59,1,1.0,Single tree,C,co-dominant,1
B,10899,15.42,1,1.0,Single tree,C,co-dominant,1
B,10915,12.37,1,1.0,Single tree,C,co-dominant,2
B,10954,16.45,1,1.0,Single tree,C,co-dominant,2
B,10965,16.3,1,1.0,Single tree,A,isolated,1
B,10968,18.69,1,1.0,Single tree,E,roadside,2
B,10977,7.11,1,1.0,Single tree,C,co-dominant,1
B,10981,19.37,1,1.0,Single tree,E,roadside,1
B,10982,18.35,1,1.0,Single tree,E,roadside,1
B,10988,18.6,1,1.0,Single tree,C,co-dominant,2
B,10991,18.5,3,3.0,Many trees of the same species,C,co-dominant,0
B,10992,13.53,2,1.0,Single tree,D,smaller tree next to larger tree,1
B,11033,18.1,1,1.0,Single tree,B,dominant,2
B,11035,18.14,1,1.0,Single tree,E,roadside,1
B,11044,10.98,1,1.0,Single tree,B,dominant,1
B,11058,18.92,1,1.0,Single tree,B,dominant,1
B,11060,15.94,1,1.0,Single tree,C,co-dominant,0
B,11091,20.44,1,1.0,Single tree,E,roadside,0
B,11092,18.89,1,1.0,Single tree,E,roadside,1
B,11106,16.1,1,1.0,Single tree,E,roadside,1
B,11129,10.99,3,1.0,Single tree,C,co-dominant,1
B,11148,8.6,4,1.0,Single tree,C,co-dominant,1
B,11149,25.38,3,3.1,Many trees of many species,A,isolated,2
B,11152,19.71,3,1.0,Single tree,E,roadside,1
B,11163,7.01,7,1.0,Single tree,A,isolated,2
B,11164,10.08,6,4.0,Tree section,D,smaller tree next to larger tree,1
B,11179,6.88,6,4.0,Tree section,D,smaller tree next to larger tree,2
B,11180,17.78,1,3.0,Many trees of the same species,B,dominant,1
B,11195,16.1,1,1.0,Single tree,C,co-dominant,1
B,11213,17.68,1,1.0,Single tree,C,co-dominant,1
B,11226,15.77,1,1.0,Single tree,C,co-dominant,2
B,11234,19.8,1,1.0,Single tree,E,roadside,0
B,11243,17.5,1,3.0,Many trees of the same species,B,dominant,1
B,11249,17.31,1,1.0,Single tree,E,roadside,1
B,11250,19.76,1,1.0,Single tree,E,roadside,0
B,11256,15.6,3,1.0,Single tree,B,dominant,1
B,11284,8.74,8,1.0,Single tree,A,isolated,0
B,11305,17.05,2,1.0,Single tree,C,co-dominant,1
B,11311,7.97,4,1.0,Single tree,C,co-dominant,1
B,11323,15.63,1,1.0,Single tree,A,isolated,2
B,11329,24.72,2,1.0,Single tree,C,co-dominant,1
B,11351,17.49,1,1.0,Single tree,E,roadside,1
B,11361,15.54,1,1.0,Single tree,B,dominant,1
B,11375,15.85,1,2.0,Large tree with undergrowth,C,co-dominant,1
B,11392,14.22,1,1.0,Single tree,C,co-dominant,1
B,11404,16.34,1,2.0,Large tree with undergrowth,B,dominant,1
B,11406,7.46,1,1.0,Single tree,C,co-dominant,1
B,11407,16.88,1,1.0,Single tree,E,roadside,1
B,11419,10.21,5,1.0,Single tree,D,smaller tree next to larger tree,1
B,11442,17.16,1,1.0,Single tree,C,co-dominant,1
B,11472,26.3,3,1.0,Single tree,A,isolated,0
B,11478,5.93,6,1.0,Single tree,C,co-dominant,1
B,11483,14.55,1,1.0,Single tree,C,co-dominant,1
B,11496,17.96,1,1.0,Single tree,A,isolated,0
B,11549,6.41,5,1.0,Single tree,C,co-dominant,2
B,11568,24.88,2,1.0,Single tree,C,co-dominant,1
B,11579,19.95,1,1.0,Single tree,C,co-dominant,1
B,11580,26.84,6,3.1,Many trees of many species,A,isolated,0
B,11624,15.56,3,1.0,Single tree,B,dominant,2
B,11636,14.12,5,3.1,Many trees of many species,C,co-dominant,0
B,11639,21.89,1,1.0,Single tree,C,co-dominant,2
B,11651,6.23,9,4.0,Tree section,C,co-dominant,1
B,11652,16.65,1,1.0,Single tree,A,isolated,1
B,11653,15.46,1,2.0,Large tree with undergrowth,C,co-dominant,1
B,11664,15.11,3,1.0,Single tree,C,co-dominant,2
B,11700,8.69,5,3.0,Many trees of the same species,E,roadside,1
B,11730,19.5,3,3.1,Many trees of many species,C,co-dominant,1
B,11757,16.8,1,1.0,Single tree,C,co-dominant,1
B,11779,10.99,5,3.0,Many trees of the same species,E,roadside,1
B,11780,15.95,3,1.0,Single tree,B,dominant,1
B,11800,19.78,1,1.0,Single tree,C,co-dominant,0
B,11818,17.12,1,1.0,Single tree,C,co-dominant,2
B,11849,9.98,3,1.0,Single tree,C,co-dominant,1
B,11850,11.6,3,3.0,Many trees of the same species,B,dominant,1
B,11922,12.76,2,3.0,Many trees of the same species,E,roadside,2
B,11930,18.08,1,2.0,Large tree with undergrowth,C,co-dominant,1
B,11931,20.87,1,1.0,Single tree,B,dominant,1
B,11956,20.8,3,1.0,Single tree,B,dominant,1
B,12018,14.08,1,1.0,Single tree,C,co-dominant,1
B,12030,18.9,5,1.0,Single tree,C,co-dominant,1
B,12044,15.25,1,1.0,Single tree,C,co-dominant,1
B,12070,15.74,2,2.0,Large tree with undergrowth,E,roadside,1
B,12086,13.11,5,3.1,Many trees of many species,C,co-dominant,1
B,12103,12.76,5,3.1,Many trees of many species,C,co-dominant,1
B,12133,13.25,1,1.0,Single tree,C,co-dominant,1
B,12151,16.9,1,1.0,Single tree,B,dominant,1
B,12163,22.92,3,2.0,Large tree with undergrowth,B,dominant,1
B,12170,20.96,2,1.0,Single tree,C,co-dominant,0
B,12174,13.32,5,4.0,Tree section,C,co-dominant,1
B,12189,14.96,1,1.0,Single tree,C,co-dominant,1
B,12199,10.42,5,4.0,Tree section,C,co-dominant,1
B,12200,10.2,5,1.0,Single tree,C,co-dominant,1
B,12224,15.42,1,1.0,Single tree,C,co-dominant,2
B,12247,10.83,4,1.0,Single tree,B,dominant,0
B,12259,15.32,1,1.0,Single tree,C,co-dominant,2
B,12262,13.43,5,1.0,Single tree,C,co-dominant,1
B,12277,10.15,4,1.0,Single tree,C,co-dominant,0
B,12279,15.09,1,1.0,Single tree,C,co-dominant,1
B,12292,16.06,1,1.0,Single tree,C,co-dominant,1
B,12307,14.32,1,1.0,Single tree,C,co-dominant,1
B,12310,22.06,3,1.0,Single tree,B,dominant,0
B,12329,18.02,3,1.0,Single tree,C,co-dominant,1
B,12331,13.78,1,1.0,Single tree,C,co-dominant,0
B,12347,13.41,1,2.0,Large tree with undergrowth,C,co-dominant,0
B,12348,15.71,3,4.0,Tree section,C,co-dominant,0
B,12366,15.21,1,1.0,Single tree,C,co-dominant,1
B,12380,16.46,1,1.0,Single tree,B,dominant,0
B,12413,14.81,1,1.0,Single tree,C,co-dominant,2
B,12417,12.41,1,1.0,Single tree,C,co-dominant,1
B,12428,13.41,1,1.0,Single tree,C,co-dominant,1
B,12430,16.22,3,1.0,Single tree,B,dominant,0
B,12435,22.94,3,1.0,Single tree,E,roadside,1
B,12443,16.81,1,1.0,Single tree,C,co-dominant,1
B,12444,22.99,5,3.0,Many trees of the same species,B,dominant,2
B,12473,19.84,5,1.0,Single tree,C,co-dominant,1
B,12495,17.13,3,1.0,Single tree,B,dominant,1
B,12516,21.33,3,3.1,Many trees of many species,C,co-dominant,1
B,12519,18.3,3,2.0,Large tree with undergrowth,C,co-dominant,1
B,12534,18.2,3,3.0,Many trees of the same species,B,dominant,0
B,12572,18.84,3,1.0,Single tree,B,dominant,1
B,12573,13.56,3,1.0,Single tree,C,co-dominant,1
B,12590,15.53,3,3.1,Many trees of many species,C,co-dominant,1
B,12602,6.31,7,1.0,Single tree,A,isolated,1
B,12610,14.3,9,4.0,Tree section,C,co-dominant,2
B,12614,13.3,1,2.0,Large tree with undergrowth,C,co-dominant,1
B,12622,16.79,3,1.0,Single tree,C,co-dominant,1
B,12703,16.28,3,1.0,Single tree,C,co-dominant,1
B,12712,13.22,3,4.0,Tree section,C,co-dominant,2
B,12723,15.81,5,2.0,Large tree with undergrowth,A,isolated,1
B,12728,13.5,1,1.0,Single tree,C,co-dominant,0
B,12748,14.55,1,3.0,Many trees of the same species,B,dominant,1
B,12749,19.45,3,4.0,Tree section,C,co-dominant,2
B,12759,16.94,5,1.0,Single tree,C,co-dominant,1
B,12767,17.01,3,3.1,Many trees of many species,B,dominant,1
B,12769,20.33,5,2.0,Large tree with undergrowth,C,co-dominant,1
B,12771,19.13,3,3.1,Many trees of many species,C,co-dominant,1
B,12799,20.76,3,3.1,Many trees of many species,E,roadside,1
B,12830,13.37,1,4.0,Tree section,C,co-dominant,1
B,12855,18.72,3,1.0,Single tree,A,isolated,1
B,12893,18.89,1,3.1,Many trees of many species,A,isolated,0
B,12896,17.76,3,1.0,Single tree,B,dominant,2
B,12906,20.74,3,1.0,Single tree,E,roadside,1
B,12910,19.23,3,1.0,Single tree,E,roadside,2
B,12971,19.04,3,1.0,Single tree,C,co-dominant,1
B,13014,20.94,3,1.0,Single tree,E,roadside,0
B,13015,13.71,5,1.0,Single tree,C,co-dominant,1
B,13028,13.99,5,1.0,Single tree,C,co-dominant,1
B,13029,23.41,5,1.0,Single tree,E,roadside,0
B,13037,17.16,3,1.0,Single tree,B,dominant,1
B,13048,20.71,3,1.0,Single tree,C,co-dominant,2
B,13050,19.4,3,1.0,Single tree,E,roadside,2
B,13078,17.65,2,2.0,Large tree with undergrowth,E,roadside,1
B,13115,21.55,3,2.0,Large tree with undergrowth,B,dominant,2
B,13137,23.53,3,1.0,Single tree,E,roadside,0
B,13148,14.85,3,1.0,Single tree,B,dominant,2
B,13164,16.59,3,1.0,Single tree,E,roadside,1
B,13204,17.37,3,1.0,Single tree,E,roadside,1
B,13220,19.39,5,3.0,Many trees of the same species,C,co-dominant,2
B,13238,10.99,4,1.0,Single tree,C,co-dominant,1
B,13247,12.67,2,1.0,Single tree,B,dominant,1
B,13249,24.03,3,1.0,Single tree,E,roadside,2
B,13285,17.45,5,1.0,Single tree,C,co-dominant,1
B,13342,12.51,4,1.0,Single tree,E,roadside,1
B,13349,20.34,1,1.0,Single tree,C,co-dominant,1
B,13384,11.88,4,1.0,Single tree,C,co-dominant,0
B,13418,23.2,1,1.0,Single tree,B,dominant,1
B,13449,9.4,5,3.1,Many trees of many species,C,co-dominant,1
B,13474,16.34,3,3.0,Many trees of the same species,C,co-dominant,1
B,13505,9.02,4,1.0,Single tree,C,co-dominant,1
B,13549,10.5,4,1.0,Single tree,E,roadside,1
B,13553,8.31,4,2.0,Large tree with undergrowth,A,isolated,1
B,13556,9.15,4,1.0,Single tree,C,co-dominant,0
B,13573,19.82,7,1.0,Single tree,C,co-dominant,1
B,13575,16.54,3,1.0,Single tree,C,co-dominant,2
B,13576,9.81,4,1.0,Single tree,C,co-dominant,1
B,13580,19.35,1,1.0,Single tree,B,dominant,1
B,13596,19.94,4,1.0,Single tree,C,co-dominant,2
B,13603,18.79,1,1.0,Single tree,C,co-dominant,2
B,13617,15.21,3,1.0,Single tree,C,co-dominant,1
B,13620,20.64,3,1.0,Single tree,C,co-dominant,1
B,13646,9.07,4,1.0,Single tree,E,roadside,2
B,13653,20.91,1,3.0,Many trees of the same species,C,co-dominant,0
B,13676,21.98,1,3.0,Many trees of the same species,C,co-dominant,1
B,13748,20.97,1,1.0,Single tree,C,co-dominant,1
B,13749,22.12,1,1.0,Single tree,B,dominant,1
B,13750,15.5,1,4.0,Tree section,C,co-dominant,0
B,13761,9.75,4,1.0,Single tree,B,dominant,1
B,13787,23.41,2,1.0,Single tree,C,co-dominant,0
B,13820,11.42,3,3.0,Many trees of the same species,C,co-dominant,1
B,13844,11.15,1,1.0,Single tree,C,co-dominant,2
B,13865,22.65,3,3.1,Many trees of many species,B,dominant,2
B,13881,22.77,3,1.0,Single tree,C,co-dominant,1
B,13882,13.18,1,1.0,Single tree,E,roadside,2
B,13894,11.42,3,3.0,Many trees of the same species,C,co-dominant,2
B,13899,21.32,1,1.0,Single tree,C,co-dominant,1
B,13916,19.52,1,1.0,Single tree,C,co-dominant,2
B,13922,13.58,1,3.1,Many trees of many species,C,co-dominant,2
B,13930,21.02,1,2.0,Large tree with undergrowth,C,co-dominant,2
B,13937,13.58,5,4.0,Tree section,C,co-dominant,1
B,13957,11.88,3,1.0,Single tree,C,co-dominant,1
B,13967,13.81,5,1.0,Single tree,C,co-dominant,1
B,13971,16.91,1,1.0,Single tree,B,dominant,1
B,13975,8.64,4,1.0,Single tree,E,roadside,2
B,13991,21.69,1,1.0,Single tree,B,dominant,0
B,14008,21.67,1,2.0,Large tree with undergrowth,C,co-dominant,1
B,14014,10.24,4,1.0,Single tree,E,roadside,1
B,14015,12.61,3,1.0,Single tree,E,roadside,1
B,14018,12.6,3,3.0,Many trees of the same species,C,co-dominant,1
B,14030,7.59,4,4.0,Tree section,E,roadside,1
B,14031,12.1,3,1.0,Single tree,C,co-dominant,1
B,14055,14.13,4,3.1,Many trees of many species,C,co-dominant,0
B,14056,9.2,4,1.0,Single tree,E,roadside,1
B,14071,25.28,2,1.0,Single tree,A,isolated,1
B,14078,21.11,1,1.0,Single tree,B,dominant,1
B,14084,7.53,4,1.0,Single tree,E,roadside,1
B,14088,13.59,1,1.0,Single tree,E,roadside,2
B,14096,16.01,3,1.0,Single tree,B,dominant,1
B,14097,15.11,1,3.0,Many trees of the same species,C,co-dominant,0
B,14112,8.11,4,1.0,Single tree,B,dominant,0
B,14113,20.29,1,1.0,Single tree,C,co-dominant,2
B,14137,23.45,1,3.0,Many trees of the same species,B,dominant,2
B,14149,20.25,1,1.0,Single tree,C,co-dominant,1
B,14158,9.2,3,1.0,Single tree,B,dominant,1
B,14159,16.63,1,1.0,Single tree,E,roadside,1
B,14162,10.38,9,1.0,Single tree,C,co-dominant,2
B,14168,13.63,1,1.0,Single tree,E,roadside,1
B,14200,15.88,1,1.0,Single tree,C,co-dominant,1
B,14217,22.97,2,1.0,Single tree,C,co-dominant,2
B,14233,20.77,1,1.0,Single tree,B,dominant,1
B,14303,20.39,2,1.0,Single tree,B,dominant,1
B,14305,18.82,7,1.0,Single tree,C,co-dominant,2
B,14322,17.85,1,1.0,Single tree,E,roadside,1
B,14356,17.64,2,1.0,Single tree,A,isolated,1
B,14396,10.41,4,1.0,Single tree,C,co-dominant,1
B,14424,6.85,4,1.0,Single tree,C,co-dominant,1
B,14446,20.74,7,1.0,Single tree,C,co-dominant,2
B,14448,10.06,2,1.0,Single tree,B,dominant,1
B,14468,18.26,2,2.0,Large tree with undergrowth,C,co-dominant,1
B,14469,9.93,2,1.0,Single tree,C,co-dominant,1
B,14503,23.05,3,1.0,Single tree,B,dominant,2
B,14560,21.34,7,1.0,Single tree,B,dominant,1
B,14606,12.4,3,1.0,Single tree,D,smaller tree next to larger tree,1
B,14633,20.76,2,1.0,Single tree,C,co-dominant,1
B,14654,12.38,1,1.0,Single tree,A,isolated,2
B,14673,18.26,7,1.0,Single tree,C,co-dominant,1
B,14677,21.79,3,1.0,Single tree,B,dominant,1
B,14690,24.69,3,1.0,Single tree,B,dominant,1
B,14705,21.98,3,1.0,Single tree,B,dominant,2
B,14706,20.94,5,1.0,Single tree,C,co-dominant,2
B,14733,19.76,3,1.0,Single tree,A,isolated,2
B,14734,6.53,5,1.0,Single tree,C,co-dominant,2
B,14749,6.4,4,1.0,Single tree,A,isolated,1
B,14768,16.32,7,1.0,Single tree,C,co-dominant,1
B,14775,25.73,1,1.0,Single tree,C,co-dominant,2
B,14805,17.28,5,1.0,Single tree,C,co-dominant,1
B,14820,20.21,3,1.0,Single tree,B,dominant,2
B,14828,20.74,1,1.0,Single tree,C,co-dominant,1
B,14843,26.56,1,1.0,Single tree,B,dominant,1
B,14883,20.45,1,1.0,Single tree,C,co-dominant,1
B,14900,19.53,5,3.0,Many trees of the same species,C,co-dominant,1
B,14993,20.33,5,1.0,Single tree,C,co-dominant,1
B,15034,12.53,1,1.0,Single tree,D,smaller tree next to larger tree,0
B,15082,15.06,1,4.0,Tree section,E,roadside,1
B,15128,20.83,3,1.0,Single tree,B,dominant,0
B,15154,16.94,1,4.0,Tree section,E,roadside,2
B,15164,12.76,4,2.0,Large tree with undergrowth,B,dominant,2
B,15175,19.44,1,1.0,Single tree,A,isolated,0
B,15200,8.92,4,1.0,Single tree,C,co-dominant,1
B,15270,17.32,1,1.0,Single tree,E,roadside,1
B,15303,11.43,4,1.0,Single tree,E,roadside,1
B,15313,20.57,5,1.0,Single tree,B,dominant,1
B,15361,11.23,2,1.0,Single tree,E,roadside,1
B,15403,16.1,3,1.0,Single tree,B,dominant,1
B,15408,25.37,5,3.0,Many trees of the same species,C,co-dominant,1
B,15434,13.37,1,1.0,Single tree,C,co-dominant,2
B,15435,18.53,3,1.0,Single tree,C,co-dominant,1
B,15462,20.63,3,1.0,Single tree,C,co-dominant,0
B,15473,6.1,4,1.0,Single tree,E,roadside,1
B,15476,20.74,2,1.0,Single tree,C,co-dominant,1
B,15519,22.42,2,1.0,Single tree,A,isolated,2
B,15522,21.06,5,3.0,Many trees of the same species,B,dominant,1
B,15523,19.8,1,1.0,Single tree,C,co-dominant,1
B,15529,25.92,5,3.0,Many trees of the same species,B,dominant,1
B,15545,9.71,5,1.0,Single tree,B,dominant,1
B,15603,13.73,1,1.0,Single tree,E,roadside,1
B,15612,16.98,3,1.0,Single tree,E,roadside,2
B,15624,12.93,1,1.0,Single tree,C,co-dominant,0
B,15641,21.45,3,1.0,Single tree,A,isolated,1
B,15643,6.3,4,1.0,Single tree,C,co-dominant,0
B,15654,15.7,3,1.0,Single tree,E,roadside,0
B,15660,12.77,4,1.0,Single tree,E,roadside,0
B,15663,25.04,5,1.0,Single tree,C,co-dominant,2
B,15672,18.72,3,2.0,Large tree with undergrowth,B,dominant,1
B,15730,14.65,1,1.0,Single tree,C,co-dominant,1
B,15733,17.99,5,3.0,Many trees of the same species,C,co-dominant,0
B,15780,21.3,3,1.0,Single tree,A,isolated,1
B,15792,23.72,2,1.0,Single tree,B,dominant,0
B,15813,16.09,5,1.0,Single tree,C,co-dominant,1
B,15814,19.85,5,3.0,Many trees of the same species,B,dominant,0
B,15838,16.04,1,1.0,Single tree,B,dominant,1
B,15874,20.45,3,4.0,Tree section,B,dominant,1
B,15889,15.74,1,1.0,Single tree,C,co-dominant,2
B,15930,20.36,3,4.0,Tree section,B,dominant,1
B,15947,19.23,3,1.0,Single tree,C,co-dominant,2
B,15948,21.16,3,4.0,Tree section,B,dominant,2
B,15986,17.86,3,2.0,Large tree with undergrowth,A,isolated,1
B,15987,20.78,1,1.0,Single tree,B,dominant,2
B,16003,12.37,4,1.0,Single tree,C,co-dominant,2
B,16053,24.06,2,3.0,Many trees of the same species,B,dominant,1
B,16062,12.07,1,1.0,Single tree,C,co-dominant,2
B,16066,22.95,5,3.0,Many trees of the same species,B,dominant,1
B,16110,20.18,3,3.1,Many trees of many species,B,dominant,1
B,16152,9.2,4,1.0,Single tree,E,roadside,2
B,16156,10.33,6,1.0,Single tree,C,co-dominant,1
B,16182,20.11,3,3.1,Many trees of many species,C,co-dominant,1
B,16229,8.41,4,1.0,Single tree,E,roadside,1
B,16319,16.75,1,2.0,Large tree with undergrowth,C,co-dominant,1
B,16343,8.14,4,1.0,Single tree,E,roadside,1
B,16377,20.59,3,2.0,Large tree with undergrowth,E,roadside,0
B,16405,19.05,1,1.0,Single tree,C,co-dominant,1
B,16406,20.07,2,1.0,Single tree,C,co-dominant,1
B,16418,12.56,1,1.0,Single tree,E,roadside,1
B,16466,18.54,1,2.0,Large tree with undergrowth,C,co-dominant,1
B,16475,20.87,1,2.0,Large tree with undergrowth,C,co-dominant,1
B,16500,19.38,2,1.0,Single tree,C,co-dominant,0
B,16553,12.26,3,1.0,Single tree,A,isolated,1
B,16586,14.89,1,1.0,Single tree,E,roadside,2
B,16599,13.69,1,3.0,Many trees of the same species,E,roadside,1
B,16619,20.51,1,1.0,Single tree,A,isolated,2
B,16620,14.98,1,1.0,Single tree,C,co-dominant,1
B,16621,5.85,1,1.0,Single tree,C,co-dominant,1
B,16641,11.52,1,1.0,Single tree,E,roadside,1
B,16693,5.37,1,1.0,Single tree,A,isolated,1
B,16726,19.93,3,1.0,Single tree,E,roadside,1
B,16727,18.83,3,3.0,Many trees of the same species,E,roadside,2
B,16728,17.31,3,1.0,Single tree,E,roadside,1
B,16736,21.51,3,2.0,Large tree with undergrowth,B,dominant,2
B,16773,12.52,1,1.0,Single tree,E,roadside,0
B,16804,17.2,5,1.0,Single tree,C,co-dominant,0
B,16838,20.93,2,1.0,Single tree,C,co-dominant,1
B,16842,14.5,1,1.0,Single tree,E,roadside,2
B,16863,12.42,7,4.0,Tree section,A,isolated,2
B,16865,20.55,2,1.0,Single tree,C,co-dominant,2
B,16866,21.98,3,1.0,Single tree,C,co-dominant,2
B,16882,19.41,1,1.0,Single tree,A,isolated,1
B,16893,12.53,7,4.0,Tree section,A,isolated,1
B,16945,17.93,3,2.0,Large tree with undergrowth,C,co-dominant,1
B,16952,22.82,2,1.0,Single tree,C,co-dominant,1
B,16970,22.48,3,1.0,Single tree,B,dominant,2
B,16990,17.94,1,1.0,Single tree,C,co-dominant,2
B,16991,18.77,2,1.0,Single tree,B,dominant,1
B,17058,23.16,1,2.0,Large tree with undergrowth,A,isolated,1
B,17066,23.56,3,3.1,Many trees of many species,C,co-dominant,1
B,17100,21.69,3,2.0,Large tree with undergrowth,B,dominant,1
B,17102,17.31,5,1.0,Single tree,C,co-dominant,2
B,17114,16.6,3,1.0,Single tree,B,dominant,2
B,17159,15.65,3,1.0,Single tree,C,co-dominant,1
B,17177,14.01,7,3.1,Many trees of many species,C,co-dominant,1
B,17188,14.88,3,1.0,Single tree,A,isolated,1
B,17214,23.43,3,4.0,Tree section,C,co-dominant,1
B,17226,9.04,4,1.0,Single tree,A,isolated,2
B,17230,9.94,4,1.0,Single tree,A,isolated,1
B,17277,20.41,5,4.0,Tree section,B,dominant,1
B,17327,8.55,4,1.0,Single tree,C,co-dominant,1
B,17344,24.91,5,3.0,Many trees of the same species,B,dominant,2
B,17357,14.94,3,1.0,Single tree,C,co-dominant,1
B,17387,25.82,3,1.0,Single tree,B,dominant,1
B,17433,8.66,3,1.0,Single tree,C,co-dominant,0
B,17441,19.07,5,2.0,Large tree with undergrowth,C,co-dominant,1
B,17454,19.48,3,2.0,Large tree with undergrowth,E,roadside,1
B,17456,15.75,5,1.0,Single tree,C,co-dominant,0
B,17473,24.38,2,1.0,Single tree,B,dominant,1
B,17512,19.9,3,4.0,Tree section,E,roadside,1
B,17523,6.63,7,1.0,Single tree,C,co-dominant,1
B,17569,11.72,2,1.0,Single tree,C,co-dominant,1
B,17581,18.7,1,1.0,Single tree,A,isolated,2
B,17587,19.75,2,1.0,Single tree,B,dominant,0
B,17589,11.53,7,1.0,Single tree,C,co-dominant,1
B,17608,16.37,5,1.0,Single tree,C,co-dominant,1
B,17610,6.28,4,4.0,Tree section,A,isolated,2
B,17614,16.9,1,2.0,Large tree with undergrowth,A,isolated,1
B,17634,14.4,4,1.0,Single tree,C,co-dominant,1
B,17661,13.47,1,1.0,Single tree,E,roadside,2
B,17685,13.04,2,1.0,Single tree,C,co-dominant,1
B,17706,19.17,3,2.0,Large tree with undergrowth,A,isolated,0
B,17719,14.85,3,3.0,Many trees of the same species,E,roadside,2
B,17747,15.95,1,1.0,Single tree,B,dominant,1
B,17828,15.51,1,1.0,Single tree,C,co-dominant,1
B,17852,25.12,1,3.0,Many trees of the same species,C,co-dominant,1
B,17883,22.72,3,1.0,Single tree,E,roadside,1
B,17924,16.14,5,1.0,Single tree,B,dominant,1
B,17940,22.96,3,2.0,Large tree with undergrowth,C,co-dominant,2
B,17956,20.26,3,1.0,Single tree,B,dominant,1
B,18009,23.19,2,1.0,Single tree,A,isolated,1
B,18010,24.08,2,1.0,Single tree,C,co-dominant,0
B,18032,6.92,4,1.0,Single tree,B,dominant,0
B,18044,10.03,6,1.0,Single tree,E,roadside,1
B,18047,19.06,3,1.0,Single tree,C,co-dominant,2
B,18079,23.62,1,2.0,Large tree with undergrowth,C,co-dominant,1
B,18094,11.76,1,1.0,Single tree,C,co-dominant,1
B,18117,21.21,3,1.0,Single tree,A,isolated,0
B,18118,23.94,1,2.0,Large tree with undergrowth,B,dominant,0
B,18131,22.54,3,1.0,Single tree,E,roadside,1
B,18146,15.89,2,3.0,Many trees of the same species,B,dominant,1
B,18202,20.55,3,1.0,Single tree,C,co-dominant,1
B,18204,19.49,3,1.0,Single tree,B,dominant,2
B,18236,18.32,5,1.0,Single tree,B,dominant,0
B,18259,18.69,3,1.0,Single tree,B,dominant,2
B,18269,22.09,1,2.0,Large tree with undergrowth,A,isolated,2
B,18280,16.08,3,4.0,Tree section,E,roadside,0
B,18295,12.39,7,1.0,Single tree,C,co-dominant,1
B,18297,23.87,3,3.1,Many trees of many species,B,dominant,1
B,18300,16.72,5,1.0,Single tree,C,co-dominant,1
B,18311,21.2,1,1.0,Single tree,B,dominant,1
B,18325,5.88,6,1.0,Single tree,D,smaller tree next to larger tree,0
B,18344,17.95,5,3.1,Many trees of many species,A,isolated,0
B,18351,22.96,2,3.0,Many trees of the same species,E,roadside,1
B,18354,16.28,5,1.0,Single tree,C,co-dominant,1
B,18360,18.42,3,1.0,Single tree,C,co-dominant,1
B,18383,11.37,7,1.0,Single tree,E,roadside,0
B,18385,19.76,1,1.0,Single tree,C,co-dominant,0
B,18397,23.99,3,2.0,Large tree with undergrowth,B,dominant,2
B,18411,23.81,3,1.0,Single tree,B,dominant,1
B,18443,8.15,4,3.1,Many trees of many species,C,co-dominant,1
B,18445,20.05,1,4.0,Tree section,B,dominant,1
B,18449,19.19,3,1.0,Single tree,C,co-dominant,1
B,18464,18.59,3,1.0,Single tree,D,smaller tree next to larger tree,1
B,18486,24.73,3,1.0,Single tree,B,dominant,1
B,18497,20.67,1,4.0,Tree section,B,dominant,0
B,18498,22.21,5,1.0,Single tree,C,co-dominant,1
B,18507,16.3,1,1.0,Single tree,C,co-dominant,1
B,18528,15.29,3,4.0,Tree section,C,co-dominant,0
B,18533,23.07,3,1.0,Single tree,B,dominant,2
B,18557,22.1,2,3.1,Many trees of many species,B,dominant,1
B,18564,14.29,3,1.0,Single tree,A,isolated,1
B,18567,8.15,6,3.1,Many trees of many species,E,roadside,0
B,18604,9.58,4,1.0,Single tree,B,dominant,1
B,18607,18.06,5,3.1,Many trees of many species,C,co-dominant,1
B,18613,22.86,2,1.0,Single tree,C,co-dominant,0
B,18631,20.21,3,1.0,Single tree,B,dominant,1
B,18715,17.54,3,1.0,Single tree,E,roadside,0
B,18718,17.03,2,1.0,Single tree,C,co-dominant,1
B,18729,13.99,2,3.1,Many trees of many species,A,isolated,1
B,18747,23.87,3,1.0,Single tree,B,dominant,1
B,18768,25.01,3,2.0,Large tree with undergrowth,A,isolated,1
B,18824,22.77,2,1.0,Single tree,E,roadside,0
B,18825,16.75,3,3.1,Many trees of many species,B,dominant,1
B,18826,23.23,3,2.0,Large tree with undergrowth,B,dominant,1
B,18827,8.36,1,1.0,Single tree,B,dominant,2
B,18828,22.37,3,1.0,Single tree,C,co-dominant,1
B,18857,21.44,5,3.1,Many trees of many species,C,co-dominant,0
B,18858,20.17,3,1.0,Single tree,B,dominant,1
B,18889,21.8,3,1.0,Single tree,C,co-dominant,1
B,18918,22.36,2,1.0,Single tree,E,roadside,0
B,18919,17.78,1,1.0,Single tree,B,dominant,1
B,18932,22.77,3,1.0,Single tree,C,co-dominant,2
B,18933,19.9,5,1.0,Single tree,C,co-dominant,1
B,18954,7.72,4,1.0,Single tree,B,dominant,1
B,18955,18.93,3,3.0,Many trees of the same species,C,co-dominant,2
B,18986,16.04,1,1.0,Single tree,C,co-dominant,1
B,18997,15.63,5,1.0,Single tree,D,smaller tree next to larger tree,0
B,19000,19.67,2,3.0,Many trees of the same species,C,co-dominant,1
B,19020,20.0,1,4.0,Tree section,C,co-dominant,1
B,19021,22.88,3,2.0,Large tree with undergrowth,C,co-dominant,2
B,19031,23.6,2,1.0,Single tree,E,roadside,1
B,19034,21.75,3,1.0,Single tree,C,co-dominant,0
B,19035,15.9,5,3.0,Many trees of the same species,C,co-dominant,1
B,19046,6.66,4,1.0,Single tree,C,co-dominant,1
B,19058,20.31,5,1.0,Single tree,C,co-dominant,1
B,19108,20.69,3,3.0,Many trees of the same species,C,co-dominant,1
B,19134,20.3,2,1.0,Single tree,E,roadside,1
B,19135,16.18,2,1.0,Single tree,C,co-dominant,1
B,19155,21.33,3,1.0,Single tree,C,co-dominant,1
B,19167,22.93,1,3.0,Many trees of the same species,B,dominant,0
B,19180,22.36,3,2.0,Large tree with undergrowth,B,dominant,1
B,19181,20.68,2,3.0,Many trees of the same species,C,co-dominant,1
B,19195,14.86,1,1.0,Single tree,C,co-dominant,1
B,19205,11.7,1,1.0,Single tree,C,co-dominant,2
B,19211,8.04,4,1.0,Single tree,E,roadside,2
B,19220,20.08,1,1.0,Single tree,C,co-dominant,0
B,19230,21.84,2,1.0,Single tree,B,dominant,2
B,19241,15.78,1,4.0,Tree section,B,dominant,1
B,19244,6.08,4,1.0,Single tree,C,co-dominant,1
B,19274,20.36,3,4.0,Tree section,C,co-dominant,1
B,19280,17.46,1,1.0,Single tree,B,dominant,0
B,19282,19.92,3,4.0,Tree section,C,co-dominant,1
B,19313,24.09,2,2.0,Large tree with undergrowth,E,roadside,1
B,19314,15.7,1,3.0,Many trees of the same species,C,co-dominant,1
B,19317,17.41,3,1.0,Single tree,C,co-dominant,1
B,19332,21.18,2,1.0,Single tree,C,co-dominant,1
B,19348,21.03,3,1.0,Single tree,C,co-dominant,1
B,19349,18.91,3,4.0,Tree section,C,co-dominant,1
B,19350,21.39,1,1.0,Single tree,C,co-dominant,1
B,19352,23.97,3,1.0,Single tree,B,dominant,1
B,19363,21.88,2,1.0,Single tree,B,dominant,2
B,19399,9.12,4,1.0,Single tree,B,dominant,1
B,19401,21.45,1,1.0,Single tree,C,co-dominant,1
B,19413,7.01,4,1.0,Single tree,E,roadside,1
B,19414,18.6,3,2.0,Large tree with undergrowth,C,co-dominant,2
B,19415,14.87,5,1.0,Single tree,C,co-dominant,1
B,19431,13.14,1,1.0,Single tree,B,dominant,1
B,19432,15.59,1,2.0,Large tree with undergrowth,C,co-dominant,2
B,19434,15.88,5,3.0,Many trees of the same species,B,dominant,1
B,19435,21.69,1,1.0,Single tree,C,co-dominant,1
B,19450,15.62,5,1.0,Single tree,C,co-dominant,1
B,19467,22.0,2,1.0,Single tree,B,dominant,1
B,19484,9.85,4,1.0,Single tree,C,co-dominant,0
B,19528,21.26,1,1.0,Single tree,B,dominant,1
B,19568,14.64,5,1.0,Single tree,C,co-dominant,1
B,19592,7.82,4,1.0,Single tree,E,roadside,1
B,19593,19.44,5,2.0,Large tree with undergrowth,B,dominant,1
B,19597,19.43,3,3.0,Many trees of the same species,E,roadside,1
B,19608,19.3,2,1.0,Single tree,B,dominant,0
B,19656,20.08,3,1.0,Single tree,E,roadside,1
B,19660,28.35,2,1.0,Single tree,B,dominant,1
B,19678,19.69,5,1.0,Single tree,C,co-dominant,0
B,19681,18.36,2,3.0,Many trees of the same species,E,roadside,1
B,19687,17.37,1,2.0,Large tree with undergrowth,B,dominant,1
B,19689,19.53,3,1.0,Single tree,B,dominant,0
B,19702,16.99,4,4.0,Tree section,C,co-dominant,1
B,19704,17.92,3,3.0,Many trees of the same species,E,roadside,1
B,19711,17.07,1,1.0,Single tree,A,isolated,1
B,19712,16.99,3,1.0,Single tree,C,co-dominant,2
B,19733,14.37,3,3.0,Many trees of the same species,E,roadside,2
B,19757,16.06,1,2.0,Large tree with undergrowth,C,co-dominant,1
B,19776,18.15,1,1.0,Single tree,B,dominant,2
B,19779,17.44,1,3.1,Many trees of many species,C,co-dominant,2
B,19780,16.87,3,1.0,Single tree,C,co-dominant,1
B,19791,18.76,3,1.0,Single tree,B,dominant,1
B,19796,19.17,3,1.0,Single tree,C,co-dominant,0
B,19872,8.71,4,1.0,Single tree,E,roadside,2
B,19874,18.35,1,1.0,Single tree,C,co-dominant,1
B,19875,27.23,2,1.0,Single tree,C,co-dominant,1
B,19889,7.14,4,1.0,Single tree,E,roadside,1
B,19904,17.83,1,3.1,Many trees of many species,C,co-dominant,1
B,19932,18.29,2,1.0,Single tree,C,co-dominant,1
B,19933,14.94,1,2.0,Large tree with undergrowth,C,co-dominant,1
B,19934,16.97,1,3.0,Many trees of the same species,C,co-dominant,1
B,19954,16.35,5,4.0,Tree section,C,co-dominant,1
B,19996,19.87,2,1.0,Single tree,C,co-dominant,2
B,19997,20.78,1,1.0,Single tree,B,dominant,2
B,20011,6.32,4,4.0,Tree section,E,roadside,2
B,20025,23.48,3,1.0,Single tree,B,dominant,1
B,20062,27.12,2,1.0,Single tree,C,co-dominant,1
B,20087,19.81,3,1.0,Single tree,B,dominant,1
B,20107,17.27,3,4.0,Tree section,C,co-dominant,2
B,20108,18.17,2,3.1,Many trees of many species,C,co-dominant,2
B,20138,9.32,4,1.0,Single tree,E,roadside,1
B,20141,20.43,1,3.0,Many trees of the same species,C,co-dominant,1
B,20158,17.87,1,4.0,Tree section,C,co-dominant,1
B,20173,25.08,2,1.0,Single tree,B,dominant,1
B,20212,18.87,3,1.0,Single tree,C,co-dominant,1
B,20213,22.71,1,1.0,Single tree,C,co-dominant,0
B,20215,26.52,9,3.0,Many trees of the same species,B,dominant,0
B,20229,28.01,2,1.0,Single tree,B,dominant,2
B,20255,19.34,2,4.0,Tree section,C,co-dominant,2
B,20288,15.03,3,1.0,Single tree,C,co-dominant,1
B,20303,13.17,1,1.0,Single tree,B,dominant,2
B,20333,18.2,3,2.0,Large tree with undergrowth,C,co-dominant,2
B,20350,8.64,6,1.0,Single tree,A,isolated,1
B,20351,13.0,1,4.0,Tree section,C,co-dominant,1
B,20383,24.0,1,1.0,Single tree,C,co-dominant,1
B,20401,18.78,1,1.0,Single tree,B,dominant,1
B,20415,16.3,2,1.0,Single tree,E,roadside,1
B,20459,17.71,1,3.1,Many trees of many species,C,co-dominant,1
B,20460,24.81,9,1.0,Single tree,C,co-dominant,1
B,20543,21.23,3,1.0,Single tree,A,isolated,2
B,20545,19.7,2,1.0,Single tree,C,co-dominant,1
B,20561,15.23,1,1.0,Single tree,C,co-dominant,0
B,20583,20.02,3,1.0,Single tree,A,isolated,1
B,20587,19.71,3,1.0,Single tree,B,dominant,1
B,20640,23.46,2,1.0,Single tree,B,dominant,1
B,20641,21.13,2,1.0,Single tree,C,co-dominant,1
B,20642,18.01,1,1.0,Single tree,C,co-dominant,1
B,20663,11.73,2,1.0,Single tree,A,isolated,0
B,20665,21.44,3,1.0,Single tree,B,dominant,0
B,20681,7.59,4,1.0,Single tree,B,dominant,1
B,20702,14.02,3,3.1,Many trees of many species,E,roadside,1
B,20716,7.85,6,1.0,Single tree,A,isolated,2
B,20720,17.76,2,1.0,Single tree,C,co-dominant,1
B,20747,7.0,4,4.0,Tree section,C,co-dominant,1
B,20748,21.4,2,1.0,Single tree,C,co-dominant,1
B,20749,16.41,1,2.0,Large tree with undergrowth,A,isolated,1
B,20758,13.92,3,1.0,Single tree,E,roadside,1
B,20762,21.51,3,4.0,Tree section,B,dominant,1
B,20776,20.61,3,1.0,Single tree,C,co-dominant,1
B,20805,21.37,3,1.0,Single tree,C,co-dominant,1
B,20826,25.45,3,1.0,Single tree,B,dominant,1
B,20837,16.51,3,1.0,Single tree,C,co-dominant,2
B,20882,6.23,6,1.0,Single tree,B,dominant,1
B,20884,19.73,3,1.0,Single tree,C,co-dominant,1
B,20923,17.12,3,2.0,Large tree with undergrowth,C,co-dominant,1
B,20924,19.28,3,1.0,Single tree,C,co-dominant,1
B,20938,20.33,3,1.0,Single tree,B,dominant,2
B,20982,22.92,2,1.0,Single tree,B,dominant,0
B,20983,23.77,3,1.0,Single tree,C,co-dominant,1
B,20990,13.02,2,1.0,Single tree,D,smaller tree next to larger tree,1
B,21032,23.09,3,1.0,Single tree,C,co-dominant,1
B,21123,18.23,3,1.0,Single tree,C,co-dominant,1
B,21143,19.88,1,1.0,Single tree,B,dominant,1
B,21168,21.27,3,1.0,Single tree,B,dominant,1
B,21213,19.54,1,1.0,Single tree,C,co-dominant,1
B,21266,19.28,3,2.0,Large tree with undergrowth,C,co-dominant,0
B,21298,25.54,3,1.0,Single tree,B,dominant,1
B,21301,17.88,3,1.0,Single tree,C,co-dominant,2
B,21317,21.11,2,1.0,Single tree,B,dominant,1
B,21318,16.07,1,1.0,Single tree,C,co-dominant,1
B,21334,23.71,3,1.0,Single tree,C,co-dominant,1
B,21359,18.11,3,1.0,Single tree,C,co-dominant,1
B,21406,18.03,3,1.0,Single tree,C,co-dominant,1
B,21418,16.11,1,1.0,Single tree,C,co-dominant,1
B,21433,17.99,5,1.0,Single tree,C,co-dominant,1
B,21434,20.36,3,1.0,Single tree,C,co-dominant,1
B,21435,19.88,3,1.0,Single tree,C,co-dominant,0
B,21474,17.71,3,1.0,Single tree,C,co-dominant,1
B,21475,19.47,3,2.0,Large tree with undergrowth,C,co-dominant,1
B,21485,11.7,3,1.0,Single tree,E,roadside,1
B,21530,11.66,3,1.0,Single tree,E,roadside,1
B,21565,12.86,3,1.0,Single tree,E,roadside,1
B,21661,15.64,3,1.0,Single tree,E,roadside,1
B,21665,22.42,3,2.0,Large tree with undergrowth,C,co-dominant,2
B,21704,23.06,3,1.0,Single tree,C,co-dominant,1
B,21788,14.63,3,1.0,Single tree,E,roadside,1
B,21790,24.97,2,2.0,Large tree with undergrowth,C,co-dominant,1
B,21975,14.99,2,1.0,Single tree,B,dominant,1
B,22015,21.19,3,1.0,Single tree,A,isolated,1
B,22057,20.88,3,1.0,Single tree,C,co-dominant,1
B,22109,8.23,1,1.0,Single tree,C,co-dominant,1
B,22125,16.33,3,1.0,Single tree,B,dominant,1
B,22126,7.42,1,1.0,Single tree,C,co-dominant,2
B,22192,16.33,3,1.0,Single tree,C,co-dominant,1
B,22205,5.29,1,1.0,Single tree,C,co-dominant,1
B,22239,9.21,1,2.0,Large tree with undergrowth,B,dominant,1
B,22281,23.82,3,1.0,Single tree,A,isolated,1
B,22282,23.58,3,2.0,Large tree with undergrowth,A,isolated,2
B,22298,11.41,4,1.0,Single tree,C,co-dominant,0
B,22309,8.39,3,1.0,Single tree,C,co-dominant,1
B,22415,27.53,2,3.0,Many trees of the same species,B,dominant,1
B,22429,16.34,1,1.0,Single tree,C,co-dominant,2
B,22430,13.8,3,1.0,Single tree,C,co-dominant,1
B,22448,5.29,6,1.0,Single tree,A,isolated,2
B,22461,15.75,5,1.0,Single tree,A,isolated,1
B,22512,16.84,1,1.0,Single tree,C,co-dominant,1
B,22574,27.83,2,1.0,Single tree,C,co-dominant,1
B,22575,21.06,3,3.1,Many trees of many species,B,dominant,0
B,22587,21.25,1,1.0,Single tree,E,roadside,0
B,22599,20.71,3,1.0,Single tree,C,co-dominant,1
B,22643,24.06,3,4.0,Tree section,C,co-dominant,1
B,22659,20.22,1,1.0,Single tree,C,co-dominant,0
B,22660,6.84,6,1.0,Single tree,C,co-dominant,1
B,22697,20.54,1,1.0,Single tree,B,dominant,1
B,22719,23.8,3,1.0,Single tree,C,co-dominant,1
B,22759,20.15,5,1.0,Single tree,E,roadside,0
B,22776,25.93,3,1.0,Single tree,C,co-dominant,1
B,22804,21.8,3,1.0,Single tree,C,co-dominant,2
B,22818,26.8,3,1.0,Single tree,B,dominant,1
B,22842,20.64,3,1.0,Single tree,C,co-dominant,0
B,22844,19.64,5,1.0,Single tree,E,roadside,1
B,22853,27.17,3,3.1,Many trees of many species,B,dominant,0
B,22857,22.54,9,3.1,Many trees of many species,C,co-dominant,2
B,22906,14.0,5,1.0,Single tree,A,isolated,1
B,22941,6.58,1,1.0,Single tree,C,co-dominant,0
B,22959,21.49,3,1.0,Single tree,C,co-dominant,1
B,22973,25.01,3,2.0,Large tree with undergrowth,C,co-dominant,1
B,22980,15.83,3,1.0,Single tree,E,roadside,0
B,23011,15.04,5,1.0,Single tree,E,roadside,1
B,23020,26.05,2,1.0,Single tree,C,co-dominant,1
B,23062,26.8,2,1.0,Single tree,C,co-dominant,1
B,23081,16.81,3,1.0,Single tree,D,smaller tree next to larger tree,1
B,23117,20.0,9,4.0,Tree section,C,co-dominant,1
B,23142,13.51,5,1.0,Single tree,E,roadside,0
B,23172,23.16,1,1.0,Single tree,B,dominant,0
B,23195,13.8,5,1.0,Single tree,E,roadside,2
B,23209,23.46,3,1.0,Single tree,C,co-dominant,2
B,23228,22.39,3,1.0,Single tree,B,dominant,1
B,23230,21.77,3,1.0,Single tree,C,co-dominant,1
B,23323,18.51,3,1.0,Single tree,E,roadside,2
B,23342,21.28,3,1.0,Single tree,C,co-dominant,1
B,23361,22.27,3,1.0,Single tree,C,co-dominant,2
B,23407,16.47,2,1.0,Single tree,E,roadside,2
B,23422,13.66,3,1.0,Single tree,C,co-dominant,1
B,23448,17.26,3,1.0,Single tree,E,roadside,1
B,23461,25.2,1,1.0,Single tree,B,dominant,1
B,23612,17.39,1,1.0,Single tree,C,co-dominant,1
B,23650,22.94,1,1.0,Single tree,C,co-dominant,2
B,23673,13.77,2,1.0,Single tree,D,smaller tree next to larger tree,1
B,23674,22.99,1,1.0,Single tree,C,co-dominant,0
B,23709,22.06,3,2.0,Large tree with undergrowth,A,isolated,1
B,23712,18.91,1,2.0,Large tree with undergrowth,C,co-dominant,2
B,23734,26.53,2,1.0,Single tree,B,dominant,2
B,23769,18.6,9,1.0,Single tree,A,isolated,1
B,23804,19.25,1,1.0,Single tree,C,co-dominant,1
B,23835,18.15,1,1.0,Single tree,C,co-dominant,1
B,23852,18.77,1,1.0,Single tree,B,dominant,1
B,23853,17.92,1,2.0,Large tree with undergrowth,C,co-dominant,1
B,23967,18.02,1,1.0,Single tree,B,dominant,1
B,24002,19.65,1,1.0,Single tree,C,co-dominant,1
B,24131,23.08,1,3.1,Many trees of many species,B,dominant,2
B,24409,22.54,3,1.0,Single tree,C,co-dominant,2
B,24411,16.72,1,2.0,Large tree with undergrowth,A,isolated,0
B,24452,23.51,1,1.0,Single tree,C,co-dominant,1
B,24618,22.66,3,2.0,Large tree with undergrowth,C,co-dominant,1
B,24656,22.81,3,1.0,Single tree,B,dominant,2
B,24717,22.33,3,1.0,Single tree,C,co-dominant,1
B,24901,13.85,2,1.0,Single tree,C,co-dominant,1
B,24930,22.95,2,1.0,Single tree,C,co-dominant,1
B,25002,22.64,3,3.1,Many trees of many species,A,isolated,0
B,25233,15.77,1,1.0,Single tree,C,co-dominant,1
B,25273,17.1,1,3.0,Many trees of the same species,C,co-dominant,2
B,25324,16.24,1,1.0,Single tree,C,co-dominant,0
B,25328,12.62,2,1.0,Single tree,C,co-dominant,1
B,25343,23.49,3,2.0,Large tree with undergrowth,B,dominant,1
B,25366,16.17,1,1.0,Single tree,C,co-dominant,2
B,25368,17.31,5,1.0,Single tree,C,co-dominant,1
B,25384,19.95,5,1.0,Single tree,C,co-dominant,2
B,25385,18.31,3,1.0,Single tree,A,isolated,0
B,25404,22.05,2,1.0,Single tree,B,dominant,1
B,25406,13.16,2,3.0,Many trees of the same species,B,dominant,1
B,25428,6.27,1,1.0,Single tree,D,smaller tree next to larger tree,0
B,25538,17.58,1,1.0,Single tree,C,co-dominant,1
B,25567,15.9,1,1.0,Single tree,C,co-dominant,0
B,25568,15.76,1,1.0,Single tree,C,co-dominant,2
B,25601,17.82,1,3.0,Many trees of the same species,C,co-dominant,2
B,25604,18.15,5,1.0,Single tree,C,co-dominant,0
B,25623,25.76,2,1.0,Single tree,C,co-dominant,1
B,25624,13.69,5,1.0,Single tree,C,co-dominant,2
B,25642,17.94,1,1.0,Single tree,C,co-dominant,2
B,25643,16.53,1,1.0,Single tree,C,co-dominant,0
B,25764,20.98,5,1.0,Single tree,C,co-dominant,0
B,25784,15.41,1,1.0,Single tree,C,co-dominant,2
B,25787,14.31,2,1.0,Single tree,C,co-dominant,1
B,25823,22.31,3,1.0,Single tree,C,co-dominant,0
B,25861,21.9,1,2.0,Large tree with undergrowth,A,isolated,1
B,25905,22.96,1,1.0,Single tree,C,co-dominant,0
B,26335,16.74,3,1.0,Single tree,A,isolated,1
B,26418,22.39,3,1.0,Single tree,C,co-dominant,0
B,26440,23.12,1,1.0,Single tree,B,dominant,2
B,26444,12.47,5,1.0,Single tree,B,dominant,1
B,26529,12.01,5,1.0,Single tree,C,co-dominant,1
B,27032,19.89,2,1.0,Single tree,B,dominant,0
